0,0,0Hwz8ghAfQbv0llXvMwdkbsFWAg=,az5VC/g70sRKT7sjd4qGXpYOOh4=
0,1,0Hwz8ghAfQbv0llXvMwdkbsFWAg=,OcuZT6KZuhmQeBONHFTsFU3gp9M=
0,2,0Hwz8ghAfQbv0llXvMwdkbsFWAg=,oGitWQyCdZJpy2r3t1mcdDjshLQ=
0,3,0Hwz8ghAfQbv0llXvMwdkbsFWAg=,SNHveW4SGiSLh73ZWq+Ei5+Ls/w=
0,4,0Hwz8ghAfQbv0llXvMwdkbsFWAg=,o4slbGHOD8RYua6geUi6ntt8E0o=
0,5,0Hwz8ghAfQbv0llXvMwdkbsFWAg=,sv3+EjqwjsRS2wdXH/tDcXOdBX0=
0,6,0Hwz8ghAfQbv0llXvMwdkbsFWAg=,T37TaLBssicubQt3XN6fS/+ocgk=
0,7,0Hwz8ghAfQbv0llXvMwdkbsFWAg=,awo/joKh0cjd1hjbQPaUhtZMDUU=
0,8,0Hwz8ghAfQbv0llXvMwdkbsFWAg=,GK4nCNzhf0updqSUcQuB+lNzO2c=
0,9,0Hwz8ghAfQbv0llXvMwdkbsFWAg=,MCCKOEm2wm39ozCyALhO2AzITZs=
0,10,0Hwz8ghAfQbv0llXvMwdkbsFWAg=,a9u578CjdIDClQm5a1M3GjfP2Cs=
0,11,HF0tGO9v2lzWpj+mxQnRI0e+Jyo=,WysVnTDMcqmd/qoyan/hltLbDLM=
0,12,HF0tGO9v2lzWpj+mxQnRI0e+Jyo=,egzg8miMyy4zgaF6xJuYpIK4mJQ=
0,13,HF0tGO9v2lzWpj+mxQnRI0e+Jyo=,QbC8FjgvHQxmN/MY7lkGuXdsKQo=
0,14,HF0tGO9v2lzWpj+mxQnRI0e+Jyo=,nJkLjQjhvrbMXo9t1jCatU6TdMI=
0,15,HF0tGO9v2lzWpj+mxQnRI0e+Jyo=,kZh4Xu1gDUbRoRqKXQ+b/s7u1qw=
0,16,HF0tGO9v2lzWpj+mxQnRI0e+Jyo=,rp2Qqe1wQ1gk0LwHH6JPNJKqA68=
0,17,HF0tGO9v2lzWpj+mxQnRI0e+Jyo=,u69x6G2MxKKP/HU8yc9XWiLOujM=
0,18,HF0tGO9v2lzWpj+mxQnRI0e+Jyo=,Rin0vWKH6vSIqEt2Ct2v8O2oUr8=
0,19,HF0tGO9v2lzWpj+mxQnRI0e+Jyo=,E5tHp1ecA1IhjxsEzceUtj1D6Xs=
0,20,HF0tGO9v2lzWpj+mxQnRI0e+Jyo=,KZqiOVLHMrUVZzs8LkqdBXQ426k=
0,21,HF0tGO9v2lzWpj+mxQnRI0e+Jyo=,pNh/aFUeLZ568fOQ2UJetsK6k7s=
0,22,HF0tGO9v2lzWpj+mxQnRI0e+Jyo=,Dxcue8vAYYrPuzqiAWvEWNCRQwk=
0,23,HF0tGO9v2lzWpj+mxQnRI0e+Jyo=,4NYcC3E96xaev4NjdWibjNaGnSk=
0,24,HF0tGO9v2lzWpj+mxQnRI0e+Jyo=,5zNjWVQBxFigiSiwwfaEkL/uo74=
0,25,HF0tGO9v2lzWpj+mxQnRI0e+Jyo=,R5dAzscaa5Dsdg+YuDgWicmG0Zc=
0,26,HF0tGO9v2lzWpj+mxQnRI0e+Jyo=,Tvz9/zKgoEIQqpOBDLw+WdW2fsI=
0,27,HF0tGO9v2lzWpj+mxQnRI0e+Jyo=,iQHp3Ev3JCz5fJmTanCKFP1AKTI=
0,28,HF0tGO9v2lzWpj+mxQnRI0e+Jyo=,0yIX34a9jEU+yqcKvRuGPRfFNeA=
0,29,HF0tGO9v2lzWpj+mxQnRI0e+Jyo=,rO/qoVdsjrIEvSd3Ff+iZ4pIKBI=
0,30,HF0tGO9v2lzWpj+mxQnRI0e+Jyo=,jkiRNlyF5Bsl5mozIVCsbYUvOVA=
0,31,HF0tGO9v2lzWpj+mxQnRI0e+Jyo=,894WCuNiqnW7oCo/XgwlDpndfSY=
1,1,HF0tGO9v2lzWpj+mxQnRI0e+Jyo=,QJ9tRsMX2Io9GXh87CrpdmPXn3A=
1,0,HF0tGO9v2lzWpj+mxQnRI0e+Jyo=,CEfzGB0RdrPcXFTXGUixRwDaJcQ=
1,3,HF0tGO9v2lzWpj+mxQnRI0e+Jyo=,OrGntuAmIbRzkEBeYNt82BPdhb0=
1,2,HF0tGO9v2lzWpj+mxQnRI0e+Jyo=,tLAmqyTC5IO9ykWwjk1o9SKdaqQ=
1,5,sOjhNzs5hVWEZ194snioy4mhJ1o=,OrGntuAmIbRzkEBeYNt82BPdhb0=
1,4,sOjhNzs5hVWEZ194snioy4mhJ1o=,GP6ak6xFNnv/NdHzZHOZArQ17Yg=
1,7,sOjhNzs5hVWEZ194snioy4mhJ1o=,uDu5R3Z2zjxR+ANDOAkNu5KA/vk=
1,6,sOjhNzs5hVWEZ194snioy4mhJ1o=,2syEqcFl79S4xbOpyGbECIo1Pbs=
1,9,sOjhNzs5hVWEZ194snioy4mhJ1o=,hhIaYQPwtwM8hJhJNMZfQrIb+Mc=
1,8,sOjhNzs5hVWEZ194snioy4mhJ1o=,K9Cl8FldLaS0heWUY7Fx6oQlbuo=
1,11,sOjhNzs5hVWEZ194snioy4mhJ1o=,JMf6CE6y3DXnzP3AtqPLZnSAIcw=
1,10,sOjhNzs5hVWEZ194snioy4mhJ1o=,90RmQztiHNFa41YWc32y069FdWs=
1,13,sOjhNzs5hVWEZ194snioy4mhJ1o=,uHrSYVEYjIpaXl1KDxnKzP/Qecc=
1,12,sOjhNzs5hVWEZ194snioy4mhJ1o=,beCPnglsatlx+02QlCSgLtU/UIs=
1,15,sOjhNzs5hVWEZ194snioy4mhJ1o=,vd1pT9BM9AddcgPrbfwVgrYZjP0=
1,14,sOjhNzs5hVWEZ194snioy4mhJ1o=,teUwU99J5rVupvmK2mXUPlVKwgU=
1,17,sOjhNzs5hVWEZ194snioy4mhJ1o=,aA4ITgA/APKze3ZR5jVBuURhU30=
1,16,sOjhNzs5hVWEZ194snioy4mhJ1o=,O83GpI4dCAEbmjc9aBrbfvls2uY=
1,19,sOjhNzs5hVWEZ194snioy4mhJ1o=,w9mketiDGjeaa7rNCRu8ONvHvd8=
1,18,sOjhNzs5hVWEZ194snioy4mhJ1o=,pX0HZ0wxctF2L2bnlv251oScyPk=
1,21,sOjhNzs5hVWEZ194snioy4mhJ1o=,LMM0p1aNYqDp0f1tznaUOmijOF4=
1,20,sOjhNzs5hVWEZ194snioy4mhJ1o=,+8qGIXPE+sq4ohUIc9jvYw6DCVM=
1,23,BgJGRizy+wEgEtZptVlf2BBNBio=,zBRrAY/XQEEAAcZS2+Bz1dGWqjM=
1,22,BgJGRizy+wEgEtZptVlf2BBNBio=,vG+4jnT5BE+PzaEVQQSe/e18cbQ=
1,25,BgJGRizy+wEgEtZptVlf2BBNBio=,gC68DU+BU8oRKAf5CQ+cUMMfY3w=
1,24,BgJGRizy+wEgEtZptVlf2BBNBio=,OuFwZm89BxC59uagMT8jLTZXdyY=
1,27,BgJGRizy+wEgEtZptVlf2BBNBio=,TlsahUWkRdzS89Hlrow23IgXBDs=
1,26,BgJGRizy+wEgEtZptVlf2BBNBio=,pEcqo7vDf5BkzdHuQHrjEx7beyk=
1,29,BgJGRizy+wEgEtZptVlf2BBNBio=,o3xjd3O2+QQgCx198h4k27r06As=
1,28,BgJGRizy+wEgEtZptVlf2BBNBio=,KPuiV52/GhyD1+hmzZnO0qeEYyQ=
1,31,BgJGRizy+wEgEtZptVlf2BBNBio=,mPKlMl8M/07SbzMfTDD70LxvYkQ=
1,30,BgJGRizy+wEgEtZptVlf2BBNBio=,LBSIxFIsnsNf8p8NRZnBAgeU7pc=
2,2,BgJGRizy+wEgEtZptVlf2BBNBio=,wdvLJwAknozjqQOfUtQRmpticng=
2,3,BgJGRizy+wEgEtZptVlf2BBNBio=,sg3tgk2dXYUcGTTmj563DyCGiMM=
2,0,BgJGRizy+wEgEtZptVlf2BBNBio=,GGDMjjc2qWdJ+52BqMKb+9Twk2Q=
2,1,BgJGRizy+wEgEtZptVlf2BBNBio=,pwCr3FmGR4qxp1nC0HPZ7dKNgpA=
2,6,BgJGRizy+wEgEtZptVlf2BBNBio=,AweJPVYvyAUP8gHQ2K06EslfHVc=
2,7,BgJGRizy+wEgEtZptVlf2BBNBio=,ZsAGv07vLcuYYFJ9EaK9G2nCeSk=
2,4,qNYxTqFZSkjyELhUM2RPmbz277E=,NXeWUQMz9r20gYg8KHyrPoClvi8=
2,5,qNYxTqFZSkjyELhUM2RPmbz277E=,4XiTEM1Vz+zDCD7ydG0UTec8D88=
2,10,qNYxTqFZSkjyELhUM2RPmbz277E=,8Hp6cPIu0KoyIFYTTNEBsquwbGw=
2,11,qNYxTqFZSkjyELhUM2RPmbz277E=,GyKws1GJM9gJoyLExRimq5WS1xA=
2,8,qNYxTqFZSkjyELhUM2RPmbz277E=,Iw+lwL7O2bOaF68DCR+836qJvaU=
2,9,qNYxTqFZSkjyELhUM2RPmbz277E=,bFFtpnI/10ExCl9+DlIA1VIwtWs=
2,14,qNYxTqFZSkjyELhUM2RPmbz277E=,KHSaPKi+jiJi5qihdc7MPK/Kd9E=
2,15,qNYxTqFZSkjyELhUM2RPmbz277E=,i/bG3EjvbldNL/QmCAo9ICGYuRA=
2,12,qNYxTqFZSkjyELhUM2RPmbz277E=,EkG8w7D1VX3ztLnuWXqrkDocwL0=
2,13,qNYxTqFZSkjyELhUM2RPmbz277E=,D8EJvhaNVbVtn0xCAdGrQy/J72w=
2,18,qNYxTqFZSkjyELhUM2RPmbz277E=,IKytC3nlU0pK8IAQJQGDIrXKQjo=
2,19,qNYxTqFZSkjyELhUM2RPmbz277E=,nAcDy0CgSOh7oQAODN0RRbUI02E=
2,16,qNYxTqFZSkjyELhUM2RPmbz277E=,L/rslbVfd/5/2feT+EQtzJIUQ00=
2,17,qNYxTqFZSkjyELhUM2RPmbz277E=,66V7IBsAYMjXivbz1Dcfv6cREk0=
2,22,qNYxTqFZSkjyELhUM2RPmbz277E=,v8oSDxHLTPs1l/cyQzdAAcSmCDw=
2,23,qNYxTqFZSkjyELhUM2RPmbz277E=,LTDH/Dh0efHpj6Ck6bb9q+/3E3U=
2,20,qNYxTqFZSkjyELhUM2RPmbz277E=,MQOl8STF0sK3sxAs7+G+ykDHLF4=
2,21,wfu2gakypzJp7O1bZdWAsZV3H7k=,qnhB91G+0sU3FGdqFEdZIsIDE/g=
2,26,wfu2gakypzJp7O1bZdWAsZV3H7k=,xf6yb4VOrbVw5gH1xNhmRoHduD8=
2,27,wfu2gakypzJp7O1bZdWAsZV3H7k=,QBFfiqS3KG5rwHZQKyLXJq9MZTw=
2,24,wfu2gakypzJp7O1bZdWAsZV3H7k=,oemSnwGaXFt0JXizbB1JoTKU/cc=
2,25,wfu2gakypzJp7O1bZdWAsZV3H7k=,nWOtf5fX9hllC64jKJSsJ0aCSjw=
2,30,wfu2gakypzJp7O1bZdWAsZV3H7k=,T+wEzizFczjqjPfx2roYKw8A7vI=
2,31,wfu2gakypzJp7O1bZdWAsZV3H7k=,I+xKGQyzUkNHexRxSbsFCD+gYZI=
2,28,wfu2gakypzJp7O1bZdWAsZV3H7k=,MRu4i1sSqGW6FZgFTpj+YzHc28k=
2,29,wfu2gakypzJp7O1bZdWAsZV3H7k=,g1K6Cym9fyj2uvbl4KI1s5eQy28=
3,3,wfu2gakypzJp7O1bZdWAsZV3H7k=,PKe9XyrPnTUU6VyTLAgvNFvBJIo=
3,2,wfu2gakypzJp7O1bZdWAsZV3H7k=,3WIFiI1A4ShHqBdB9oPsSA/F18c=
3,1,wfu2gakypzJp7O1bZdWAsZV3H7k=,NZYh7ETMwEHCPHEJgBtDh+v6qcM=
3,0,wfu2gakypzJp7O1bZdWAsZV3H7k=,gx+rKLbI5BC8wIZSYLEAipRit2U=
3,7,wfu2gakypzJp7O1bZdWAsZV3H7k=,kdUkA2629eL7+oiUwX1GieGL1Hg=
3,6,wfu2gakypzJp7O1bZdWAsZV3H7k=,LvT3brjAjIPnxADK6/RKgELHkyY=
3,5,wfu2gakypzJp7O1bZdWAsZV3H7k=,u2AteUrDzhgQ+m80gGxhlllmClY=
3,4,/ug/cgh21UqlLwNn73ISoRX/9p4=,MzP4mzioMmS/Uo7dGXIdBs3S1qA=
3,11,/ug/cgh21UqlLwNn73ISoRX/9p4=,/ulHhHvOC+Gw+MwlQ7aoF91600s=
3,10,/ug/cgh21UqlLwNn73ISoRX/9p4=,8zDaBNIgbjQyNZlQqshwx1guOoE=
3,9,/ug/cgh21UqlLwNn73ISoRX/9p4=,0w1qiD8L7JSqUIMCI/QNm//e4rU=
3,8,/ug/cgh21UqlLwNn73ISoRX/9p4=,c0wKHf9Lg0WRlJLWtgYfyArwcg4=
3,15,/ug/cgh21UqlLwNn73ISoRX/9p4=,0jPljrK1lMaNdngPoEVDl17ZDdo=
3,14,/ug/cgh21UqlLwNn73ISoRX/9p4=,YaMsGolZFjDR3Nm/2Tpb+/gZmDo=
3,13,/ug/cgh21UqlLwNn73ISoRX/9p4=,3JfDGkDWHu6j7j/AA6KWj+gWgXE=
3,12,/ug/cgh21UqlLwNn73ISoRX/9p4=,bcHPZwg+RtCWEbIYRK7QZFxqmm4=
3,19,/ug/cgh21UqlLwNn73ISoRX/9p4=,J6X8m+n4rPp8KXkL0DboBxn1kRk=
3,18,/ug/cgh21UqlLwNn73ISoRX/9p4=,EqcKKUZ72OWbHs9eYkX4gAcdGHo=
3,17,/ug/cgh21UqlLwNn73ISoRX/9p4=,Sd6vfrxLCPVAVIfPdvaCnseYu8c=
3,16,/ug/cgh21UqlLwNn73ISoRX/9p4=,J4lvEzxonnVxCmI1HhlTWLnrEjg=
3,23,/ug/cgh21UqlLwNn73ISoRX/9p4=,Q4TGHskxWg4qmM10f9O6rcjqPIM=
3,22,/ug/cgh21UqlLwNn73ISoRX/9p4=,dxiK39TJOsYrnhdaHHmXJ3HH3PU=
3,21,lHxnqDYZAn8acAFhY8wrIeUTRgo=,RH/673YaVhDsnWtpyDZ45wBLnLk=
3,20,lHxnqDYZAn8acAFhY8wrIeUTRgo=,tuxH858Nd/jTTYyoz0avJ1myJgU=
3,27,lHxnqDYZAn8acAFhY8wrIeUTRgo=,9F+23zgZsDLv6Rl4PW8YI4vAUok=
3,26,lHxnqDYZAn8acAFhY8wrIeUTRgo=,pu86Al17JExrudjPlR0Glj3i/SY=
3,25,lHxnqDYZAn8acAFhY8wrIeUTRgo=,Haa2FO6IwJ1xfyJZjjLzRPBI404=
3,24,lHxnqDYZAn8acAFhY8wrIeUTRgo=,z1giAbbgFGnUwtVgwiYu8dHyyE0=
3,31,lHxnqDYZAn8acAFhY8wrIeUTRgo=,MQMPR+DuzyMvTtQVJDxLJlTklX8=
3,30,lHxnqDYZAn8acAFhY8wrIeUTRgo=,jW3acvCOZT1ai2W+X9ZO7K6w1ks=
3,29,lHxnqDYZAn8acAFhY8wrIeUTRgo=,+Bx1Ponpm9CRu3K/uESG0A0onLE=
3,28,lHxnqDYZAn8acAFhY8wrIeUTRgo=,z1giAbbgFGnUwtVgwiYu8dHyyE0=
4,4,lHxnqDYZAn8acAFhY8wrIeUTRgo=,v6nePW38Om8M7YJUWRgjRNYYyUg=
4,5,lHxnqDYZAn8acAFhY8wrIeUTRgo=,PBNGX/K5ZQfTmuj90FmgBqO41bw=
4,6,lHxnqDYZAn8acAFhY8wrIeUTRgo=,UsVsbdQq+jgsevgnBR53nvHi3fo=
4,7,lHxnqDYZAn8acAFhY8wrIeUTRgo=,k/GCccUvU0FD2pmrF2MY7neKwog=
4,0,lHxnqDYZAn8acAFhY8wrIeUTRgo=,cJsEr630YFdP5zg0xVhUPdQz1x4=
4,1,lHxnqDYZAn8acAFhY8wrIeUTRgo=,sAxNMYv3TtqHthFNMjYlCel9DHI=
4,2,lHxnqDYZAn8acAFhY8wrIeUTRgo=,eJTXi+teUZWHLvVy7S1gNPDvKHY=
4,3,lHxnqDYZAn8acAFhY8wrIeUTRgo=,3WIFiI1A4ShHqBdB9oPsSA/F18c=
4,12,lHxnqDYZAn8acAFhY8wrIeUTRgo=,mwJ5brIk1jjns/+/6mHfWXADurQ=
4,13,lHxnqDYZAn8acAFhY8wrIeUTRgo=,nX4Tm6HA/ain4ylTk60f9mqiwVI=
4,14,lHxnqDYZAn8acAFhY8wrIeUTRgo=,YqLWNxJ/eLIa2giRyxInO01rF54=
4,15,5TaGuYrMBP6FnK2+kylHqtsf+r4=,nTwNXRw2ekRlor15Nrluo6Q/uNA=
4,8,5TaGuYrMBP6FnK2+kylHqtsf+r4=,lerFlKZpqT2h0083CQdaHXFJCZo=
4,9,5TaGuYrMBP6FnK2+kylHqtsf+r4=,50WIGbmNaDi6hRcU1jlgioHC3so=
4,10,5TaGuYrMBP6FnK2+kylHqtsf+r4=,9ene57CNVDRrLWc2Hfzl0fuzqKM=
4,11,5TaGuYrMBP6FnK2+kylHqtsf+r4=,/dGgYiFvqDU+bA7zf/9IwbW9JxA=
4,20,5TaGuYrMBP6FnK2+kylHqtsf+r4=,bDk55D7O9bKKoR/tiXX/olsvBmQ=
4,21,5TaGuYrMBP6FnK2+kylHqtsf+r4=,C9jW5cnn4CuXGf4bLSmkOCQjZwE=
4,22,5TaGuYrMBP6FnK2+kylHqtsf+r4=,KEKumsfuXd6h3OjfR9GwhMpoL1U=
4,23,5TaGuYrMBP6FnK2+kylHqtsf+r4=,9iOlwMx+KrA5C1Q1D8pSYwjnbmk=
4,16,5TaGuYrMBP6FnK2+kylHqtsf+r4=,J4lvEzxonnVxCmI1HhlTWLnrEjg=
4,17,5TaGuYrMBP6FnK2+kylHqtsf+r4=,8cwheTKLi83hfE7EcXJxmlRYXVQ=
4,18,5TaGuYrMBP6FnK2+kylHqtsf+r4=,Ss7QCFuXc0VzpmXU7eKu8LpSpaw=
4,19,5TaGuYrMBP6FnK2+kylHqtsf+r4=,fhWNeyq1C5UCsUGlnent3YBqYL8=
4,24,5TaGuYrMBP6FnK2+kylHqtsf+r4=,X5P7VOvkaWI//CSmt7WfllKLKJs=
4,25,5TaGuYrMBP6FnK2+kylHqtsf+r4=,TCtGazozqqBvi73I3/QXi8td69Y=
4,26,5TaGuYrMBP6FnK2+kylHqtsf+r4=,cRibLPWFHwuxhJsNi6qjmzNjHs4=
4,27,uMDbU4Uoj6r5w/UoYcsdMruFdcU=,RzgQCJXz27vXtjGgWJD2h3tF9b8=
5,5,uMDbU4Uoj6r5w/UoYcsdMruFdcU=,hjI2iqgwQLgR80pbLV8aUI1WyX8=
5,4,uMDbU4Uoj6r5w/UoYcsdMruFdcU=,7ZxrF3GFzqG60FqA5QqDfvgZgeY=
5,7,uMDbU4Uoj6r5w/UoYcsdMruFdcU=,oZSDt6FY3HCaZCLJ8NMrqzexxZ4=
5,6,uMDbU4Uoj6r5w/UoYcsdMruFdcU=,BQIQYbg/JP7O4i5lJa0MKomH4+8=
5,1,uMDbU4Uoj6r5w/UoYcsdMruFdcU=,bUJHewnzHzODwCtNSFltp+SaaGU=
5,0,uMDbU4Uoj6r5w/UoYcsdMruFdcU=,X66BH1ZcjtGCm8mdhdko8dh/A9E=
5,3,uMDbU4Uoj6r5w/UoYcsdMruFdcU=,DLN73jMx092b5a5yuNH6TAGbkRk=
5,2,uMDbU4Uoj6r5w/UoYcsdMruFdcU=,ZhM2L8W/wcPqBXSCT0DToSIfz20=
5,13,uMDbU4Uoj6r5w/UoYcsdMruFdcU=,zPSBm3cRaBWmF8CvH1sJHdnmmO8=
5,12,uMDbU4Uoj6r5w/UoYcsdMruFdcU=,PbGs9JVIsQhOD0nkMwzYl4mfoY8=
5,15,uMDbU4Uoj6r5w/UoYcsdMruFdcU=,oMN3itUA7JHMSQFPmZbTRmQM2cc=
5,14,uMDbU4Uoj6r5w/UoYcsdMruFdcU=,WQXPEFudmsmWovV2mTfrxq7aq94=
5,9,uMDbU4Uoj6r5w/UoYcsdMruFdcU=,SsQnwjbkLj57h5mQBlep57G5RYI=
5,8,uMDbU4Uoj6r5w/UoYcsdMruFdcU=,ZsBHzurdoKYMb9CXzrOrcgJfkek=
5,11,uMDbU4Uoj6r5w/UoYcsdMruFdcU=,c57ivwHl4bJzFqoK6XIF6w/oL0s=
5,10,vpgyeVOyF95VTUMv6AeBmiZVaCU=,LpiBicIvCAOkXKkA/shX6ySlbBA=
5,21,vpgyeVOyF95VTUMv6AeBmiZVaCU=,43SnH9Xn7+7zoKgoLlYofxzsoi8=
5,20,vpgyeVOyF95VTUMv6AeBmiZVaCU=,772Ym8NbBHah9HsdVGz0xD9zdEA=
5,23,vpgyeVOyF95VTUMv6AeBmiZVaCU=,A+lj4oh7gIEJ6iDMTwjp8Xkhslo=
5,22,vpgyeVOyF95VTUMv6AeBmiZVaCU=,3DclsP+fZzbhfgbWxoSuyqIOaDA=
5,17,vpgyeVOyF95VTUMv6AeBmiZVaCU=,1PCjrfqcS8XHLR6y5Rx/K5ys2W0=
5,16,vpgyeVOyF95VTUMv6AeBmiZVaCU=,yiSBirDlkCl30rk5mTLYDUyKhms=
5,19,vpgyeVOyF95VTUMv6AeBmiZVaCU=,3aYN5EaXUZnQDidhETOZTrVI8zk=
5,18,vpgyeVOyF95VTUMv6AeBmiZVaCU=,co501x5yFAcdDfayaOCRnJ3DSY0=
5,25,vpgyeVOyF95VTUMv6AeBmiZVaCU=,qveKZkRqlxY7/setQ8m90XSeZRc=
5,24,vpgyeVOyF95VTUMv6AeBmiZVaCU=,Jwhx/xJDy9hyD3phqFBNnYLwhYI=
5,26,vpgyeVOyF95VTUMv6AeBmiZVaCU=,5Eb6G+qECIRrXFeBfqmgIWL59m8=
6,6,vpgyeVOyF95VTUMv6AeBmiZVaCU=,tQGnlqJ9Rlo9/FrHfDjxOpyIIw4=
6,7,vpgyeVOyF95VTUMv6AeBmiZVaCU=,/bDHm6MefcAYqZcbrPDdlaMHnbI=
6,4,vpgyeVOyF95VTUMv6AeBmiZVaCU=,o/2K5gxFi4S38hT8D7j84nti3p8=
6,5,vpgyeVOyF95VTUMv6AeBmiZVaCU=,fYsu+E1CD0ICU7c4J8t9iRLp6U4=
6,2,vpgyeVOyF95VTUMv6AeBmiZVaCU=,UsfnY7lsqxzCkh+1Y6IoKIv5IgU=
6,3,vpgyeVOyF95VTUMv6AeBmiZVaCU=,VvUaiSfOgblLwWyMEsF3rrKaeDM=
6,0,vpgyeVOyF95VTUMv6AeBmiZVaCU=,xLxqAhxYBkdP8FmWEQMrCx8waeU=
6,1,vpgyeVOyF95VTUMv6AeBmiZVaCU=,DE29ABZav1uL3h9JIOC0zJ3Ce/k=
6,14,vpgyeVOyF95VTUMv6AeBmiZVaCU=,TlbO+Lca/ry9o8t1mU3DFw8kJkM=
6,15,vpgyeVOyF95VTUMv6AeBmiZVaCU=,rN7eQ3EDRpcKSjO5BXvw5IjLJeQ=
6,12,vpgyeVOyF95VTUMv6AeBmiZVaCU=,V5bi9yqXbcOyBqI8H61EOOLsWZA=
6,13,kHAUxLL1k8QHRFGdKgW24e51bQw=,TlbO+Lca/ry9o8t1mU3DFw8kJkM=
6,10,kHAUxLL1k8QHRFGdKgW24e51bQw=,oBnVuxX+aARcyaxsE3fPx1wF0l8=
6,11,kHAUxLL1k8QHRFGdKgW24e51bQw=,QzMf/5Iqr0r4qabmzNXHT7b1/5U=
6,8,kHAUxLL1k8QHRFGdKgW24e51bQw=,BdIj0iyZWNiXWdkkrSQPBPecX+o=
6,9,kHAUxLL1k8QHRFGdKgW24e51bQw=,8BoBXPy8BccExoY3qdbpSJFWhPU=
6,22,kHAUxLL1k8QHRFGdKgW24e51bQw=,MAL4H4Rkjd4SS8+PaZpR0BJ+kxE=
6,23,kHAUxLL1k8QHRFGdKgW24e51bQw=,XMxvXAijC3isLd8nZE00S4uINYU=
6,20,kHAUxLL1k8QHRFGdKgW24e51bQw=,422NUbLLdcrGgWRexF9svVm1qWE=
6,21,kHAUxLL1k8QHRFGdKgW24e51bQw=,ENqIYagoGbUfe5VJPlJQK3pcBpc=
6,18,kHAUxLL1k8QHRFGdKgW24e51bQw=,8dFqQX3vmSxu4Oi8G/vPdfBf0As=
6,19,kHAUxLL1k8QHRFGdKgW24e51bQw=,E9hnkrOYiHB2zTid0Th6Mr+fNT4=
6,16,kHAUxLL1k8QHRFGdKgW24e51bQw=,9oSDFVvEn0Jlmjz5r6q2sqxaEhM=
6,17,kHAUxLL1k8QHRFGdKgW24e51bQw=,lj5Biq0CxyaIelcjrBMqWUm5yXo=
6,26,kHAUxLL1k8QHRFGdKgW24e51bQw=,0PZzNwcLR9uC5Vg+rYRIbl2tfvM=
6,27,kHAUxLL1k8QHRFGdKgW24e51bQw=,nSpR0ytp83WbbMRvKyGm7C17fDM=
6,24,kHAUxLL1k8QHRFGdKgW24e51bQw=,LEC2Vt08wV20P1pKJiHqVrfMIlg=
6,25,kHAUxLL1k8QHRFGdKgW24e51bQw=,5+lbNJJmDRE45NWdVL5n3sTAZ9Q=
7,7,kHAUxLL1k8QHRFGdKgW24e51bQw=,oxuhhtELLaDn+fpKteh3fvE1zUY=
7,6,kHAUxLL1k8QHRFGdKgW24e51bQw=,FEzX2WPpf62zwombaNMF28TOH0M=
7,5,kHAUxLL1k8QHRFGdKgW24e51bQw=,XTyFJJIJn0AI9KlVOENVWVW0IB4=
7,4,kHAUxLL1k8QHRFGdKgW24e51bQw=,FDdp+QpoPZ82gOaZTlEQy27MFGw=
7,3,kHAUxLL1k8QHRFGdKgW24e51bQw=,JXeW9cGWPtLRjQKM+ei/1cLcO9M=
7,2,kHAUxLL1k8QHRFGdKgW24e51bQw=,4E8zl2yczjE/paPay310b3gUSBs=
7,1,kHAUxLL1k8QHRFGdKgW24e51bQw=,4E8zl2yczjE/paPay310b3gUSBs=
7,0,kHAUxLL1k8QHRFGdKgW24e51bQw=,dDnCqTdw5MmXD453x1J3E4ad9vs=
7,15,kHAUxLL1k8QHRFGdKgW24e51bQw=,WsXXrLIUIAWC6GtoO4V5FChj/uk=
7,14,kHAUxLL1k8QHRFGdKgW24e51bQw=,S7n5p2+60RyNuUwLREIxf9kDtPc=
7,13,kHAUxLL1k8QHRFGdKgW24e51bQw=,crr6cMW18T/lezXmhuveh7rnhfY=
7,12,kHAUxLL1k8QHRFGdKgW24e51bQw=,A1ttCnla4BTLMlNCVLRqSpoJAr4=
7,9,cW9fv5cGLAvLbo6flbgJkWiERe8=,wDTv8bVSRU37+2JkPDThlv0GT0Q=
7,8,cW9fv5cGLAvLbo6flbgJkWiERe8=,KZdKBLS0z0PZRfBF+YFrivcWO5M=
7,23,cW9fv5cGLAvLbo6flbgJkWiERe8=,YMbaKfqIsa8tk2sq1+lXjG4+Fao=
7,22,cW9fv5cGLAvLbo6flbgJkWiERe8=,8s5asYm4x/9ZH9OY4VlQfZiNv38=
7,21,cW9fv5cGLAvLbo6flbgJkWiERe8=,UAJbrca9RLQGYIGppSlYRcuzzoI=
7,20,cW9fv5cGLAvLbo6flbgJkWiERe8=,q0TTC9qc173c/YDomPGnMCNy7j0=
7,19,cW9fv5cGLAvLbo6flbgJkWiERe8=,RcqkUwRBID6grZRKMDH+WX9A5IM=
7,18,cW9fv5cGLAvLbo6flbgJkWiERe8=,k3m62r5oCf4+iGIttY36tzeNkGY=
7,17,cW9fv5cGLAvLbo6flbgJkWiERe8=,fvLSg9yDkYnwrMpv5+nmDO1gpuo=
7,16,cW9fv5cGLAvLbo6flbgJkWiERe8=,mOciWyFg+dn1l/B8imZCK5eFbko=
7,29,cW9fv5cGLAvLbo6flbgJkWiERe8=,z1giAbbgFGnUwtVgwiYu8dHyyE0=
7,28,cW9fv5cGLAvLbo6flbgJkWiERe8=,/lkZaPUBBX4bfef8cuuR1TAfIfk=
7,27,cW9fv5cGLAvLbo6flbgJkWiERe8=,fjPljm02kFlXzowxygxqBfgVtBM=
7,26,cW9fv5cGLAvLbo6flbgJkWiERe8=,BdBwzm2+vt9i7wT8I9Cnl9khQz0=
7,25,cW9fv5cGLAvLbo6flbgJkWiERe8=,fjPljm02kFlXzowxygxqBfgVtBM=
7,24,cW9fv5cGLAvLbo6flbgJkWiERe8=,HQzxGwLqFC0OjLcOLivHhtDAsSM=
8,8,cW9fv5cGLAvLbo6flbgJkWiERe8=,QCEknZFuRMlLQ7isUKOSS4CFYXQ=
8,12,cW9fv5cGLAvLbo6flbgJkWiERe8=,quXdrzxu/Fi4gxFytdXyaUkBzAg=
8,13,cW9fv5cGLAvLbo6flbgJkWiERe8=,kXkQQ0aPVdvdptl0O3TswSz5X4A=
8,14,cW9fv5cGLAvLbo6flbgJkWiERe8=,quXdrzxu/Fi4gxFytdXyaUkBzAg=
8,15,cW9fv5cGLAvLbo6flbgJkWiERe8=,quXdrzxu/Fi4gxFytdXyaUkBzAg=
8,0,cW9fv5cGLAvLbo6flbgJkWiERe8=,CORaEsthjV5/c3D3kiUMz5E3fnk=
8,1,cW9fv5cGLAvLbo6flbgJkWiERe8=,K1sNX7LsuYAy/edYLqi1CUqu4os=
8,2,cW9fv5cGLAvLbo6flbgJkWiERe8=,Z+rsonpLt3cn7ptenWZdi82sMh0=
8,3,cW9fv5cGLAvLbo6flbgJkWiERe8=,Nr3N4KKcaax3D4SW6HGSOLiWGbQ=
8,4,cW9fv5cGLAvLbo6flbgJkWiERe8=,Vsl6Abi3TUomg2asymleYjxrknE=
8,5,cW9fv5cGLAvLbo6flbgJkWiERe8=,EZKfGa+U7wq5S4qsq3r2USwm1sc=
8,6,cW9fv5cGLAvLbo6flbgJkWiERe8=,B0wc53KaOTBLnynstKmImxBKjsQ=
8,7,cW9fv5cGLAvLbo6flbgJkWiERe8=,Z+rsonpLt3cn7ptenWZdi82sMh0=
8,24,cW9fv5cGLAvLbo6flbgJkWiERe8=,uLcWxA9V63Y8OdoRWN++IBf4nN0=
8,25,cW9fv5cGLAvLbo6flbgJkWiERe8=,Hz+3EbNRQxj6kg0OvjEXOC7JBCI=
8,26,cW9fv5cGLAvLbo6flbgJkWiERe8=,nqaMQ1xRKC1E8naoJKxWZkaWZyI=
8,27,cW9fv5cGLAvLbo6flbgJkWiERe8=,oqHkGYtGKkUI+R7xMeol92gxlSg=
8,28,cW9fv5cGLAvLbo6flbgJkWiERe8=,jOX7QVgUhmi3nHvPAFHmO8FYlvE=
8,29,cW9fv5cGLAvLbo6flbgJkWiERe8=,1VpR96mAJnjqWdnRij4vP+gaYt4=
8,30,cW9fv5cGLAvLbo6flbgJkWiERe8=,fCpjVlkweNDeTn6ELxphU2cEQG0=
8,16,cW9fv5cGLAvLbo6flbgJkWiERe8=,BOhTQtR0IwthosVnEu3/3i3JXU8=
8,17,cW9fv5cGLAvLbo6flbgJkWiERe8=,B3oYZzwyPUwau6RwsAIdfrl78TA=
8,18,cW9fv5cGLAvLbo6flbgJkWiERe8=,4pzRGLGi2cwbdMztgimdQEWDJ4A=
8,19,cW9fv5cGLAvLbo6flbgJkWiERe8=,lWeff/q7vSNoukdrkzuTWXUu4OM=
8,20,cW9fv5cGLAvLbo6flbgJkWiERe8=,WGnee6AXpN+XwXKw4YzNZZRQ1pc=
8,21,1EGda5EhIDfFguZ+h3tdhCdLiIM=,3NINqhqX+gUm1//CZE0T4Mb/iyk=
8,22,1EGda5EhIDfFguZ+h3tdhCdLiIM=,h2s1zrkNzFivtstWrwUYYPlCOxY=
8,23,1EGda5EhIDfFguZ+h3tdhCdLiIM=,ldE/1gRAOYl23Qx94+t4CCAMcMs=
9,1,1EGda5EhIDfFguZ+h3tdhCdLiIM=,K1sNX7LsuYAy/edYLqi1CUqu4os=
9,0,1EGda5EhIDfFguZ+h3tdhCdLiIM=,p/Z7QxbYzTTxVSfhJGCF89uYjU8=
9,3,1EGda5EhIDfFguZ+h3tdhCdLiIM=,TUb/w6PNYJI+F5y7C0opl0NpUUY=
9,2,1EGda5EhIDfFguZ+h3tdhCdLiIM=,p/Z7QxbYzTTxVSfhJGCF89uYjU8=
9,5,1EGda5EhIDfFguZ+h3tdhCdLiIM=,oyiqkuA9oe+tz7vXrjfq0n+HMeQ=
9,4,1EGda5EhIDfFguZ+h3tdhCdLiIM=,TUb/w6PNYJI+F5y7C0opl0NpUUY=
9,25,1EGda5EhIDfFguZ+h3tdhCdLiIM=,g8xCmNmZmRGXGAXuEST+rMmIMU8=
9,24,1EGda5EhIDfFguZ+h3tdhCdLiIM=,uLcWxA9V63Y8OdoRWN++IBf4nN0=
9,27,1EGda5EhIDfFguZ+h3tdhCdLiIM=,bTTOD39hvXFo4s9Ts4b/yFCNkt4=
9,26,1EGda5EhIDfFguZ+h3tdhCdLiIM=,qFg4UAbfFEAso2M5UekvF6cx9+Y=
9,29,1EGda5EhIDfFguZ+h3tdhCdLiIM=,fYreRY2ryElQpBvEXeLl7jtv3Qs=
9,28,1EGda5EhIDfFguZ+h3tdhCdLiIM=,/y351ChTdFfmnOhlYdOcUtWsBG4=
9,30,1EGda5EhIDfFguZ+h3tdhCdLiIM=,MLWgT7c1hfS8Ng6Zro/d6wSkjSk=
9,17,1EGda5EhIDfFguZ+h3tdhCdLiIM=,OTNKrxU93iZFOf2/c4ll0jhHGFE=
9,16,1EGda5EhIDfFguZ+h3tdhCdLiIM=,2wklMq+win47tkedbFINa0baY4I=
9,19,1EGda5EhIDfFguZ+h3tdhCdLiIM=,tHpBa2BdQpckhJCHqPlSsVn22G8=
9,18,1EGda5EhIDfFguZ+h3tdhCdLiIM=,RzufGk4Y+Gd35/yWDccKALj/tpg=
9,21,1EGda5EhIDfFguZ+h3tdhCdLiIM=,T3Rv0M5A0lRQ9I/r2CJLP5sd4Is=
9,20,1EGda5EhIDfFguZ+h3tdhCdLiIM=,+NQz6suAiFGPUfy2HkFybY3KC6c=
9,23,1EGda5EhIDfFguZ+h3tdhCdLiIM=,yqOfhHMEJS5oFt9Qzl/XVjGhs9A=
9,22,1EGda5EhIDfFguZ+h3tdhCdLiIM=,YHAXMKlM71uVOyLZQujLzMs5xrQ=
10,15,1EGda5EhIDfFguZ+h3tdhCdLiIM=,nriVM1PpW+OPSvCMK5Na1WcYdas=
10,26,1EGda5EhIDfFguZ+h3tdhCdLiIM=,/y351ChTdFfmnOhlYdOcUtWsBG4=
10,27,1EGda5EhIDfFguZ+h3tdhCdLiIM=,8EP9UIreH9h3E3C+EBccPDTXkEo=
10,24,1EGda5EhIDfFguZ+h3tdhCdLiIM=,as4y4Ug6PQqFy5zlA9bEEvrdAww=
10,25,1EGda5EhIDfFguZ+h3tdhCdLiIM=,97uwYSmuAI87wLRUNzL4nqUvDQc=
10,30,1EGda5EhIDfFguZ+h3tdhCdLiIM=,/oacNipetMl2Pagn72oYXg2k5UY=
10,28,1EGda5EhIDfFguZ+h3tdhCdLiIM=,AtnidI2LZ6He4JnFsBTPWGfC3O4=
10,29,1EGda5EhIDfFguZ+h3tdhCdLiIM=,/oacNipetMl2Pagn72oYXg2k5UY=
10,18,1EGda5EhIDfFguZ+h3tdhCdLiIM=,HJwgZr7Q36Ga8Fi4Jh5cCQLO9f0=
10,19,1EGda5EhIDfFguZ+h3tdhCdLiIM=,lZKYNwStEqiZfcFiyYhIB3WGkPw=
10,16,1EGda5EhIDfFguZ+h3tdhCdLiIM=,lhLBWdcpQEOVudP4ZGHG3BsNl90=
10,17,1EGda5EhIDfFguZ+h3tdhCdLiIM=,oR6BwawYgdI0Ko7mWkSX6UfW78I=
10,22,TKXzY1ftrUbUJx57CYId3zoBLo4=,yM7BpUEVmGWsIcd26D78NAgBqsQ=
10,23,TKXzY1ftrUbUJx57CYId3zoBLo4=,E4Mq2stqSc1grrutYLqe8punGcQ=
10,20,TKXzY1ftrUbUJx57CYId3zoBLo4=,BtB/57a8WKc/H4ismPa7h3ZjwBA=
10,21,TKXzY1ftrUbUJx57CYId3zoBLo4=,i6y/rqLyRd6rxnhijX0mUzXatsc=
11,15,TKXzY1ftrUbUJx57CYId3zoBLo4=,uObHNxMtFi+4tZwruu9zWyfQUDU=
11,14,TKXzY1ftrUbUJx57CYId3zoBLo4=,NgCkv3wv51BH3RSV8SvTHfH5llk=
11,27,TKXzY1ftrUbUJx57CYId3zoBLo4=,t9hch39brFbUxO+DRFLn3jfXakA=
11,26,TKXzY1ftrUbUJx57CYId3zoBLo4=,m686pLNeo1Gh3MOc7wg44pcty3Q=
11,25,TKXzY1ftrUbUJx57CYId3zoBLo4=,LBt0tJJUVRo2TzPl635IWYgEhvE=
11,24,TKXzY1ftrUbUJx57CYId3zoBLo4=,oJYSxYEHlPVKj9jBV30Uzxb0zBY=
11,28,TKXzY1ftrUbUJx57CYId3zoBLo4=,F5ee+5W0RmGzvXOC7B2Bv/VpI5M=
11,19,TKXzY1ftrUbUJx57CYId3zoBLo4=,6bWjS9kbtojqoL6lLfQOfEmwIIA=
11,18,TKXzY1ftrUbUJx57CYId3zoBLo4=,zDE/WalNb/uxpVeMu/TsAr+PMiU=
11,17,TKXzY1ftrUbUJx57CYId3zoBLo4=,AbXlFoMg0pv/2PP4KyDscdQpUOM=
11,16,TKXzY1ftrUbUJx57CYId3zoBLo4=,Xc3WJkTsv36D0wuaNWicim8C7O0=
11,23,TKXzY1ftrUbUJx57CYId3zoBLo4=,X08mTxI5STuaCd+6vTlFNK82PO8=
11,22,TKXzY1ftrUbUJx57CYId3zoBLo4=,iFjFgCMUyHLRDPl1z8XvXYdf3ps=
11,21,TKXzY1ftrUbUJx57CYId3zoBLo4=,iyKvNdjnvNeo7ZjMb+HI8UiI+3s=
11,20,TKXzY1ftrUbUJx57CYId3zoBLo4=,D3uTdsc7zEsEtGpcMArH9ey8bXQ=
12,14,TKXzY1ftrUbUJx57CYId3zoBLo4=,i3dqo0NoN9lvRc6duZHOnXCkRCs=
12,15,TKXzY1ftrUbUJx57CYId3zoBLo4=,VYcYB2fqOtfyPWxIlGYk6e6WRXU=
12,28,TKXzY1ftrUbUJx57CYId3zoBLo4=,/eiEJfHwpLbSr3vhi+cRveVnm7A=
12,24,TKXzY1ftrUbUJx57CYId3zoBLo4=,oOQ/v2v+9xaYy80Wgorx3vWNLc0=
12,26,TKXzY1ftrUbUJx57CYId3zoBLo4=,FC1yDq+Nxq1+k05XNCZ18bmXRFo=
12,27,TKXzY1ftrUbUJx57CYId3zoBLo4=,GNopuwVCbribllxHd7mBqIgxzBU=
12,20,TKXzY1ftrUbUJx57CYId3zoBLo4=,N9VN8WAOESu2D84v46kzfdutM5c=
12,21,TKXzY1ftrUbUJx57CYId3zoBLo4=,ExrISWTUYTdKlGUKoKDxbTbGrhg=
12,22,TKXzY1ftrUbUJx57CYId3zoBLo4=,vgxTxpjU52DAL3ggyp7NupT/ilM=
12,23,TKXzY1ftrUbUJx57CYId3zoBLo4=,cmTrXTixmUqQyHnxaRV67Ez9sVs=
12,16,TKXzY1ftrUbUJx57CYId3zoBLo4=,jABbnzvOBrV3GoMawLLR490xDW0=
12,17,TKXzY1ftrUbUJx57CYId3zoBLo4=,QBpntVynjwHEAoQHo5LXxsObNgY=
12,18,TKXzY1ftrUbUJx57CYId3zoBLo4=,rd2owlrmACQaB2gtShoiIaKi/CM=
12,19,TKXzY1ftrUbUJx57CYId3zoBLo4=,DGYWqjNMD/AiNAJOe6zilgCj1jg=
13,15,TKXzY1ftrUbUJx57CYId3zoBLo4=,VYcYB2fqOtfyPWxIlGYk6e6WRXU=
13,14,TKXzY1ftrUbUJx57CYId3zoBLo4=,J2GHCHxjolZXje5IDFD50CPs8ME=
13,21,TKXzY1ftrUbUJx57CYId3zoBLo4=,gzNoILCuC5zEvGAWSEUS1CUhSK8=
13,20,58vPNm0ereBT03s629986MTQrlM=,1OLcqfiiQp7Ee7+LuIDN7V6X/Co=
13,23,58vPNm0ereBT03s629986MTQrlM=,uwBfwyv4mipGMX+iLu61ON0hFOc=
13,22,58vPNm0ereBT03s629986MTQrlM=,td5J2awa/S1aIurJv7P+QjBBQHc=
13,17,58vPNm0ereBT03s629986MTQrlM=,S5N6OeUgNeE9Q+4XFT74s2AtDhs=
13,16,58vPNm0ereBT03s629986MTQrlM=,KuetOg/otfg26DuV80AorQg8r94=
13,19,58vPNm0ereBT03s629986MTQrlM=,Bi4EIjsUC0IR4hNgZ25mN1ULNZ4=
13,18,58vPNm0ereBT03s629986MTQrlM=,63AsRAC9vIE78jjz5vB5hxvqwiE=
14,14,58vPNm0ereBT03s629986MTQrlM=,XoigRbZT6an52/YscVXH5ysNXn0=
14,15,58vPNm0ereBT03s629986MTQrlM=,J2GHCHxjolZXje5IDFD50CPs8ME=
14,22,58vPNm0ereBT03s629986MTQrlM=,jFjzc8VAM8nfLHStkEt8VGNY6Cg=
14,23,58vPNm0ereBT03s629986MTQrlM=,goUtLIpeokg8d9zT4amcz7vGqt8=
14,20,58vPNm0ereBT03s629986MTQrlM=,eC6PO8kCytgg8YkFnFhXWWKS2eI=
14,21,58vPNm0ereBT03s629986MTQrlM=,Q5sD3QCjvkE8Fel9nLYBD3booyk=
14,18,58vPNm0ereBT03s629986MTQrlM=,P/+H3zGCaa+7GznWayOetuZuCVs=
14,19,58vPNm0ereBT03s629986MTQrlM=,+0+up7WC+fWrM/i6A53h31Nn6tQ=
14,16,58vPNm0ereBT03s629986MTQrlM=,MZCI5BlRfIG99X1eOzBS/2igc3U=
14,17,58vPNm0ereBT03s629986MTQrlM=,KW+Bj528Q8eOI4EpiMlAAE774p0=
15,23,58vPNm0ereBT03s629986MTQrlM=,YdNMfFGUIUeDwXstwJL0pHqcsn8=
15,22,58vPNm0ereBT03s629986MTQrlM=,vp0iK3x2LSJiSKCd5tEfN7jfhxA=
15,21,58vPNm0ereBT03s629986MTQrlM=,+ldW57nDPEsdeSIGaouHWeUg7Dk=
15,20,58vPNm0ereBT03s629986MTQrlM=,Nhn2zWZjGZwoyB6JMEt3s7Kojx0=
15,19,58vPNm0ereBT03s629986MTQrlM=,p1AOI+OMW/Rpzz+tuHoDsuq3cks=
15,18,58vPNm0ereBT03s629986MTQrlM=,BSN5rofsvgtiFOEfXyuLL9rVYIo=
15,17,58vPNm0ereBT03s629986MTQrlM=,xvvN6dlslaoo+/zScGSBP0UydPQ=
15,16,00iHkPHUM/A6gvI/6V7XzmjETe4=,bX384ClEKY+zHfR1PIrxyzm13c0=
16,16,00iHkPHUM/A6gvI/6V7XzmjETe4=,OWG1B3W6PUgKSTbEdg1Uqgsj8eA=
16,17,00iHkPHUM/A6gvI/6V7XzmjETe4=,7daAYIWMe0nzRhLFUtUKZ3NKggA=
16,18,00iHkPHUM/A6gvI/6V7XzmjETe4=,I9jYgpcjYWMI4CkesE4GnwNA5Wc=
16,19,00iHkPHUM/A6gvI/6V7XzmjETe4=,+rDORZgbrzqZmXL36N4l8dUaB7o=
16,20,00iHkPHUM/A6gvI/6V7XzmjETe4=,+rDORZgbrzqZmXL36N4l8dUaB7o=
16,21,00iHkPHUM/A6gvI/6V7XzmjETe4=,+rDORZgbrzqZmXL36N4l8dUaB7o=
16,22,00iHkPHUM/A6gvI/6V7XzmjETe4=,9gbUaurgVyKMsMvIgfv+grog/Bk=
16,23,00iHkPHUM/A6gvI/6V7XzmjETe4=,3r9qtlWmsqKwOVDv04qwSbUGpJM=
17,17,00iHkPHUM/A6gvI/6V7XzmjETe4=,FRQQTldQhGGPj0JkM1Vp7cXE8HI=
17,16,00iHkPHUM/A6gvI/6V7XzmjETe4=,gbdxUskYLkT/xOWjNBBUApydvPQ=
17,19,00iHkPHUM/A6gvI/6V7XzmjETe4=,cBT6Y8GyZjmQxyzf57S0MZ5VUfk=
17,18,00iHkPHUM/A6gvI/6V7XzmjETe4=,ekDtZhx3PpYOiSeGr/QGDoUyaq4=
17,21,00iHkPHUM/A6gvI/6V7XzmjETe4=,Cw6bh2AQH6hNHW7yKgiBMPhN054=
17,20,00iHkPHUM/A6gvI/6V7XzmjETe4=,++QWpCU1DhCQLfax9uynSdpIx8E=
17,23,00iHkPHUM/A6gvI/6V7XzmjETe4=,RwErDWSXaUaeFTtrBgz+ke4NuwI=
17,22,00iHkPHUM/A6gvI/6V7XzmjETe4=,LLA+3ohUKL6JmTPOnG8VmN8RnVQ=
17,15,00iHkPHUM/A6gvI/6V7XzmjETe4=,/7OUYv4T8lGHtZOe6C2ZWqjYxd0=
18,18,00iHkPHUM/A6gvI/6V7XzmjETe4=,8SdiOcSA9yHYt743fqgDqoiCJxM=
18,19,00iHkPHUM/A6gvI/6V7XzmjETe4=,xnP+2Zkcbx5QjLG5EKortW9wOro=
18,16,00iHkPHUM/A6gvI/6V7XzmjETe4=,srrV9lsHQn5FLqoHnfUHDvZL5gk=
18,22,00iHkPHUM/A6gvI/6V7XzmjETe4=,BH645kwi2+WETKp/f3KAgP5iORo=
18,23,00iHkPHUM/A6gvI/6V7XzmjETe4=,4LpcIzHP39/ke3ZJ8rjUP3YKedY=
18,20,00iHkPHUM/A6gvI/6V7XzmjETe4=,RNiIjJdSnuLO6KntPdt43NOGcyw=
18,21,00iHkPHUM/A6gvI/6V7XzmjETe4=,NxdDMLS0f8lRWNyI/3ZKIV4P7rg=
18,15,00iHkPHUM/A6gvI/6V7XzmjETe4=,Tg7WlPTgAFyISoPn0x9fIBFnas8=
19,19,00iHkPHUM/A6gvI/6V7XzmjETe4=,oLlROjXOMUhnuvddiTvaZgR0pq0=
19,18,00iHkPHUM/A6gvI/6V7XzmjETe4=,u1an2L+BYeRaQdLgmLljByz3xdw=
19,16,00iHkPHUM/A6gvI/6V7XzmjETe4=,HX7MJ3xLs3hiNL4c011dXeyyUgI=
19,23,00iHkPHUM/A6gvI/6V7XzmjETe4=,mTTpdFRJbu9hDAaaXvBSHof/ypk=
19,22,00iHkPHUM/A6gvI/6V7XzmjETe4=,2AIouT31lrm3pRx4j1aD8/q1diA=
19,21,qGPYHF6SE64Y+ZN2ZONPibc1m2o=,G2NiDgjtJdZ36l2/FCOtrYc88vI=
19,20,qGPYHF6SE64Y+ZN2ZONPibc1m2o=,YgL8kVQyhnkbzLTFy2Q32wM5e0s=
19,15,qGPYHF6SE64Y+ZN2ZONPibc1m2o=,Tg7WlPTgAFyISoPn0x9fIBFnas8=
20,20,qGPYHF6SE64Y+ZN2ZONPibc1m2o=,u3iS8XVLIrKmr5krCp5kVh0b0jY=
20,21,qGPYHF6SE64Y+ZN2ZONPibc1m2o=,zhTR0+wDXrHqzq+4XZtkwqmmaMI=
20,22,qGPYHF6SE64Y+ZN2ZONPibc1m2o=,8SdiOcSA9yHYt743fqgDqoiCJxM=
20,16,qGPYHF6SE64Y+ZN2ZONPibc1m2o=,5T7jLERTj86H71DbzrL+S9wTE0k=
20,17,qGPYHF6SE64Y+ZN2ZONPibc1m2o=,n8QqVs3ALZIFrbAlNNLgqhkQ91g=
20,18,qGPYHF6SE64Y+ZN2ZONPibc1m2o=,LHnROV3wDCDOv+mD7uoNbnwoTJ8=
20,19,qGPYHF6SE64Y+ZN2ZONPibc1m2o=,4wSBd26OZiwVGGQxRTfjn7YAM5Y=
20,14,qGPYHF6SE64Y+ZN2ZONPibc1m2o=,JaLiigNP9etBwQt41JsTHZi/XJU=
20,15,qGPYHF6SE64Y+ZN2ZONPibc1m2o=,eDgpy4W+AO0dEXj/igrXn0gaxEk=
21,21,qGPYHF6SE64Y+ZN2ZONPibc1m2o=,zhTR0+wDXrHqzq+4XZtkwqmmaMI=
21,20,qGPYHF6SE64Y+ZN2ZONPibc1m2o=,u3iS8XVLIrKmr5krCp5kVh0b0jY=
21,17,qGPYHF6SE64Y+ZN2ZONPibc1m2o=,RAm+EaYffFtOmhWt52BoHemTPjQ=
21,19,qGPYHF6SE64Y+ZN2ZONPibc1m2o=,4R+0FK2H+0a8ZtDKuHxI3xe0dfM=
21,18,qGPYHF6SE64Y+ZN2ZONPibc1m2o=,4aG5rof2jB2ptnHNGGFHHNk5Exg=
21,15,qGPYHF6SE64Y+ZN2ZONPibc1m2o=,eDgpy4W+AO0dEXj/igrXn0gaxEk=
21,14,qGPYHF6SE64Y+ZN2ZONPibc1m2o=,JaLiigNP9etBwQt41JsTHZi/XJU=
22,20,qGPYHF6SE64Y+ZN2ZONPibc1m2o=,3r9qtlWmsqKwOVDv04qwSbUGpJM=
22,21,qGPYHF6SE64Y+ZN2ZONPibc1m2o=,zhTR0+wDXrHqzq+4XZtkwqmmaMI=
22,18,qGPYHF6SE64Y+ZN2ZONPibc1m2o=,CRnN/YiYJNpQvJoggIjjlKJPk+E=
22,19,qGPYHF6SE64Y+ZN2ZONPibc1m2o=,4u53rOyJGZunhDN+wob2hTR4n3Q=
22,17,qGPYHF6SE64Y+ZN2ZONPibc1m2o=,WdSpIm5sGWGCelhJvgxe0denJbk=
22,14,qGPYHF6SE64Y+ZN2ZONPibc1m2o=,W5YAMQPF0Qj4RIulqjW4fZBZY7g=
22,15,qGPYHF6SE64Y+ZN2ZONPibc1m2o=,Tg7WlPTgAFyISoPn0x9fIBFnas8=
23,19,qGPYHF6SE64Y+ZN2ZONPibc1m2o=,m0T9hePQqe8NCxqnNVA4GOew93Y=
23,18,qGPYHF6SE64Y+ZN2ZONPibc1m2o=,fjHhcNw9m55iZ6KFMx4bpjK3d2k=
23,17,qGPYHF6SE64Y+ZN2ZONPibc1m2o=,iGFwVDsF4UCKuK0ZQWkaDmXtAWQ=
23,15,qGPYHF6SE64Y+ZN2ZONPibc1m2o=,mCOIA9l98b2Ff6g8cGBDMP1taBs=
23,14,qGPYHF6SE64Y+ZN2ZONPibc1m2o=,I66aUDfLljT5HOP1ssksLWJ9vI4=
23,13,qGPYHF6SE64Y+ZN2ZONPibc1m2o=,ZEFRTOYCDeJbaSmq+gYikyddB60=
24,17,qGPYHF6SE64Y+ZN2ZONPibc1m2o=,UNPHU0v9hIn7VrboPvc6BldNqf8=
24,18,A/9t8Ij571cSl2WiQchCR+LESZ0=,UnBLpdVKZf4DjnxBwWHu4NXuC+Q=
24,19,A/9t8Ij571cSl2WiQchCR+LESZ0=,H6XWHgnDMhFUBTz6TfVbMBZAf0c=
24,13,A/9t8Ij571cSl2WiQchCR+LESZ0=,n+SDtxE54mUUDVoEfjSkfUiF3+4=
24,14,A/9t8Ij571cSl2WiQchCR+LESZ0=,n+SDtxE54mUUDVoEfjSkfUiF3+4=
25,17,A/9t8Ij571cSl2WiQchCR+LESZ0=,2FxyQeZhYRfvSauL8sFLf52Xcr0=
25,16,A/9t8Ij571cSl2WiQchCR+LESZ0=,MChcLzXzCSpMoUEkHv9PhCWusGk=
25,19,A/9t8Ij571cSl2WiQchCR+LESZ0=,MDySFUG35nSM8tbIdwAPUoQ7IUY=
25,18,A/9t8Ij571cSl2WiQchCR+LESZ0=,UnBLpdVKZf4DjnxBwWHu4NXuC+Q=
25,13,A/9t8Ij571cSl2WiQchCR+LESZ0=,DKpFfMAuATeVbEei1S7kcPh/LYI=
25,12,A/9t8Ij571cSl2WiQchCR+LESZ0=,XI02OzfMRvS652/+8T+lkvPQqcY=
25,14,A/9t8Ij571cSl2WiQchCR+LESZ0=,GDZ0dgv8E7zGvJSFIMk4q6bwA/s=
26,18,A/9t8Ij571cSl2WiQchCR+LESZ0=,UnBLpdVKZf4DjnxBwWHu4NXuC+Q=
26,19,A/9t8Ij571cSl2WiQchCR+LESZ0=,Zj/mKkPYYHx7Rs7plFUgs4fLKS8=
26,16,A/9t8Ij571cSl2WiQchCR+LESZ0=,UnBLpdVKZf4DjnxBwWHu4NXuC+Q=
26,17,A/9t8Ij571cSl2WiQchCR+LESZ0=,UnBLpdVKZf4DjnxBwWHu4NXuC+Q=
26,10,A/9t8Ij571cSl2WiQchCR+LESZ0=,n+SDtxE54mUUDVoEfjSkfUiF3+4=
26,11,A/9t8Ij571cSl2WiQchCR+LESZ0=,n+SDtxE54mUUDVoEfjSkfUiF3+4=
26,14,A/9t8Ij571cSl2WiQchCR+LESZ0=,mViKu2ET+/wTuGoi06W/ffSCmys=
26,15,A/9t8Ij571cSl2WiQchCR+LESZ0=,GDZ0dgv8E7zGvJSFIMk4q6bwA/s=
26,12,A/9t8Ij571cSl2WiQchCR+LESZ0=,zL8tUK7rM0zyQjWXBQbgaeQhvZ8=
26,13,A/9t8Ij571cSl2WiQchCR+LESZ0=,hps9DbprIwVbcB/rMaQCBhKlbcA=
27,18,A/9t8Ij571cSl2WiQchCR+LESZ0=,UnBLpdVKZf4DjnxBwWHu4NXuC+Q=
27,17,A/9t8Ij571cSl2WiQchCR+LESZ0=,2L+X0kRpoQ9TSdjFA08bpln54ok=
27,16,A/9t8Ij571cSl2WiQchCR+LESZ0=,UnBLpdVKZf4DjnxBwWHu4NXuC+Q=
27,11,A/9t8Ij571cSl2WiQchCR+LESZ0=,lki/TdnrgqXXuJlJLoT5zZwD188=
27,10,A/9t8Ij571cSl2WiQchCR+LESZ0=,n+SDtxE54mUUDVoEfjSkfUiF3+4=
27,15,A/9t8Ij571cSl2WiQchCR+LESZ0=,R7jOtAKcRLQYS6jxDaA1rxjdj0A=
27,14,A/9t8Ij571cSl2WiQchCR+LESZ0=,phh5I5fTpNm7KUvqYjAbppaA7Mg=
27,13,A/9t8Ij571cSl2WiQchCR+LESZ0=,IsFhn2C08e7p1cFIF3NCkt6wixQ=
27,12,A/9t8Ij571cSl2WiQchCR+LESZ0=,3FsXGTC/DOJrV+cyLveBvRC4RCE=
28,16,A/9t8Ij571cSl2WiQchCR+LESZ0=,RZmzgL3S5KcOeN2dTeoGk8HoXOo=
28,17,A/9t8Ij571cSl2WiQchCR+LESZ0=,yo1O0F/jgomL1LBVAcATTR4FvsM=
28,12,A/9t8Ij571cSl2WiQchCR+LESZ0=,Y6/paxHZyBTM4baiISScueND0aU=
28,13,A/9t8Ij571cSl2WiQchCR+LESZ0=,lkRo6hc6G4D3EUjUGdyx5AWG+dE=
28,14,A/9t8Ij571cSl2WiQchCR+LESZ0=,R7jOtAKcRLQYS6jxDaA1rxjdj0A=
28,15,A/9t8Ij571cSl2WiQchCR+LESZ0=,n+SDtxE54mUUDVoEfjSkfUiF3+4=
28,8,A/9t8Ij571cSl2WiQchCR+LESZ0=,fuG/Iiq+0L0Jzqt+d+FL4Jzvs1k=
28,9,A/9t8Ij571cSl2WiQchCR+LESZ0=,m5CLwdk1U7u8epf7fZyCYGFP9gE=
28,10,A/9t8Ij571cSl2WiQchCR+LESZ0=,0JW17IUfxSM7E77YHiAvw2pP0Eg=
28,11,A/9t8Ij571cSl2WiQchCR+LESZ0=,glHU682EjTq5ATl00K9MNvDfehw=
28,7,A/9t8Ij571cSl2WiQchCR+LESZ0=,EsGXtE4crB54TMIhSkAFra5rPvY=
29,12,A/9t8Ij571cSl2WiQchCR+LESZ0=,c0YYm11dTA03M9kMTp7hQCO7//g=
29,9,A/9t8Ij571cSl2WiQchCR+LESZ0=,0Jn3Fqrx0C7kZzynmJDOkaRrzsA=
29,8,A/9t8Ij571cSl2WiQchCR+LESZ0=,gsFy7VFcRdolqrIi79f76ekUSQE=
29,11,A/9t8Ij571cSl2WiQchCR+LESZ0=,fGjwk42hFdGkiZ8ixCJSEq0uKUo=
29,10,A/9t8Ij571cSl2WiQchCR+LESZ0=,V8ByRqNm7MhHf5sYfX1REBiWni0=
29,7,A/9t8Ij571cSl2WiQchCR+LESZ0=,F/6MyomARAZAxFtoNc118D5u6Ao=
30,12,A/9t8Ij571cSl2WiQchCR+LESZ0=,nhElIv2w/kkYE0PFH+n1e8jNU7A=
30,10,A/9t8Ij571cSl2WiQchCR+LESZ0=,V8ByRqNm7MhHf5sYfX1REBiWni0=
30,11,A/9t8Ij571cSl2WiQchCR+LESZ0=,RYmLRzWbxABgiPc5D++x7MqO0Ds=
30,8,A/9t8Ij571cSl2WiQchCR+LESZ0=,qffXXY83Ltt6K4odzbECMVUZ+28=
30,7,A/9t8Ij571cSl2WiQchCR+LESZ0=,F/6MyomARAZAxFtoNc118D5u6Ao=
31,12,A/9t8Ij571cSl2WiQchCR+LESZ0=,RYmLRzWbxABgiPc5D++x7MqO0Ds=
31,11,A/9t8Ij571cSl2WiQchCR+LESZ0=,n9fTczqI+H1wH0vd/KN7wlQCRD0=
31,10,A/9t8Ij571cSl2WiQchCR+LESZ0=,/bK1khovNw3twPOLvriBAdZYpwY=
31,9,FUP20+Rf+VTVhG0fEVa37t2ii0U=,WeoUC35Wxn6ulU4Rf6OrcK0KHEg=
31,8,FUP20+Rf+VTVhG0fEVa37t2ii0U=,8XSvPLJTRs5DBNCYZM+tykg3OOg=
31,7,FUP20+Rf+VTVhG0fEVa37t2ii0U=,jqgbS+IFyql71s1Mx/PsS6xBKwk=
