-38,-3,OTKY+FkXRZmwmD8+k8Egwv/b8wE=,laUEQgVXH5qOL7KUJSC2h1BYOZ8=
-40,-10,LZKUeesq4j/QZyBHtdW2zH3jEfM=,jFF4G+FnQ5hDDU5FBClH9bHdF5k=
-39,-10,LZKUeesq4j/QZyBHtdW2zH3jEfM=,jFF4G+FnQ5hDDU5FBClH9bHdF5k=
-38,-10,LZKUeesq4j/QZyBHtdW2zH3jEfM=,jFF4G+FnQ5hDDU5FBClH9bHdF5k=
-37,-10,LZKUeesq4j/QZyBHtdW2zH3jEfM=,jFF4G+FnQ5hDDU5FBClH9bHdF5k=
-36,-10,LZKUeesq4j/QZyBHtdW2zH3jEfM=,jFF4G+FnQ5hDDU5FBClH9bHdF5k=
-36,-8,LZKUeesq4j/QZyBHtdW2zH3jEfM=,laUEQgVXH5qOL7KUJSC2h1BYOZ8=
-35,-10,LZKUeesq4j/QZyBHtdW2zH3jEfM=,jFF4G+FnQ5hDDU5FBClH9bHdF5k=
-34,-10,LZKUeesq4j/QZyBHtdW2zH3jEfM=,jFF4G+FnQ5hDDU5FBClH9bHdF5k=
-35,-8,LZKUeesq4j/QZyBHtdW2zH3jEfM=,laUEQgVXH5qOL7KUJSC2h1BYOZ8=
-40,-9,LZKUeesq4j/QZyBHtdW2zH3jEfM=,jFF4G+FnQ5hDDU5FBClH9bHdF5k=
-39,-9,LZKUeesq4j/QZyBHtdW2zH3jEfM=,jFF4G+FnQ5hDDU5FBClH9bHdF5k=
-38,-9,LZKUeesq4j/QZyBHtdW2zH3jEfM=,jFF4G+FnQ5hDDU5FBClH9bHdF5k=
-37,-9,LZKUeesq4j/QZyBHtdW2zH3jEfM=,jFF4G+FnQ5hDDU5FBClH9bHdF5k=
-40,-15,LZKUeesq4j/QZyBHtdW2zH3jEfM=,jFF4G+FnQ5hDDU5FBClH9bHdF5k=
-36,-9,LZKUeesq4j/QZyBHtdW2zH3jEfM=,jFF4G+FnQ5hDDU5FBClH9bHdF5k=
-39,-15,LZKUeesq4j/QZyBHtdW2zH3jEfM=,jFF4G+FnQ5hDDU5FBClH9bHdF5k=
-38,-15,LZKUeesq4j/QZyBHtdW2zH3jEfM=,jFF4G+FnQ5hDDU5FBClH9bHdF5k=
-35,-9,LZKUeesq4j/QZyBHtdW2zH3jEfM=,jFF4G+FnQ5hDDU5FBClH9bHdF5k=
-37,-15,LZKUeesq4j/QZyBHtdW2zH3jEfM=,jFF4G+FnQ5hDDU5FBClH9bHdF5k=
-36,-15,LZKUeesq4j/QZyBHtdW2zH3jEfM=,jFF4G+FnQ5hDDU5FBClH9bHdF5k=
-34,-9,LZKUeesq4j/QZyBHtdW2zH3jEfM=,jFF4G+FnQ5hDDU5FBClH9bHdF5k=
-34,-8,LZKUeesq4j/QZyBHtdW2zH3jEfM=,laUEQgVXH5qOL7KUJSC2h1BYOZ8=
-35,-15,LZKUeesq4j/QZyBHtdW2zH3jEfM=,jFF4G+FnQ5hDDU5FBClH9bHdF5k=
-40,-8,LZKUeesq4j/QZyBHtdW2zH3jEfM=,laUEQgVXH5qOL7KUJSC2h1BYOZ8=
-40,-14,LZKUeesq4j/QZyBHtdW2zH3jEfM=,jFF4G+FnQ5hDDU5FBClH9bHdF5k=
-34,-15,LZKUeesq4j/QZyBHtdW2zH3jEfM=,jFF4G+FnQ5hDDU5FBClH9bHdF5k=
-39,-14,LZKUeesq4j/QZyBHtdW2zH3jEfM=,jFF4G+FnQ5hDDU5FBClH9bHdF5k=
-38,-14,LZKUeesq4j/QZyBHtdW2zH3jEfM=,jFF4G+FnQ5hDDU5FBClH9bHdF5k=
-37,-14,LZKUeesq4j/QZyBHtdW2zH3jEfM=,jFF4G+FnQ5hDDU5FBClH9bHdF5k=
-36,-14,LZKUeesq4j/QZyBHtdW2zH3jEfM=,jFF4G+FnQ5hDDU5FBClH9bHdF5k=
-34,-14,LZKUeesq4j/QZyBHtdW2zH3jEfM=,jFF4G+FnQ5hDDU5FBClH9bHdF5k=
-38,-8,LZKUeesq4j/QZyBHtdW2zH3jEfM=,laUEQgVXH5qOL7KUJSC2h1BYOZ8=
-40,-13,LZKUeesq4j/QZyBHtdW2zH3jEfM=,jFF4G+FnQ5hDDU5FBClH9bHdF5k=
-35,-14,LZKUeesq4j/QZyBHtdW2zH3jEfM=,jFF4G+FnQ5hDDU5FBClH9bHdF5k=
-39,-13,LZKUeesq4j/QZyBHtdW2zH3jEfM=,jFF4G+FnQ5hDDU5FBClH9bHdF5k=
-38,-13,LZKUeesq4j/QZyBHtdW2zH3jEfM=,jFF4G+FnQ5hDDU5FBClH9bHdF5k=
-36,-13,LZKUeesq4j/QZyBHtdW2zH3jEfM=,jFF4G+FnQ5hDDU5FBClH9bHdF5k=
-35,-13,LZKUeesq4j/QZyBHtdW2zH3jEfM=,jFF4G+FnQ5hDDU5FBClH9bHdF5k=
-39,-8,LZKUeesq4j/QZyBHtdW2zH3jEfM=,laUEQgVXH5qOL7KUJSC2h1BYOZ8=
-37,-13,LZKUeesq4j/QZyBHtdW2zH3jEfM=,jFF4G+FnQ5hDDU5FBClH9bHdF5k=
-40,-12,LZKUeesq4j/QZyBHtdW2zH3jEfM=,jFF4G+FnQ5hDDU5FBClH9bHdF5k=
-34,-13,LZKUeesq4j/QZyBHtdW2zH3jEfM=,jFF4G+FnQ5hDDU5FBClH9bHdF5k=
-39,-12,LZKUeesq4j/QZyBHtdW2zH3jEfM=,jFF4G+FnQ5hDDU5FBClH9bHdF5k=
-38,-12,LZKUeesq4j/QZyBHtdW2zH3jEfM=,jFF4G+FnQ5hDDU5FBClH9bHdF5k=
-37,-12,LZKUeesq4j/QZyBHtdW2zH3jEfM=,jFF4G+FnQ5hDDU5FBClH9bHdF5k=
-36,-12,LZKUeesq4j/QZyBHtdW2zH3jEfM=,jFF4G+FnQ5hDDU5FBClH9bHdF5k=
-35,-12,LZKUeesq4j/QZyBHtdW2zH3jEfM=,jFF4G+FnQ5hDDU5FBClH9bHdF5k=
-37,-8,LZKUeesq4j/QZyBHtdW2zH3jEfM=,laUEQgVXH5qOL7KUJSC2h1BYOZ8=
-34,-12,LZKUeesq4j/QZyBHtdW2zH3jEfM=,jFF4G+FnQ5hDDU5FBClH9bHdF5k=
-40,-11,LZKUeesq4j/QZyBHtdW2zH3jEfM=,jFF4G+FnQ5hDDU5FBClH9bHdF5k=
-38,-11,LZKUeesq4j/QZyBHtdW2zH3jEfM=,jFF4G+FnQ5hDDU5FBClH9bHdF5k=
-37,-11,LZKUeesq4j/QZyBHtdW2zH3jEfM=,jFF4G+FnQ5hDDU5FBClH9bHdF5k=
-39,-11,LZKUeesq4j/QZyBHtdW2zH3jEfM=,jFF4G+FnQ5hDDU5FBClH9bHdF5k=
-36,-11,LZKUeesq4j/QZyBHtdW2zH3jEfM=,jFF4G+FnQ5hDDU5FBClH9bHdF5k=
-35,-11,LZKUeesq4j/QZyBHtdW2zH3jEfM=,jFF4G+FnQ5hDDU5FBClH9bHdF5k=
-34,-11,LZKUeesq4j/QZyBHtdW2zH3jEfM=,jFF4G+FnQ5hDDU5FBClH9bHdF5k=
-33,-4,LZKUeesq4j/QZyBHtdW2zH3jEfM=,laUEQgVXH5qOL7KUJSC2h1BYOZ8=
-33,-7,LZKUeesq4j/QZyBHtdW2zH3jEfM=,laUEQgVXH5qOL7KUJSC2h1BYOZ8=
-33,-2,LZKUeesq4j/QZyBHtdW2zH3jEfM=,laUEQgVXH5qOL7KUJSC2h1BYOZ8=
-33,-3,LZKUeesq4j/QZyBHtdW2zH3jEfM=,laUEQgVXH5qOL7KUJSC2h1BYOZ8=
-33,-5,LZKUeesq4j/QZyBHtdW2zH3jEfM=,laUEQgVXH5qOL7KUJSC2h1BYOZ8=
-33,-9,LZKUeesq4j/QZyBHtdW2zH3jEfM=,jFF4G+FnQ5hDDU5FBClH9bHdF5k=
-33,-6,LZKUeesq4j/QZyBHtdW2zH3jEfM=,laUEQgVXH5qOL7KUJSC2h1BYOZ8=
-40,-16,LZKUeesq4j/QZyBHtdW2zH3jEfM=,jFF4G+FnQ5hDDU5FBClH9bHdF5k=
-37,-2,LZKUeesq4j/QZyBHtdW2zH3jEfM=,laUEQgVXH5qOL7KUJSC2h1BYOZ8=
-39,-16,LZKUeesq4j/QZyBHtdW2zH3jEfM=,jFF4G+FnQ5hDDU5FBClH9bHdF5k=
-33,-8,LZKUeesq4j/QZyBHtdW2zH3jEfM=,laUEQgVXH5qOL7KUJSC2h1BYOZ8=
-37,-16,LZKUeesq4j/QZyBHtdW2zH3jEfM=,jFF4G+FnQ5hDDU5FBClH9bHdF5k=
-38,-16,LZKUeesq4j/QZyBHtdW2zH3jEfM=,jFF4G+FnQ5hDDU5FBClH9bHdF5k=
-35,-16,LZKUeesq4j/QZyBHtdW2zH3jEfM=,jFF4G+FnQ5hDDU5FBClH9bHdF5k=
-34,-16,LZKUeesq4j/QZyBHtdW2zH3jEfM=,jFF4G+FnQ5hDDU5FBClH9bHdF5k=
-36,-16,LZKUeesq4j/QZyBHtdW2zH3jEfM=,jFF4G+FnQ5hDDU5FBClH9bHdF5k=
-36,-1,LZKUeesq4j/QZyBHtdW2zH3jEfM=,laUEQgVXH5qOL7KUJSC2h1BYOZ8=
-35,-1,LZKUeesq4j/QZyBHtdW2zH3jEfM=,laUEQgVXH5qOL7KUJSC2h1BYOZ8=
-34,-1,LZKUeesq4j/QZyBHtdW2zH3jEfM=,laUEQgVXH5qOL7KUJSC2h1BYOZ8=
-39,-1,LZKUeesq4j/QZyBHtdW2zH3jEfM=,laUEQgVXH5qOL7KUJSC2h1BYOZ8=
-38,-1,LZKUeesq4j/QZyBHtdW2zH3jEfM=,laUEQgVXH5qOL7KUJSC2h1BYOZ8=
-40,-1,LZKUeesq4j/QZyBHtdW2zH3jEfM=,laUEQgVXH5qOL7KUJSC2h1BYOZ8=
-38,-2,LZKUeesq4j/QZyBHtdW2zH3jEfM=,laUEQgVXH5qOL7KUJSC2h1BYOZ8=
-39,-3,LZKUeesq4j/QZyBHtdW2zH3jEfM=,laUEQgVXH5qOL7KUJSC2h1BYOZ8=
-40,-3,LZKUeesq4j/QZyBHtdW2zH3jEfM=,laUEQgVXH5qOL7KUJSC2h1BYOZ8=
-37,-1,LZKUeesq4j/QZyBHtdW2zH3jEfM=,laUEQgVXH5qOL7KUJSC2h1BYOZ8=
-39,-4,LZKUeesq4j/QZyBHtdW2zH3jEfM=,laUEQgVXH5qOL7KUJSC2h1BYOZ8=
-40,-4,LZKUeesq4j/QZyBHtdW2zH3jEfM=,laUEQgVXH5qOL7KUJSC2h1BYOZ8=
-34,-6,LZKUeesq4j/QZyBHtdW2zH3jEfM=,laUEQgVXH5qOL7KUJSC2h1BYOZ8=
-38,-6,LZKUeesq4j/QZyBHtdW2zH3jEfM=,laUEQgVXH5qOL7KUJSC2h1BYOZ8=
-37,-6,LZKUeesq4j/QZyBHtdW2zH3jEfM=,laUEQgVXH5qOL7KUJSC2h1BYOZ8=
-36,-6,LZKUeesq4j/QZyBHtdW2zH3jEfM=,laUEQgVXH5qOL7KUJSC2h1BYOZ8=
-35,-6,LZKUeesq4j/QZyBHtdW2zH3jEfM=,laUEQgVXH5qOL7KUJSC2h1BYOZ8=
-34,-5,LZKUeesq4j/QZyBHtdW2zH3jEfM=,laUEQgVXH5qOL7KUJSC2h1BYOZ8=
-39,-2,LZKUeesq4j/QZyBHtdW2zH3jEfM=,laUEQgVXH5qOL7KUJSC2h1BYOZ8=
-40,-2,LZKUeesq4j/QZyBHtdW2zH3jEfM=,laUEQgVXH5qOL7KUJSC2h1BYOZ8=
-35,-5,LZKUeesq4j/QZyBHtdW2zH3jEfM=,laUEQgVXH5qOL7KUJSC2h1BYOZ8=
-39,-6,LZKUeesq4j/QZyBHtdW2zH3jEfM=,laUEQgVXH5qOL7KUJSC2h1BYOZ8=
-36,-5,LZKUeesq4j/QZyBHtdW2zH3jEfM=,laUEQgVXH5qOL7KUJSC2h1BYOZ8=
-37,-5,LZKUeesq4j/QZyBHtdW2zH3jEfM=,laUEQgVXH5qOL7KUJSC2h1BYOZ8=
-34,-7,LZKUeesq4j/QZyBHtdW2zH3jEfM=,laUEQgVXH5qOL7KUJSC2h1BYOZ8=
-40,-6,LZKUeesq4j/QZyBHtdW2zH3jEfM=,laUEQgVXH5qOL7KUJSC2h1BYOZ8=
-35,-7,LZKUeesq4j/QZyBHtdW2zH3jEfM=,laUEQgVXH5qOL7KUJSC2h1BYOZ8=
-34,-2,LZKUeesq4j/QZyBHtdW2zH3jEfM=,laUEQgVXH5qOL7KUJSC2h1BYOZ8=
-38,-5,LZKUeesq4j/QZyBHtdW2zH3jEfM=,laUEQgVXH5qOL7KUJSC2h1BYOZ8=
-36,-7,LZKUeesq4j/QZyBHtdW2zH3jEfM=,laUEQgVXH5qOL7KUJSC2h1BYOZ8=
-35,-3,LZKUeesq4j/QZyBHtdW2zH3jEfM=,laUEQgVXH5qOL7KUJSC2h1BYOZ8=
-34,-3,LZKUeesq4j/QZyBHtdW2zH3jEfM=,laUEQgVXH5qOL7KUJSC2h1BYOZ8=
-37,-7,LZKUeesq4j/QZyBHtdW2zH3jEfM=,laUEQgVXH5qOL7KUJSC2h1BYOZ8=
-34,-4,LZKUeesq4j/QZyBHtdW2zH3jEfM=,laUEQgVXH5qOL7KUJSC2h1BYOZ8=
-35,-4,LZKUeesq4j/QZyBHtdW2zH3jEfM=,laUEQgVXH5qOL7KUJSC2h1BYOZ8=
-38,-7,LZKUeesq4j/QZyBHtdW2zH3jEfM=,laUEQgVXH5qOL7KUJSC2h1BYOZ8=
-36,-4,LZKUeesq4j/QZyBHtdW2zH3jEfM=,laUEQgVXH5qOL7KUJSC2h1BYOZ8=
-39,-7,LZKUeesq4j/QZyBHtdW2zH3jEfM=,laUEQgVXH5qOL7KUJSC2h1BYOZ8=
-37,-4,LZKUeesq4j/QZyBHtdW2zH3jEfM=,laUEQgVXH5qOL7KUJSC2h1BYOZ8=
-39,-5,LZKUeesq4j/QZyBHtdW2zH3jEfM=,laUEQgVXH5qOL7KUJSC2h1BYOZ8=
-40,-7,LZKUeesq4j/QZyBHtdW2zH3jEfM=,laUEQgVXH5qOL7KUJSC2h1BYOZ8=
-36,-3,LZKUeesq4j/QZyBHtdW2zH3jEfM=,laUEQgVXH5qOL7KUJSC2h1BYOZ8=
-37,-3,LZKUeesq4j/QZyBHtdW2zH3jEfM=,laUEQgVXH5qOL7KUJSC2h1BYOZ8=
-40,-5,LZKUeesq4j/QZyBHtdW2zH3jEfM=,laUEQgVXH5qOL7KUJSC2h1BYOZ8=
-38,-4,LZKUeesq4j/QZyBHtdW2zH3jEfM=,laUEQgVXH5qOL7KUJSC2h1BYOZ8=
-36,-2,LZKUeesq4j/QZyBHtdW2zH3jEfM=,laUEQgVXH5qOL7KUJSC2h1BYOZ8=
-35,-2,LZKUeesq4j/QZyBHtdW2zH3jEfM=,laUEQgVXH5qOL7KUJSC2h1BYOZ8=
-33,-1,LZKUeesq4j/QZyBHtdW2zH3jEfM=,laUEQgVXH5qOL7KUJSC2h1BYOZ8=
-33,-16,LZKUeesq4j/QZyBHtdW2zH3jEfM=,jFF4G+FnQ5hDDU5FBClH9bHdF5k=
-33,-11,LZKUeesq4j/QZyBHtdW2zH3jEfM=,jFF4G+FnQ5hDDU5FBClH9bHdF5k=
-33,-10,LZKUeesq4j/QZyBHtdW2zH3jEfM=,jFF4G+FnQ5hDDU5FBClH9bHdF5k=
-33,-13,LZKUeesq4j/QZyBHtdW2zH3jEfM=,jFF4G+FnQ5hDDU5FBClH9bHdF5k=
-33,-14,LZKUeesq4j/QZyBHtdW2zH3jEfM=,jFF4G+FnQ5hDDU5FBClH9bHdF5k=
-33,-15,LZKUeesq4j/QZyBHtdW2zH3jEfM=,jFF4G+FnQ5hDDU5FBClH9bHdF5k=
-33,-12,LZKUeesq4j/QZyBHtdW2zH3jEfM=,jFF4G+FnQ5hDDU5FBClH9bHdF5k=
-44,-18,LZKUeesq4j/QZyBHtdW2zH3jEfM=,mycClmCnmImHaE9Vm/XimKtu5ZY=
-43,-18,zc/qVq0na+PCMINzxnESir2N3Zs=,mycClmCnmImHaE9Vm/XimKtu5ZY=
-47,-26,zc/qVq0na+PCMINzxnESir2N3Zs=,bVlcpMixr0yqM728N58wzMswXtM=
-46,-26,zc/qVq0na+PCMINzxnESir2N3Zs=,bVlcpMixr0yqM728N58wzMswXtM=
-45,-26,zc/qVq0na+PCMINzxnESir2N3Zs=,bVlcpMixr0yqM728N58wzMswXtM=
-44,-26,4B+eKybDcEJ1uE45ZexnmLiNmMk=,bVlcpMixr0yqM728N58wzMswXtM=
-43,-26,4B+eKybDcEJ1uE45ZexnmLiNmMk=,bVlcpMixr0yqM728N58wzMswXtM=
-42,-26,Ar/n/ZlaGARDV+fxyV6HXGG9OGY=,bVlcpMixr0yqM728N58wzMswXtM=
-47,-25,Ar/n/ZlaGARDV+fxyV6HXGG9OGY=,bVlcpMixr0yqM728N58wzMswXtM=
-46,-25,Ar/n/ZlaGARDV+fxyV6HXGG9OGY=,bVlcpMixr0yqM728N58wzMswXtM=
-45,-25,Ar/n/ZlaGARDV+fxyV6HXGG9OGY=,bVlcpMixr0yqM728N58wzMswXtM=
-44,-25,Ar/n/ZlaGARDV+fxyV6HXGG9OGY=,bVlcpMixr0yqM728N58wzMswXtM=
-43,-25,Ar/n/ZlaGARDV+fxyV6HXGG9OGY=,bVlcpMixr0yqM728N58wzMswXtM=
-42,-25,Ar/n/ZlaGARDV+fxyV6HXGG9OGY=,bVlcpMixr0yqM728N58wzMswXtM=
-46,-24,Ar/n/ZlaGARDV+fxyV6HXGG9OGY=,mycClmCnmImHaE9Vm/XimKtu5ZY=
-45,-24,Ar/n/ZlaGARDV+fxyV6HXGG9OGY=,mycClmCnmImHaE9Vm/XimKtu5ZY=
-47,-24,Ar/n/ZlaGARDV+fxyV6HXGG9OGY=,mycClmCnmImHaE9Vm/XimKtu5ZY=
-44,-24,Ar/n/ZlaGARDV+fxyV6HXGG9OGY=,mycClmCnmImHaE9Vm/XimKtu5ZY=
-42,-24,Ar/n/ZlaGARDV+fxyV6HXGG9OGY=,mycClmCnmImHaE9Vm/XimKtu5ZY=
-43,-24,Ar/n/ZlaGARDV+fxyV6HXGG9OGY=,mycClmCnmImHaE9Vm/XimKtu5ZY=
-46,-29,Ar/n/ZlaGARDV+fxyV6HXGG9OGY=,bVlcpMixr0yqM728N58wzMswXtM=
-47,-29,Ar/n/ZlaGARDV+fxyV6HXGG9OGY=,bVlcpMixr0yqM728N58wzMswXtM=
-45,-29,Ar/n/ZlaGARDV+fxyV6HXGG9OGY=,bVlcpMixr0yqM728N58wzMswXtM=
-44,-29,Ar/n/ZlaGARDV+fxyV6HXGG9OGY=,bVlcpMixr0yqM728N58wzMswXtM=
-42,-29,Ar/n/ZlaGARDV+fxyV6HXGG9OGY=,bVlcpMixr0yqM728N58wzMswXtM=
-43,-29,Ar/n/ZlaGARDV+fxyV6HXGG9OGY=,bVlcpMixr0yqM728N58wzMswXtM=
-47,-28,Ar/n/ZlaGARDV+fxyV6HXGG9OGY=,bVlcpMixr0yqM728N58wzMswXtM=
-42,-30,Ar/n/ZlaGARDV+fxyV6HXGG9OGY=,bVlcpMixr0yqM728N58wzMswXtM=
-46,-28,Ar/n/ZlaGARDV+fxyV6HXGG9OGY=,bVlcpMixr0yqM728N58wzMswXtM=
-45,-28,Ar/n/ZlaGARDV+fxyV6HXGG9OGY=,bVlcpMixr0yqM728N58wzMswXtM=
-47,-31,Ar/n/ZlaGARDV+fxyV6HXGG9OGY=,bVlcpMixr0yqM728N58wzMswXtM=
-46,-31,Ar/n/ZlaGARDV+fxyV6HXGG9OGY=,bVlcpMixr0yqM728N58wzMswXtM=
-43,-28,Ar/n/ZlaGARDV+fxyV6HXGG9OGY=,bVlcpMixr0yqM728N58wzMswXtM=
-44,-28,Ar/n/ZlaGARDV+fxyV6HXGG9OGY=,bVlcpMixr0yqM728N58wzMswXtM=
-42,-28,Ar/n/ZlaGARDV+fxyV6HXGG9OGY=,bVlcpMixr0yqM728N58wzMswXtM=
-44,-31,Ar/n/ZlaGARDV+fxyV6HXGG9OGY=,bVlcpMixr0yqM728N58wzMswXtM=
-43,-31,Ar/n/ZlaGARDV+fxyV6HXGG9OGY=,bVlcpMixr0yqM728N58wzMswXtM=
-42,-31,Ar/n/ZlaGARDV+fxyV6HXGG9OGY=,bVlcpMixr0yqM728N58wzMswXtM=
-45,-31,Ar/n/ZlaGARDV+fxyV6HXGG9OGY=,bVlcpMixr0yqM728N58wzMswXtM=
-47,-27,Ar/n/ZlaGARDV+fxyV6HXGG9OGY=,bVlcpMixr0yqM728N58wzMswXtM=
-47,-30,Ar/n/ZlaGARDV+fxyV6HXGG9OGY=,bVlcpMixr0yqM728N58wzMswXtM=
-46,-27,Ar/n/ZlaGARDV+fxyV6HXGG9OGY=,bVlcpMixr0yqM728N58wzMswXtM=
-45,-27,Ar/n/ZlaGARDV+fxyV6HXGG9OGY=,bVlcpMixr0yqM728N58wzMswXtM=
-46,-30,Ar/n/ZlaGARDV+fxyV6HXGG9OGY=,bVlcpMixr0yqM728N58wzMswXtM=
-44,-27,Ar/n/ZlaGARDV+fxyV6HXGG9OGY=,bVlcpMixr0yqM728N58wzMswXtM=
-45,-30,Ar/n/ZlaGARDV+fxyV6HXGG9OGY=,bVlcpMixr0yqM728N58wzMswXtM=
-43,-27,ssJ1nwlBkr/mh47mHgt3oBuj2/U=,bVlcpMixr0yqM728N58wzMswXtM=
-42,-27,ssJ1nwlBkr/mh47mHgt3oBuj2/U=,bVlcpMixr0yqM728N58wzMswXtM=
-44,-30,ssJ1nwlBkr/mh47mHgt3oBuj2/U=,bVlcpMixr0yqM728N58wzMswXtM=
-43,-30,ssJ1nwlBkr/mh47mHgt3oBuj2/U=,bVlcpMixr0yqM728N58wzMswXtM=
-48,-23,ssJ1nwlBkr/mh47mHgt3oBuj2/U=,mycClmCnmImHaE9Vm/XimKtu5ZY=
-48,-22,ssJ1nwlBkr/mh47mHgt3oBuj2/U=,mycClmCnmImHaE9Vm/XimKtu5ZY=
-48,-21,ssJ1nwlBkr/mh47mHgt3oBuj2/U=,mycClmCnmImHaE9Vm/XimKtu5ZY=
-48,-20,ssJ1nwlBkr/mh47mHgt3oBuj2/U=,mycClmCnmImHaE9Vm/XimKtu5ZY=
-48,-19,ssJ1nwlBkr/mh47mHgt3oBuj2/U=,mycClmCnmImHaE9Vm/XimKtu5ZY=
-48,-18,ssJ1nwlBkr/mh47mHgt3oBuj2/U=,mycClmCnmImHaE9Vm/XimKtu5ZY=
-36,-18,ssJ1nwlBkr/mh47mHgt3oBuj2/U=,71j0FIR8Q848huBkFLjbFd2/PMA=
-38,-20,ssJ1nwlBkr/mh47mHgt3oBuj2/U=,71j0FIR8Q848huBkFLjbFd2/PMA=
-35,-18,ssJ1nwlBkr/mh47mHgt3oBuj2/U=,71j0FIR8Q848huBkFLjbFd2/PMA=
-36,-19,ssJ1nwlBkr/mh47mHgt3oBuj2/U=,71j0FIR8Q848huBkFLjbFd2/PMA=
-40,-22,ssJ1nwlBkr/mh47mHgt3oBuj2/U=,71j0FIR8Q848huBkFLjbFd2/PMA=
-39,-22,ssJ1nwlBkr/mh47mHgt3oBuj2/U=,71j0FIR8Q848huBkFLjbFd2/PMA=
-41,-18,ssJ1nwlBkr/mh47mHgt3oBuj2/U=,mycClmCnmImHaE9Vm/XimKtu5ZY=
-40,-21,ssJ1nwlBkr/mh47mHgt3oBuj2/U=,71j0FIR8Q848huBkFLjbFd2/PMA=
-41,-23,ssJ1nwlBkr/mh47mHgt3oBuj2/U=,mycClmCnmImHaE9Vm/XimKtu5ZY=
-41,-22,ssJ1nwlBkr/mh47mHgt3oBuj2/U=,mycClmCnmImHaE9Vm/XimKtu5ZY=
-39,-21,ssJ1nwlBkr/mh47mHgt3oBuj2/U=,71j0FIR8Q848huBkFLjbFd2/PMA=
-38,-21,ssJ1nwlBkr/mh47mHgt3oBuj2/U=,71j0FIR8Q848huBkFLjbFd2/PMA=
-41,-21,ssJ1nwlBkr/mh47mHgt3oBuj2/U=,mycClmCnmImHaE9Vm/XimKtu5ZY=
-40,-18,ssJ1nwlBkr/mh47mHgt3oBuj2/U=,71j0FIR8Q848huBkFLjbFd2/PMA=
-40,-19,ssJ1nwlBkr/mh47mHgt3oBuj2/U=,71j0FIR8Q848huBkFLjbFd2/PMA=
-39,-18,ssJ1nwlBkr/mh47mHgt3oBuj2/U=,71j0FIR8Q848huBkFLjbFd2/PMA=
-39,-19,ssJ1nwlBkr/mh47mHgt3oBuj2/U=,71j0FIR8Q848huBkFLjbFd2/PMA=
-40,-20,ssJ1nwlBkr/mh47mHgt3oBuj2/U=,71j0FIR8Q848huBkFLjbFd2/PMA=
-41,-20,ssJ1nwlBkr/mh47mHgt3oBuj2/U=,mycClmCnmImHaE9Vm/XimKtu5ZY=
-39,-20,ssJ1nwlBkr/mh47mHgt3oBuj2/U=,71j0FIR8Q848huBkFLjbFd2/PMA=
-38,-18,FUdnMXygQqrGqEjt6H4VJJd8urI=,71j0FIR8Q848huBkFLjbFd2/PMA=
-40,-23,FUdnMXygQqrGqEjt6H4VJJd8urI=,71j0FIR8Q848huBkFLjbFd2/PMA=
-41,-19,FUdnMXygQqrGqEjt6H4VJJd8urI=,mycClmCnmImHaE9Vm/XimKtu5ZY=
-39,-23,FUdnMXygQqrGqEjt6H4VJJd8urI=,71j0FIR8Q848huBkFLjbFd2/PMA=
-38,-19,FUdnMXygQqrGqEjt6H4VJJd8urI=,71j0FIR8Q848huBkFLjbFd2/PMA=
-37,-18,FUdnMXygQqrGqEjt6H4VJJd8urI=,71j0FIR8Q848huBkFLjbFd2/PMA=
-37,-19,FUdnMXygQqrGqEjt6H4VJJd8urI=,71j0FIR8Q848huBkFLjbFd2/PMA=
-45,-18,FUdnMXygQqrGqEjt6H4VJJd8urI=,mycClmCnmImHaE9Vm/XimKtu5ZY=
-40,-27,FUdnMXygQqrGqEjt6H4VJJd8urI=,3dyxe2r0y8YBHrkoMnwf1f/HrxI=
-41,-26,FUdnMXygQqrGqEjt6H4VJJd8urI=,bVlcpMixr0yqM728N58wzMswXtM=
-41,-25,FUdnMXygQqrGqEjt6H4VJJd8urI=,bVlcpMixr0yqM728N58wzMswXtM=
-41,-24,FUdnMXygQqrGqEjt6H4VJJd8urI=,mycClmCnmImHaE9Vm/XimKtu5ZY=
-40,-31,FUdnMXygQqrGqEjt6H4VJJd8urI=,3dyxe2r0y8YBHrkoMnwf1f/HrxI=
-40,-26,FUdnMXygQqrGqEjt6H4VJJd8urI=,3dyxe2r0y8YBHrkoMnwf1f/HrxI=
-40,-24,FUdnMXygQqrGqEjt6H4VJJd8urI=,71j0FIR8Q848huBkFLjbFd2/PMA=
-40,-30,FUdnMXygQqrGqEjt6H4VJJd8urI=,3dyxe2r0y8YBHrkoMnwf1f/HrxI=
-40,-25,FUdnMXygQqrGqEjt6H4VJJd8urI=,3dyxe2r0y8YBHrkoMnwf1f/HrxI=
-40,-29,FUdnMXygQqrGqEjt6H4VJJd8urI=,3dyxe2r0y8YBHrkoMnwf1f/HrxI=
-39,-25,FUdnMXygQqrGqEjt6H4VJJd8urI=,3dyxe2r0y8YBHrkoMnwf1f/HrxI=
-41,-29,FUdnMXygQqrGqEjt6H4VJJd8urI=,bVlcpMixr0yqM728N58wzMswXtM=
-40,-28,FUdnMXygQqrGqEjt6H4VJJd8urI=,3dyxe2r0y8YBHrkoMnwf1f/HrxI=
-39,-24,FUdnMXygQqrGqEjt6H4VJJd8urI=,71j0FIR8Q848huBkFLjbFd2/PMA=
-41,-28,FUdnMXygQqrGqEjt6H4VJJd8urI=,bVlcpMixr0yqM728N58wzMswXtM=
-41,-31,FUdnMXygQqrGqEjt6H4VJJd8urI=,bVlcpMixr0yqM728N58wzMswXtM=
-41,-27,FUdnMXygQqrGqEjt6H4VJJd8urI=,bVlcpMixr0yqM728N58wzMswXtM=
-41,-30,FUdnMXygQqrGqEjt6H4VJJd8urI=,bVlcpMixr0yqM728N58wzMswXtM=
-47,-32,FUdnMXygQqrGqEjt6H4VJJd8urI=,bVlcpMixr0yqM728N58wzMswXtM=
-46,-32,FUdnMXygQqrGqEjt6H4VJJd8urI=,bVlcpMixr0yqM728N58wzMswXtM=
-45,-32,FUdnMXygQqrGqEjt6H4VJJd8urI=,bVlcpMixr0yqM728N58wzMswXtM=
-44,-32,FUdnMXygQqrGqEjt6H4VJJd8urI=,bVlcpMixr0yqM728N58wzMswXtM=
-43,-32,FUdnMXygQqrGqEjt6H4VJJd8urI=,bVlcpMixr0yqM728N58wzMswXtM=
-42,-32,FUdnMXygQqrGqEjt6H4VJJd8urI=,bVlcpMixr0yqM728N58wzMswXtM=
-48,-26,FUdnMXygQqrGqEjt6H4VJJd8urI=,bVlcpMixr0yqM728N58wzMswXtM=
-48,-25,FUdnMXygQqrGqEjt6H4VJJd8urI=,bVlcpMixr0yqM728N58wzMswXtM=
-48,-24,FUdnMXygQqrGqEjt6H4VJJd8urI=,mycClmCnmImHaE9Vm/XimKtu5ZY=
-48,-29,FUdnMXygQqrGqEjt6H4VJJd8urI=,bVlcpMixr0yqM728N58wzMswXtM=
-48,-28,FUdnMXygQqrGqEjt6H4VJJd8urI=,bVlcpMixr0yqM728N58wzMswXtM=
-48,-31,FUdnMXygQqrGqEjt6H4VJJd8urI=,bVlcpMixr0yqM728N58wzMswXtM=
-48,-27,FUdnMXygQqrGqEjt6H4VJJd8urI=,bVlcpMixr0yqM728N58wzMswXtM=
-48,-30,FUdnMXygQqrGqEjt6H4VJJd8urI=,bVlcpMixr0yqM728N58wzMswXtM=
-46,-18,FUdnMXygQqrGqEjt6H4VJJd8urI=,mycClmCnmImHaE9Vm/XimKtu5ZY=
-40,-32,FUdnMXygQqrGqEjt6H4VJJd8urI=,3dyxe2r0y8YBHrkoMnwf1f/HrxI=
-41,-32,FUdnMXygQqrGqEjt6H4VJJd8urI=,bVlcpMixr0yqM728N58wzMswXtM=
-48,-32,FUdnMXygQqrGqEjt6H4VJJd8urI=,bVlcpMixr0yqM728N58wzMswXtM=
-48,-17,FUdnMXygQqrGqEjt6H4VJJd8urI=,mycClmCnmImHaE9Vm/XimKtu5ZY=
-42,-19,FUdnMXygQqrGqEjt6H4VJJd8urI=,mycClmCnmImHaE9Vm/XimKtu5ZY=
-47,-18,FUdnMXygQqrGqEjt6H4VJJd8urI=,mycClmCnmImHaE9Vm/XimKtu5ZY=
-43,-19,FUdnMXygQqrGqEjt6H4VJJd8urI=,mycClmCnmImHaE9Vm/XimKtu5ZY=
-45,-19,FUdnMXygQqrGqEjt6H4VJJd8urI=,mycClmCnmImHaE9Vm/XimKtu5ZY=
-44,-19,FUdnMXygQqrGqEjt6H4VJJd8urI=,mycClmCnmImHaE9Vm/XimKtu5ZY=
-46,-19,FUdnMXygQqrGqEjt6H4VJJd8urI=,mycClmCnmImHaE9Vm/XimKtu5ZY=
-47,-19,FUdnMXygQqrGqEjt6H4VJJd8urI=,mycClmCnmImHaE9Vm/XimKtu5ZY=
-42,-20,FUdnMXygQqrGqEjt6H4VJJd8urI=,mycClmCnmImHaE9Vm/XimKtu5ZY=
-43,-20,FUdnMXygQqrGqEjt6H4VJJd8urI=,mycClmCnmImHaE9Vm/XimKtu5ZY=
-44,-20,FUdnMXygQqrGqEjt6H4VJJd8urI=,mycClmCnmImHaE9Vm/XimKtu5ZY=
-45,-20,FUdnMXygQqrGqEjt6H4VJJd8urI=,mycClmCnmImHaE9Vm/XimKtu5ZY=
-35,-27,FUdnMXygQqrGqEjt6H4VJJd8urI=,3dyxe2r0y8YBHrkoMnwf1f/HrxI=
-46,-20,FUdnMXygQqrGqEjt6H4VJJd8urI=,mycClmCnmImHaE9Vm/XimKtu5ZY=
-40,-17,FUdnMXygQqrGqEjt6H4VJJd8urI=,71j0FIR8Q848huBkFLjbFd2/PMA=
-39,-17,FUdnMXygQqrGqEjt6H4VJJd8urI=,71j0FIR8Q848huBkFLjbFd2/PMA=
-38,-17,FUdnMXygQqrGqEjt6H4VJJd8urI=,71j0FIR8Q848huBkFLjbFd2/PMA=
-36,-17,FUdnMXygQqrGqEjt6H4VJJd8urI=,71j0FIR8Q848huBkFLjbFd2/PMA=
-37,-17,FUdnMXygQqrGqEjt6H4VJJd8urI=,71j0FIR8Q848huBkFLjbFd2/PMA=
-35,-17,FUdnMXygQqrGqEjt6H4VJJd8urI=,71j0FIR8Q848huBkFLjbFd2/PMA=
-34,-17,FUdnMXygQqrGqEjt6H4VJJd8urI=,71j0FIR8Q848huBkFLjbFd2/PMA=
-41,-17,FUdnMXygQqrGqEjt6H4VJJd8urI=,mycClmCnmImHaE9Vm/XimKtu5ZY=
-47,-20,FUdnMXygQqrGqEjt6H4VJJd8urI=,mycClmCnmImHaE9Vm/XimKtu5ZY=
-33,-17,FUdnMXygQqrGqEjt6H4VJJd8urI=,71j0FIR8Q848huBkFLjbFd2/PMA=
-33,-20,FUdnMXygQqrGqEjt6H4VJJd8urI=,71j0FIR8Q848huBkFLjbFd2/PMA=
-33,-19,FUdnMXygQqrGqEjt6H4VJJd8urI=,71j0FIR8Q848huBkFLjbFd2/PMA=
-34,-27,FUdnMXygQqrGqEjt6H4VJJd8urI=,3dyxe2r0y8YBHrkoMnwf1f/HrxI=
-34,-24,FUdnMXygQqrGqEjt6H4VJJd8urI=,71j0FIR8Q848huBkFLjbFd2/PMA=
-33,-24,FUdnMXygQqrGqEjt6H4VJJd8urI=,71j0FIR8Q848huBkFLjbFd2/PMA=
-36,-27,FUdnMXygQqrGqEjt6H4VJJd8urI=,3dyxe2r0y8YBHrkoMnwf1f/HrxI=
-34,-20,FUdnMXygQqrGqEjt6H4VJJd8urI=,71j0FIR8Q848huBkFLjbFd2/PMA=
-39,-31,FUdnMXygQqrGqEjt6H4VJJd8urI=,3dyxe2r0y8YBHrkoMnwf1f/HrxI=
-35,-24,FUdnMXygQqrGqEjt6H4VJJd8urI=,71j0FIR8Q848huBkFLjbFd2/PMA=
-34,-19,FUdnMXygQqrGqEjt6H4VJJd8urI=,71j0FIR8Q848huBkFLjbFd2/PMA=
-36,-24,FUdnMXygQqrGqEjt6H4VJJd8urI=,71j0FIR8Q848huBkFLjbFd2/PMA=
-35,-28,FUdnMXygQqrGqEjt6H4VJJd8urI=,3dyxe2r0y8YBHrkoMnwf1f/HrxI=
-37,-32,FUdnMXygQqrGqEjt6H4VJJd8urI=,3dyxe2r0y8YBHrkoMnwf1f/HrxI=
-33,-30,FUdnMXygQqrGqEjt6H4VJJd8urI=,3dyxe2r0y8YBHrkoMnwf1f/HrxI=
-33,-28,FUdnMXygQqrGqEjt6H4VJJd8urI=,3dyxe2r0y8YBHrkoMnwf1f/HrxI=
-33,-32,FUdnMXygQqrGqEjt6H4VJJd8urI=,3dyxe2r0y8YBHrkoMnwf1f/HrxI=
-33,-23,FUdnMXygQqrGqEjt6H4VJJd8urI=,71j0FIR8Q848huBkFLjbFd2/PMA=
-35,-20,FUdnMXygQqrGqEjt6H4VJJd8urI=,71j0FIR8Q848huBkFLjbFd2/PMA=
-33,-22,FUdnMXygQqrGqEjt6H4VJJd8urI=,71j0FIR8Q848huBkFLjbFd2/PMA=
-36,-26,FUdnMXygQqrGqEjt6H4VJJd8urI=,3dyxe2r0y8YBHrkoMnwf1f/HrxI=
-35,-26,FUdnMXygQqrGqEjt6H4VJJd8urI=,3dyxe2r0y8YBHrkoMnwf1f/HrxI=
-36,-25,FUdnMXygQqrGqEjt6H4VJJd8urI=,3dyxe2r0y8YBHrkoMnwf1f/HrxI=
-36,-28,FUdnMXygQqrGqEjt6H4VJJd8urI=,3dyxe2r0y8YBHrkoMnwf1f/HrxI=
-36,-23,FUdnMXygQqrGqEjt6H4VJJd8urI=,71j0FIR8Q848huBkFLjbFd2/PMA=
-43,-21,FUdnMXygQqrGqEjt6H4VJJd8urI=,mycClmCnmImHaE9Vm/XimKtu5ZY=
-34,-18,FUdnMXygQqrGqEjt6H4VJJd8urI=,71j0FIR8Q848huBkFLjbFd2/PMA=
-35,-25,FUdnMXygQqrGqEjt6H4VJJd8urI=,3dyxe2r0y8YBHrkoMnwf1f/HrxI=
-36,-22,FUdnMXygQqrGqEjt6H4VJJd8urI=,71j0FIR8Q848huBkFLjbFd2/PMA=
-34,-28,FUdnMXygQqrGqEjt6H4VJJd8urI=,3dyxe2r0y8YBHrkoMnwf1f/HrxI=
-36,-20,FUdnMXygQqrGqEjt6H4VJJd8urI=,71j0FIR8Q848huBkFLjbFd2/PMA=
-34,-26,FUdnMXygQqrGqEjt6H4VJJd8urI=,3dyxe2r0y8YBHrkoMnwf1f/HrxI=
-34,-22,FUdnMXygQqrGqEjt6H4VJJd8urI=,71j0FIR8Q848huBkFLjbFd2/PMA=
-35,-23,FUdnMXygQqrGqEjt6H4VJJd8urI=,71j0FIR8Q848huBkFLjbFd2/PMA=
-33,-21,FUdnMXygQqrGqEjt6H4VJJd8urI=,71j0FIR8Q848huBkFLjbFd2/PMA=
-33,-18,FUdnMXygQqrGqEjt6H4VJJd8urI=,71j0FIR8Q848huBkFLjbFd2/PMA=
-35,-19,FUdnMXygQqrGqEjt6H4VJJd8urI=,71j0FIR8Q848huBkFLjbFd2/PMA=
-33,-27,FUdnMXygQqrGqEjt6H4VJJd8urI=,3dyxe2r0y8YBHrkoMnwf1f/HrxI=
-44,-21,FUdnMXygQqrGqEjt6H4VJJd8urI=,mycClmCnmImHaE9Vm/XimKtu5ZY=
-33,-29,FUdnMXygQqrGqEjt6H4VJJd8urI=,3dyxe2r0y8YBHrkoMnwf1f/HrxI=
-45,-21,FUdnMXygQqrGqEjt6H4VJJd8urI=,mycClmCnmImHaE9Vm/XimKtu5ZY=
-46,-21,FUdnMXygQqrGqEjt6H4VJJd8urI=,mycClmCnmImHaE9Vm/XimKtu5ZY=
-47,-21,FUdnMXygQqrGqEjt6H4VJJd8urI=,mycClmCnmImHaE9Vm/XimKtu5ZY=
-35,-22,FUdnMXygQqrGqEjt6H4VJJd8urI=,71j0FIR8Q848huBkFLjbFd2/PMA=
-34,-25,FUdnMXygQqrGqEjt6H4VJJd8urI=,3dyxe2r0y8YBHrkoMnwf1f/HrxI=
-34,-23,FUdnMXygQqrGqEjt6H4VJJd8urI=,71j0FIR8Q848huBkFLjbFd2/PMA=
-42,-21,FUdnMXygQqrGqEjt6H4VJJd8urI=,mycClmCnmImHaE9Vm/XimKtu5ZY=
-38,-22,FUdnMXygQqrGqEjt6H4VJJd8urI=,71j0FIR8Q848huBkFLjbFd2/PMA=
-37,-22,FUdnMXygQqrGqEjt6H4VJJd8urI=,71j0FIR8Q848huBkFLjbFd2/PMA=
-42,-22,FUdnMXygQqrGqEjt6H4VJJd8urI=,mycClmCnmImHaE9Vm/XimKtu5ZY=
-42,-17,FUdnMXygQqrGqEjt6H4VJJd8urI=,mycClmCnmImHaE9Vm/XimKtu5ZY=
-43,-22,FUdnMXygQqrGqEjt6H4VJJd8urI=,mycClmCnmImHaE9Vm/XimKtu5ZY=
-37,-20,FUdnMXygQqrGqEjt6H4VJJd8urI=,71j0FIR8Q848huBkFLjbFd2/PMA=
-37,-28,FUdnMXygQqrGqEjt6H4VJJd8urI=,3dyxe2r0y8YBHrkoMnwf1f/HrxI=
-34,-21,FUdnMXygQqrGqEjt6H4VJJd8urI=,71j0FIR8Q848huBkFLjbFd2/PMA=
-35,-21,FUdnMXygQqrGqEjt6H4VJJd8urI=,71j0FIR8Q848huBkFLjbFd2/PMA=
-38,-31,FUdnMXygQqrGqEjt6H4VJJd8urI=,3dyxe2r0y8YBHrkoMnwf1f/HrxI=
-43,-17,FUdnMXygQqrGqEjt6H4VJJd8urI=,mycClmCnmImHaE9Vm/XimKtu5ZY=
-44,-17,FUdnMXygQqrGqEjt6H4VJJd8urI=,mycClmCnmImHaE9Vm/XimKtu5ZY=
-37,-21,FUdnMXygQqrGqEjt6H4VJJd8urI=,71j0FIR8Q848huBkFLjbFd2/PMA=
-36,-21,FUdnMXygQqrGqEjt6H4VJJd8urI=,71j0FIR8Q848huBkFLjbFd2/PMA=
-44,-22,FUdnMXygQqrGqEjt6H4VJJd8urI=,mycClmCnmImHaE9Vm/XimKtu5ZY=
-38,-23,FUdnMXygQqrGqEjt6H4VJJd8urI=,71j0FIR8Q848huBkFLjbFd2/PMA=
-38,-27,FUdnMXygQqrGqEjt6H4VJJd8urI=,3dyxe2r0y8YBHrkoMnwf1f/HrxI=
-39,-30,FUdnMXygQqrGqEjt6H4VJJd8urI=,3dyxe2r0y8YBHrkoMnwf1f/HrxI=
-37,-24,FUdnMXygQqrGqEjt6H4VJJd8urI=,71j0FIR8Q848huBkFLjbFd2/PMA=
-39,-27,FUdnMXygQqrGqEjt6H4VJJd8urI=,3dyxe2r0y8YBHrkoMnwf1f/HrxI=
-39,-26,FUdnMXygQqrGqEjt6H4VJJd8urI=,3dyxe2r0y8YBHrkoMnwf1f/HrxI=
-38,-26,FUdnMXygQqrGqEjt6H4VJJd8urI=,3dyxe2r0y8YBHrkoMnwf1f/HrxI=
-37,-27,FUdnMXygQqrGqEjt6H4VJJd8urI=,3dyxe2r0y8YBHrkoMnwf1f/HrxI=
-38,-24,FUdnMXygQqrGqEjt6H4VJJd8urI=,71j0FIR8Q848huBkFLjbFd2/PMA=
-33,-31,FUdnMXygQqrGqEjt6H4VJJd8urI=,3dyxe2r0y8YBHrkoMnwf1f/HrxI=
-38,-25,FUdnMXygQqrGqEjt6H4VJJd8urI=,3dyxe2r0y8YBHrkoMnwf1f/HrxI=
-45,-17,FUdnMXygQqrGqEjt6H4VJJd8urI=,mycClmCnmImHaE9Vm/XimKtu5ZY=
-46,-17,FUdnMXygQqrGqEjt6H4VJJd8urI=,mycClmCnmImHaE9Vm/XimKtu5ZY=
-47,-17,FUdnMXygQqrGqEjt6H4VJJd8urI=,mycClmCnmImHaE9Vm/XimKtu5ZY=
-46,-22,FUdnMXygQqrGqEjt6H4VJJd8urI=,mycClmCnmImHaE9Vm/XimKtu5ZY=
-45,-22,FUdnMXygQqrGqEjt6H4VJJd8urI=,mycClmCnmImHaE9Vm/XimKtu5ZY=
-47,-22,FUdnMXygQqrGqEjt6H4VJJd8urI=,mycClmCnmImHaE9Vm/XimKtu5ZY=
-42,-23,FUdnMXygQqrGqEjt6H4VJJd8urI=,mycClmCnmImHaE9Vm/XimKtu5ZY=
-33,-25,FUdnMXygQqrGqEjt6H4VJJd8urI=,3dyxe2r0y8YBHrkoMnwf1f/HrxI=
-43,-23,FUdnMXygQqrGqEjt6H4VJJd8urI=,mycClmCnmImHaE9Vm/XimKtu5ZY=
-44,-23,FUdnMXygQqrGqEjt6H4VJJd8urI=,mycClmCnmImHaE9Vm/XimKtu5ZY=
-37,-23,FUdnMXygQqrGqEjt6H4VJJd8urI=,71j0FIR8Q848huBkFLjbFd2/PMA=
-45,-23,FUdnMXygQqrGqEjt6H4VJJd8urI=,mycClmCnmImHaE9Vm/XimKtu5ZY=
-46,-23,FUdnMXygQqrGqEjt6H4VJJd8urI=,mycClmCnmImHaE9Vm/XimKtu5ZY=
-47,-23,FUdnMXygQqrGqEjt6H4VJJd8urI=,mycClmCnmImHaE9Vm/XimKtu5ZY=
-42,-18,FUdnMXygQqrGqEjt6H4VJJd8urI=,mycClmCnmImHaE9Vm/XimKtu5ZY=
-33,-26,FUdnMXygQqrGqEjt6H4VJJd8urI=,3dyxe2r0y8YBHrkoMnwf1f/HrxI=
-38,-32,FUdnMXygQqrGqEjt6H4VJJd8urI=,3dyxe2r0y8YBHrkoMnwf1f/HrxI=
-38,-28,FUdnMXygQqrGqEjt6H4VJJd8urI=,3dyxe2r0y8YBHrkoMnwf1f/HrxI=
-36,-31,FUdnMXygQqrGqEjt6H4VJJd8urI=,3dyxe2r0y8YBHrkoMnwf1f/HrxI=
-37,-31,FUdnMXygQqrGqEjt6H4VJJd8urI=,3dyxe2r0y8YBHrkoMnwf1f/HrxI=
-37,-26,FUdnMXygQqrGqEjt6H4VJJd8urI=,3dyxe2r0y8YBHrkoMnwf1f/HrxI=
-39,-28,FUdnMXygQqrGqEjt6H4VJJd8urI=,3dyxe2r0y8YBHrkoMnwf1f/HrxI=
-35,-31,FUdnMXygQqrGqEjt6H4VJJd8urI=,3dyxe2r0y8YBHrkoMnwf1f/HrxI=
-37,-29,FUdnMXygQqrGqEjt6H4VJJd8urI=,3dyxe2r0y8YBHrkoMnwf1f/HrxI=
-36,-30,FUdnMXygQqrGqEjt6H4VJJd8urI=,3dyxe2r0y8YBHrkoMnwf1f/HrxI=
-39,-29,FUdnMXygQqrGqEjt6H4VJJd8urI=,3dyxe2r0y8YBHrkoMnwf1f/HrxI=
-35,-29,FUdnMXygQqrGqEjt6H4VJJd8urI=,3dyxe2r0y8YBHrkoMnwf1f/HrxI=
-37,-25,FUdnMXygQqrGqEjt6H4VJJd8urI=,3dyxe2r0y8YBHrkoMnwf1f/HrxI=
-34,-31,FUdnMXygQqrGqEjt6H4VJJd8urI=,3dyxe2r0y8YBHrkoMnwf1f/HrxI=
-34,-32,FUdnMXygQqrGqEjt6H4VJJd8urI=,3dyxe2r0y8YBHrkoMnwf1f/HrxI=
-37,-30,FUdnMXygQqrGqEjt6H4VJJd8urI=,3dyxe2r0y8YBHrkoMnwf1f/HrxI=
-34,-29,FUdnMXygQqrGqEjt6H4VJJd8urI=,3dyxe2r0y8YBHrkoMnwf1f/HrxI=
-39,-32,FUdnMXygQqrGqEjt6H4VJJd8urI=,3dyxe2r0y8YBHrkoMnwf1f/HrxI=
-34,-30,FUdnMXygQqrGqEjt6H4VJJd8urI=,3dyxe2r0y8YBHrkoMnwf1f/HrxI=
-38,-30,FUdnMXygQqrGqEjt6H4VJJd8urI=,3dyxe2r0y8YBHrkoMnwf1f/HrxI=
-38,-29,FUdnMXygQqrGqEjt6H4VJJd8urI=,3dyxe2r0y8YBHrkoMnwf1f/HrxI=
-35,-30,FUdnMXygQqrGqEjt6H4VJJd8urI=,3dyxe2r0y8YBHrkoMnwf1f/HrxI=
-36,-29,FUdnMXygQqrGqEjt6H4VJJd8urI=,3dyxe2r0y8YBHrkoMnwf1f/HrxI=
-35,-32,FUdnMXygQqrGqEjt6H4VJJd8urI=,3dyxe2r0y8YBHrkoMnwf1f/HrxI=
-36,-32,FUdnMXygQqrGqEjt6H4VJJd8urI=,3dyxe2r0y8YBHrkoMnwf1f/HrxI=
