44,166,UNWsn2butMDY9c5PQt2VBgCC2hI=,UHACyO21AdfOpvhbs5t4p1TSIaY=
43,166,UNWsn2butMDY9c5PQt2VBgCC2hI=,UHACyO21AdfOpvhbs5t4p1TSIaY=
42,166,UNWsn2butMDY9c5PQt2VBgCC2hI=,UHACyO21AdfOpvhbs5t4p1TSIaY=
41,166,UNWsn2butMDY9c5PQt2VBgCC2hI=,UHACyO21AdfOpvhbs5t4p1TSIaY=
38,164,UNWsn2butMDY9c5PQt2VBgCC2hI=,JNIKT4YYeFBc9aYInHSgGceqdSM=
39,164,UNWsn2butMDY9c5PQt2VBgCC2hI=,JNIKT4YYeFBc9aYInHSgGceqdSM=
38,161,UNWsn2butMDY9c5PQt2VBgCC2hI=,JNIKT4YYeFBc9aYInHSgGceqdSM=
33,165,UNWsn2butMDY9c5PQt2VBgCC2hI=,JNIKT4YYeFBc9aYInHSgGceqdSM=
34,165,UNWsn2butMDY9c5PQt2VBgCC2hI=,JNIKT4YYeFBc9aYInHSgGceqdSM=
33,161,UNWsn2butMDY9c5PQt2VBgCC2hI=,JNIKT4YYeFBc9aYInHSgGceqdSM=
40,161,UNWsn2butMDY9c5PQt2VBgCC2hI=,UHACyO21AdfOpvhbs5t4p1TSIaY=
33,162,UNWsn2butMDY9c5PQt2VBgCC2hI=,JNIKT4YYeFBc9aYInHSgGceqdSM=
35,165,UNWsn2butMDY9c5PQt2VBgCC2hI=,JNIKT4YYeFBc9aYInHSgGceqdSM=
36,165,UNWsn2butMDY9c5PQt2VBgCC2hI=,JNIKT4YYeFBc9aYInHSgGceqdSM=
40,162,UNWsn2butMDY9c5PQt2VBgCC2hI=,UHACyO21AdfOpvhbs5t4p1TSIaY=
34,162,UNWsn2butMDY9c5PQt2VBgCC2hI=,JNIKT4YYeFBc9aYInHSgGceqdSM=
37,165,UNWsn2butMDY9c5PQt2VBgCC2hI=,JNIKT4YYeFBc9aYInHSgGceqdSM=
34,161,UNWsn2butMDY9c5PQt2VBgCC2hI=,JNIKT4YYeFBc9aYInHSgGceqdSM=
35,162,UNWsn2butMDY9c5PQt2VBgCC2hI=,JNIKT4YYeFBc9aYInHSgGceqdSM=
33,166,UNWsn2butMDY9c5PQt2VBgCC2hI=,JNIKT4YYeFBc9aYInHSgGceqdSM=
34,166,UNWsn2butMDY9c5PQt2VBgCC2hI=,JNIKT4YYeFBc9aYInHSgGceqdSM=
35,166,UNWsn2butMDY9c5PQt2VBgCC2hI=,JNIKT4YYeFBc9aYInHSgGceqdSM=
35,161,UNWsn2butMDY9c5PQt2VBgCC2hI=,JNIKT4YYeFBc9aYInHSgGceqdSM=
36,166,UNWsn2butMDY9c5PQt2VBgCC2hI=,JNIKT4YYeFBc9aYInHSgGceqdSM=
37,166,UNWsn2butMDY9c5PQt2VBgCC2hI=,JNIKT4YYeFBc9aYInHSgGceqdSM=
36,163,UNWsn2butMDY9c5PQt2VBgCC2hI=,JNIKT4YYeFBc9aYInHSgGceqdSM=
40,163,UNWsn2butMDY9c5PQt2VBgCC2hI=,UHACyO21AdfOpvhbs5t4p1TSIaY=
38,165,UNWsn2butMDY9c5PQt2VBgCC2hI=,JNIKT4YYeFBc9aYInHSgGceqdSM=
36,162,UNWsn2butMDY9c5PQt2VBgCC2hI=,JNIKT4YYeFBc9aYInHSgGceqdSM=
39,165,UNWsn2butMDY9c5PQt2VBgCC2hI=,JNIKT4YYeFBc9aYInHSgGceqdSM=
40,164,UNWsn2butMDY9c5PQt2VBgCC2hI=,UHACyO21AdfOpvhbs5t4p1TSIaY=
37,162,UNWsn2butMDY9c5PQt2VBgCC2hI=,JNIKT4YYeFBc9aYInHSgGceqdSM=
38,166,UNWsn2butMDY9c5PQt2VBgCC2hI=,JNIKT4YYeFBc9aYInHSgGceqdSM=
39,166,UNWsn2butMDY9c5PQt2VBgCC2hI=,JNIKT4YYeFBc9aYInHSgGceqdSM=
40,165,UNWsn2butMDY9c5PQt2VBgCC2hI=,UHACyO21AdfOpvhbs5t4p1TSIaY=
37,163,UNWsn2butMDY9c5PQt2VBgCC2hI=,JNIKT4YYeFBc9aYInHSgGceqdSM=
38,162,UNWsn2butMDY9c5PQt2VBgCC2hI=,JNIKT4YYeFBc9aYInHSgGceqdSM=
36,161,UNWsn2butMDY9c5PQt2VBgCC2hI=,JNIKT4YYeFBc9aYInHSgGceqdSM=
39,162,UNWsn2butMDY9c5PQt2VBgCC2hI=,JNIKT4YYeFBc9aYInHSgGceqdSM=
38,163,UNWsn2butMDY9c5PQt2VBgCC2hI=,JNIKT4YYeFBc9aYInHSgGceqdSM=
40,166,UNWsn2butMDY9c5PQt2VBgCC2hI=,UHACyO21AdfOpvhbs5t4p1TSIaY=
39,163,UNWsn2butMDY9c5PQt2VBgCC2hI=,JNIKT4YYeFBc9aYInHSgGceqdSM=
33,163,UNWsn2butMDY9c5PQt2VBgCC2hI=,JNIKT4YYeFBc9aYInHSgGceqdSM=
37,161,UNWsn2butMDY9c5PQt2VBgCC2hI=,JNIKT4YYeFBc9aYInHSgGceqdSM=
33,164,UNWsn2butMDY9c5PQt2VBgCC2hI=,JNIKT4YYeFBc9aYInHSgGceqdSM=
39,161,UNWsn2butMDY9c5PQt2VBgCC2hI=,JNIKT4YYeFBc9aYInHSgGceqdSM=
34,164,UNWsn2butMDY9c5PQt2VBgCC2hI=,JNIKT4YYeFBc9aYInHSgGceqdSM=
35,164,UNWsn2butMDY9c5PQt2VBgCC2hI=,JNIKT4YYeFBc9aYInHSgGceqdSM=
36,164,UNWsn2butMDY9c5PQt2VBgCC2hI=,JNIKT4YYeFBc9aYInHSgGceqdSM=
37,164,UNWsn2butMDY9c5PQt2VBgCC2hI=,JNIKT4YYeFBc9aYInHSgGceqdSM=
34,163,UNWsn2butMDY9c5PQt2VBgCC2hI=,JNIKT4YYeFBc9aYInHSgGceqdSM=
35,163,UNWsn2butMDY9c5PQt2VBgCC2hI=,JNIKT4YYeFBc9aYInHSgGceqdSM=
41,160,UNWsn2butMDY9c5PQt2VBgCC2hI=,UHACyO21AdfOpvhbs5t4p1TSIaY=
42,160,UNWsn2butMDY9c5PQt2VBgCC2hI=,UHACyO21AdfOpvhbs5t4p1TSIaY=
43,160,UNWsn2butMDY9c5PQt2VBgCC2hI=,UHACyO21AdfOpvhbs5t4p1TSIaY=
44,160,UNWsn2butMDY9c5PQt2VBgCC2hI=,UHACyO21AdfOpvhbs5t4p1TSIaY=
45,160,UNWsn2butMDY9c5PQt2VBgCC2hI=,UHACyO21AdfOpvhbs5t4p1TSIaY=
46,160,UNWsn2butMDY9c5PQt2VBgCC2hI=,UHACyO21AdfOpvhbs5t4p1TSIaY=
47,165,UNWsn2butMDY9c5PQt2VBgCC2hI=,UHACyO21AdfOpvhbs5t4p1TSIaY=
46,165,UNWsn2butMDY9c5PQt2VBgCC2hI=,UHACyO21AdfOpvhbs5t4p1TSIaY=
45,165,UNWsn2butMDY9c5PQt2VBgCC2hI=,UHACyO21AdfOpvhbs5t4p1TSIaY=
32,162,UNWsn2butMDY9c5PQt2VBgCC2hI=,JNIKT4YYeFBc9aYInHSgGceqdSM=
32,161,UNWsn2butMDY9c5PQt2VBgCC2hI=,JNIKT4YYeFBc9aYInHSgGceqdSM=
32,165,UNWsn2butMDY9c5PQt2VBgCC2hI=,JNIKT4YYeFBc9aYInHSgGceqdSM=
32,166,UNWsn2butMDY9c5PQt2VBgCC2hI=,JNIKT4YYeFBc9aYInHSgGceqdSM=
32,163,UNWsn2butMDY9c5PQt2VBgCC2hI=,JNIKT4YYeFBc9aYInHSgGceqdSM=
32,164,UNWsn2butMDY9c5PQt2VBgCC2hI=,JNIKT4YYeFBc9aYInHSgGceqdSM=
47,160,UNWsn2butMDY9c5PQt2VBgCC2hI=,UHACyO21AdfOpvhbs5t4p1TSIaY=
40,160,UNWsn2butMDY9c5PQt2VBgCC2hI=,UHACyO21AdfOpvhbs5t4p1TSIaY=
36,160,UNWsn2butMDY9c5PQt2VBgCC2hI=,JNIKT4YYeFBc9aYInHSgGceqdSM=
37,160,UNWsn2butMDY9c5PQt2VBgCC2hI=,JNIKT4YYeFBc9aYInHSgGceqdSM=
38,160,UNWsn2butMDY9c5PQt2VBgCC2hI=,JNIKT4YYeFBc9aYInHSgGceqdSM=
39,160,UNWsn2butMDY9c5PQt2VBgCC2hI=,JNIKT4YYeFBc9aYInHSgGceqdSM=
34,160,UNWsn2butMDY9c5PQt2VBgCC2hI=,JNIKT4YYeFBc9aYInHSgGceqdSM=
35,160,UNWsn2butMDY9c5PQt2VBgCC2hI=,JNIKT4YYeFBc9aYInHSgGceqdSM=
33,160,UNWsn2butMDY9c5PQt2VBgCC2hI=,JNIKT4YYeFBc9aYInHSgGceqdSM=
32,160,UNWsn2butMDY9c5PQt2VBgCC2hI=,JNIKT4YYeFBc9aYInHSgGceqdSM=
44,169,UNWsn2butMDY9c5PQt2VBgCC2hI=,MxQGplm6v1fDJIV1PGUeStLaWjs=
45,169,UNWsn2butMDY9c5PQt2VBgCC2hI=,MxQGplm6v1fDJIV1PGUeStLaWjs=
46,169,UNWsn2butMDY9c5PQt2VBgCC2hI=,MxQGplm6v1fDJIV1PGUeStLaWjs=
47,169,UNWsn2butMDY9c5PQt2VBgCC2hI=,MxQGplm6v1fDJIV1PGUeStLaWjs=
41,170,UNWsn2butMDY9c5PQt2VBgCC2hI=,MxQGplm6v1fDJIV1PGUeStLaWjs=
42,170,UNWsn2butMDY9c5PQt2VBgCC2hI=,MxQGplm6v1fDJIV1PGUeStLaWjs=
43,170,UNWsn2butMDY9c5PQt2VBgCC2hI=,MxQGplm6v1fDJIV1PGUeStLaWjs=
44,170,UNWsn2butMDY9c5PQt2VBgCC2hI=,MxQGplm6v1fDJIV1PGUeStLaWjs=
45,170,UNWsn2butMDY9c5PQt2VBgCC2hI=,MxQGplm6v1fDJIV1PGUeStLaWjs=
46,170,UNWsn2butMDY9c5PQt2VBgCC2hI=,MxQGplm6v1fDJIV1PGUeStLaWjs=
47,170,UNWsn2butMDY9c5PQt2VBgCC2hI=,MxQGplm6v1fDJIV1PGUeStLaWjs=
41,171,UNWsn2butMDY9c5PQt2VBgCC2hI=,MxQGplm6v1fDJIV1PGUeStLaWjs=
41,167,UNWsn2butMDY9c5PQt2VBgCC2hI=,UHACyO21AdfOpvhbs5t4p1TSIaY=
42,171,UNWsn2butMDY9c5PQt2VBgCC2hI=,MxQGplm6v1fDJIV1PGUeStLaWjs=
42,167,UNWsn2butMDY9c5PQt2VBgCC2hI=,UHACyO21AdfOpvhbs5t4p1TSIaY=
43,167,UNWsn2butMDY9c5PQt2VBgCC2hI=,UHACyO21AdfOpvhbs5t4p1TSIaY=
44,167,UNWsn2butMDY9c5PQt2VBgCC2hI=,UHACyO21AdfOpvhbs5t4p1TSIaY=
45,167,UNWsn2butMDY9c5PQt2VBgCC2hI=,UHACyO21AdfOpvhbs5t4p1TSIaY=
46,167,UNWsn2butMDY9c5PQt2VBgCC2hI=,UHACyO21AdfOpvhbs5t4p1TSIaY=
43,171,UNWsn2butMDY9c5PQt2VBgCC2hI=,MxQGplm6v1fDJIV1PGUeStLaWjs=
47,167,UNWsn2butMDY9c5PQt2VBgCC2hI=,UHACyO21AdfOpvhbs5t4p1TSIaY=
44,171,UNWsn2butMDY9c5PQt2VBgCC2hI=,MxQGplm6v1fDJIV1PGUeStLaWjs=
45,171,UNWsn2butMDY9c5PQt2VBgCC2hI=,MxQGplm6v1fDJIV1PGUeStLaWjs=
46,171,UNWsn2butMDY9c5PQt2VBgCC2hI=,MxQGplm6v1fDJIV1PGUeStLaWjs=
47,171,UNWsn2butMDY9c5PQt2VBgCC2hI=,MxQGplm6v1fDJIV1PGUeStLaWjs=
41,172,UNWsn2butMDY9c5PQt2VBgCC2hI=,MxQGplm6v1fDJIV1PGUeStLaWjs=
42,172,UNWsn2butMDY9c5PQt2VBgCC2hI=,MxQGplm6v1fDJIV1PGUeStLaWjs=
43,172,UNWsn2butMDY9c5PQt2VBgCC2hI=,MxQGplm6v1fDJIV1PGUeStLaWjs=
44,172,UNWsn2butMDY9c5PQt2VBgCC2hI=,MxQGplm6v1fDJIV1PGUeStLaWjs=
45,172,UNWsn2butMDY9c5PQt2VBgCC2hI=,MxQGplm6v1fDJIV1PGUeStLaWjs=
46,172,UNWsn2butMDY9c5PQt2VBgCC2hI=,MxQGplm6v1fDJIV1PGUeStLaWjs=
47,172,UNWsn2butMDY9c5PQt2VBgCC2hI=,MxQGplm6v1fDJIV1PGUeStLaWjs=
41,168,UNWsn2butMDY9c5PQt2VBgCC2hI=,MxQGplm6v1fDJIV1PGUeStLaWjs=
42,168,UNWsn2butMDY9c5PQt2VBgCC2hI=,MxQGplm6v1fDJIV1PGUeStLaWjs=
44,165,UNWsn2butMDY9c5PQt2VBgCC2hI=,UHACyO21AdfOpvhbs5t4p1TSIaY=
43,168,UNWsn2butMDY9c5PQt2VBgCC2hI=,MxQGplm6v1fDJIV1PGUeStLaWjs=
44,168,UNWsn2butMDY9c5PQt2VBgCC2hI=,MxQGplm6v1fDJIV1PGUeStLaWjs=
41,173,UNWsn2butMDY9c5PQt2VBgCC2hI=,MxQGplm6v1fDJIV1PGUeStLaWjs=
42,173,UNWsn2butMDY9c5PQt2VBgCC2hI=,MxQGplm6v1fDJIV1PGUeStLaWjs=
43,173,UNWsn2butMDY9c5PQt2VBgCC2hI=,MxQGplm6v1fDJIV1PGUeStLaWjs=
44,173,UNWsn2butMDY9c5PQt2VBgCC2hI=,MxQGplm6v1fDJIV1PGUeStLaWjs=
45,173,UNWsn2butMDY9c5PQt2VBgCC2hI=,MxQGplm6v1fDJIV1PGUeStLaWjs=
45,168,UNWsn2butMDY9c5PQt2VBgCC2hI=,MxQGplm6v1fDJIV1PGUeStLaWjs=
46,173,UNWsn2butMDY9c5PQt2VBgCC2hI=,MxQGplm6v1fDJIV1PGUeStLaWjs=
47,173,UNWsn2butMDY9c5PQt2VBgCC2hI=,MxQGplm6v1fDJIV1PGUeStLaWjs=
41,174,UNWsn2butMDY9c5PQt2VBgCC2hI=,MxQGplm6v1fDJIV1PGUeStLaWjs=
42,174,UNWsn2butMDY9c5PQt2VBgCC2hI=,MxQGplm6v1fDJIV1PGUeStLaWjs=
43,174,UNWsn2butMDY9c5PQt2VBgCC2hI=,MxQGplm6v1fDJIV1PGUeStLaWjs=
44,174,UNWsn2butMDY9c5PQt2VBgCC2hI=,MxQGplm6v1fDJIV1PGUeStLaWjs=
45,174,UNWsn2butMDY9c5PQt2VBgCC2hI=,MxQGplm6v1fDJIV1PGUeStLaWjs=
46,174,UNWsn2butMDY9c5PQt2VBgCC2hI=,MxQGplm6v1fDJIV1PGUeStLaWjs=
47,174,UNWsn2butMDY9c5PQt2VBgCC2hI=,MxQGplm6v1fDJIV1PGUeStLaWjs=
41,175,UNWsn2butMDY9c5PQt2VBgCC2hI=,MxQGplm6v1fDJIV1PGUeStLaWjs=
42,175,UNWsn2butMDY9c5PQt2VBgCC2hI=,MxQGplm6v1fDJIV1PGUeStLaWjs=
46,168,UNWsn2butMDY9c5PQt2VBgCC2hI=,MxQGplm6v1fDJIV1PGUeStLaWjs=
47,168,UNWsn2butMDY9c5PQt2VBgCC2hI=,MxQGplm6v1fDJIV1PGUeStLaWjs=
43,175,UNWsn2butMDY9c5PQt2VBgCC2hI=,MxQGplm6v1fDJIV1PGUeStLaWjs=
44,175,UNWsn2butMDY9c5PQt2VBgCC2hI=,MxQGplm6v1fDJIV1PGUeStLaWjs=
45,175,UNWsn2butMDY9c5PQt2VBgCC2hI=,MxQGplm6v1fDJIV1PGUeStLaWjs=
41,169,UNWsn2butMDY9c5PQt2VBgCC2hI=,MxQGplm6v1fDJIV1PGUeStLaWjs=
42,169,UNWsn2butMDY9c5PQt2VBgCC2hI=,MxQGplm6v1fDJIV1PGUeStLaWjs=
46,175,UNWsn2butMDY9c5PQt2VBgCC2hI=,MxQGplm6v1fDJIV1PGUeStLaWjs=
47,175,UNWsn2butMDY9c5PQt2VBgCC2hI=,MxQGplm6v1fDJIV1PGUeStLaWjs=
43,169,UNWsn2butMDY9c5PQt2VBgCC2hI=,MxQGplm6v1fDJIV1PGUeStLaWjs=
43,165,UNWsn2butMDY9c5PQt2VBgCC2hI=,UHACyO21AdfOpvhbs5t4p1TSIaY=
42,165,UNWsn2butMDY9c5PQt2VBgCC2hI=,UHACyO21AdfOpvhbs5t4p1TSIaY=
41,165,UNWsn2butMDY9c5PQt2VBgCC2hI=,UHACyO21AdfOpvhbs5t4p1TSIaY=
47,164,UNWsn2butMDY9c5PQt2VBgCC2hI=,UHACyO21AdfOpvhbs5t4p1TSIaY=
44,164,UNWsn2butMDY9c5PQt2VBgCC2hI=,UHACyO21AdfOpvhbs5t4p1TSIaY=
45,164,UNWsn2butMDY9c5PQt2VBgCC2hI=,UHACyO21AdfOpvhbs5t4p1TSIaY=
46,164,UNWsn2butMDY9c5PQt2VBgCC2hI=,UHACyO21AdfOpvhbs5t4p1TSIaY=
43,164,UNWsn2butMDY9c5PQt2VBgCC2hI=,UHACyO21AdfOpvhbs5t4p1TSIaY=
41,164,UNWsn2butMDY9c5PQt2VBgCC2hI=,UHACyO21AdfOpvhbs5t4p1TSIaY=
46,163,UNWsn2butMDY9c5PQt2VBgCC2hI=,UHACyO21AdfOpvhbs5t4p1TSIaY=
47,163,UNWsn2butMDY9c5PQt2VBgCC2hI=,UHACyO21AdfOpvhbs5t4p1TSIaY=
44,163,UNWsn2butMDY9c5PQt2VBgCC2hI=,UHACyO21AdfOpvhbs5t4p1TSIaY=
43,163,UNWsn2butMDY9c5PQt2VBgCC2hI=,UHACyO21AdfOpvhbs5t4p1TSIaY=
41,163,UNWsn2butMDY9c5PQt2VBgCC2hI=,UHACyO21AdfOpvhbs5t4p1TSIaY=
45,163,UNWsn2butMDY9c5PQt2VBgCC2hI=,UHACyO21AdfOpvhbs5t4p1TSIaY=
42,163,UNWsn2butMDY9c5PQt2VBgCC2hI=,UHACyO21AdfOpvhbs5t4p1TSIaY=
46,162,UNWsn2butMDY9c5PQt2VBgCC2hI=,UHACyO21AdfOpvhbs5t4p1TSIaY=
45,162,UNWsn2butMDY9c5PQt2VBgCC2hI=,UHACyO21AdfOpvhbs5t4p1TSIaY=
47,162,UNWsn2butMDY9c5PQt2VBgCC2hI=,UHACyO21AdfOpvhbs5t4p1TSIaY=
44,162,UNWsn2butMDY9c5PQt2VBgCC2hI=,UHACyO21AdfOpvhbs5t4p1TSIaY=
43,162,UNWsn2butMDY9c5PQt2VBgCC2hI=,UHACyO21AdfOpvhbs5t4p1TSIaY=
42,162,UNWsn2butMDY9c5PQt2VBgCC2hI=,UHACyO21AdfOpvhbs5t4p1TSIaY=
41,162,UNWsn2butMDY9c5PQt2VBgCC2hI=,UHACyO21AdfOpvhbs5t4p1TSIaY=
47,161,UNWsn2butMDY9c5PQt2VBgCC2hI=,UHACyO21AdfOpvhbs5t4p1TSIaY=
46,161,UNWsn2butMDY9c5PQt2VBgCC2hI=,UHACyO21AdfOpvhbs5t4p1TSIaY=
45,161,UNWsn2butMDY9c5PQt2VBgCC2hI=,UHACyO21AdfOpvhbs5t4p1TSIaY=
43,161,UNWsn2butMDY9c5PQt2VBgCC2hI=,UHACyO21AdfOpvhbs5t4p1TSIaY=
44,161,UNWsn2butMDY9c5PQt2VBgCC2hI=,UHACyO21AdfOpvhbs5t4p1TSIaY=
42,164,UNWsn2butMDY9c5PQt2VBgCC2hI=,UHACyO21AdfOpvhbs5t4p1TSIaY=
47,166,UNWsn2butMDY9c5PQt2VBgCC2hI=,UHACyO21AdfOpvhbs5t4p1TSIaY=
46,166,UNWsn2butMDY9c5PQt2VBgCC2hI=,UHACyO21AdfOpvhbs5t4p1TSIaY=
41,161,UNWsn2butMDY9c5PQt2VBgCC2hI=,UHACyO21AdfOpvhbs5t4p1TSIaY=
42,161,UNWsn2butMDY9c5PQt2VBgCC2hI=,UHACyO21AdfOpvhbs5t4p1TSIaY=
45,166,UNWsn2butMDY9c5PQt2VBgCC2hI=,UHACyO21AdfOpvhbs5t4p1TSIaY=
39,167,UNWsn2butMDY9c5PQt2VBgCC2hI=,JNIKT4YYeFBc9aYInHSgGceqdSM=
40,175,UNWsn2butMDY9c5PQt2VBgCC2hI=,MxQGplm6v1fDJIV1PGUeStLaWjs=
40,169,UNWsn2butMDY9c5PQt2VBgCC2hI=,MxQGplm6v1fDJIV1PGUeStLaWjs=
37,167,UNWsn2butMDY9c5PQt2VBgCC2hI=,JNIKT4YYeFBc9aYInHSgGceqdSM=
38,167,UNWsn2butMDY9c5PQt2VBgCC2hI=,JNIKT4YYeFBc9aYInHSgGceqdSM=
40,173,UNWsn2butMDY9c5PQt2VBgCC2hI=,MxQGplm6v1fDJIV1PGUeStLaWjs=
32,169,UNWsn2butMDY9c5PQt2VBgCC2hI=,/nE2upWou9nbNYkXWFPmYvMcXbA=
40,174,UNWsn2butMDY9c5PQt2VBgCC2hI=,MxQGplm6v1fDJIV1PGUeStLaWjs=
40,168,UNWsn2butMDY9c5PQt2VBgCC2hI=,MxQGplm6v1fDJIV1PGUeStLaWjs=
36,175,UNWsn2butMDY9c5PQt2VBgCC2hI=,/nE2upWou9nbNYkXWFPmYvMcXbA=
38,175,UNWsn2butMDY9c5PQt2VBgCC2hI=,/nE2upWou9nbNYkXWFPmYvMcXbA=
39,175,UNWsn2butMDY9c5PQt2VBgCC2hI=,/nE2upWou9nbNYkXWFPmYvMcXbA=
33,169,UNWsn2butMDY9c5PQt2VBgCC2hI=,/nE2upWou9nbNYkXWFPmYvMcXbA=
33,175,UNWsn2butMDY9c5PQt2VBgCC2hI=,/nE2upWou9nbNYkXWFPmYvMcXbA=
37,175,UNWsn2butMDY9c5PQt2VBgCC2hI=,/nE2upWou9nbNYkXWFPmYvMcXbA=
35,175,UNWsn2butMDY9c5PQt2VBgCC2hI=,/nE2upWou9nbNYkXWFPmYvMcXbA=
32,175,UNWsn2butMDY9c5PQt2VBgCC2hI=,/nE2upWou9nbNYkXWFPmYvMcXbA=
34,169,UNWsn2butMDY9c5PQt2VBgCC2hI=,/nE2upWou9nbNYkXWFPmYvMcXbA=
36,167,UNWsn2butMDY9c5PQt2VBgCC2hI=,JNIKT4YYeFBc9aYInHSgGceqdSM=
34,175,UNWsn2butMDY9c5PQt2VBgCC2hI=,/nE2upWou9nbNYkXWFPmYvMcXbA=
40,172,UNWsn2butMDY9c5PQt2VBgCC2hI=,MxQGplm6v1fDJIV1PGUeStLaWjs=
38,174,UNWsn2butMDY9c5PQt2VBgCC2hI=,/nE2upWou9nbNYkXWFPmYvMcXbA=
34,167,UNWsn2butMDY9c5PQt2VBgCC2hI=,JNIKT4YYeFBc9aYInHSgGceqdSM=
35,169,UNWsn2butMDY9c5PQt2VBgCC2hI=,/nE2upWou9nbNYkXWFPmYvMcXbA=
35,174,UNWsn2butMDY9c5PQt2VBgCC2hI=,/nE2upWou9nbNYkXWFPmYvMcXbA=
34,174,UNWsn2butMDY9c5PQt2VBgCC2hI=,/nE2upWou9nbNYkXWFPmYvMcXbA=
39,174,UNWsn2butMDY9c5PQt2VBgCC2hI=,/nE2upWou9nbNYkXWFPmYvMcXbA=
35,167,UNWsn2butMDY9c5PQt2VBgCC2hI=,JNIKT4YYeFBc9aYInHSgGceqdSM=
38,173,UNWsn2butMDY9c5PQt2VBgCC2hI=,/nE2upWou9nbNYkXWFPmYvMcXbA=
32,174,UNWsn2butMDY9c5PQt2VBgCC2hI=,/nE2upWou9nbNYkXWFPmYvMcXbA=
36,174,UNWsn2butMDY9c5PQt2VBgCC2hI=,/nE2upWou9nbNYkXWFPmYvMcXbA=
39,173,UNWsn2butMDY9c5PQt2VBgCC2hI=,/nE2upWou9nbNYkXWFPmYvMcXbA=
37,173,UNWsn2butMDY9c5PQt2VBgCC2hI=,/nE2upWou9nbNYkXWFPmYvMcXbA=
36,173,UNWsn2butMDY9c5PQt2VBgCC2hI=,/nE2upWou9nbNYkXWFPmYvMcXbA=
35,173,UNWsn2butMDY9c5PQt2VBgCC2hI=,/nE2upWou9nbNYkXWFPmYvMcXbA=
39,172,UNWsn2butMDY9c5PQt2VBgCC2hI=,/nE2upWou9nbNYkXWFPmYvMcXbA=
34,173,UNWsn2butMDY9c5PQt2VBgCC2hI=,/nE2upWou9nbNYkXWFPmYvMcXbA=
37,174,UNWsn2butMDY9c5PQt2VBgCC2hI=,/nE2upWou9nbNYkXWFPmYvMcXbA=
40,167,UNWsn2butMDY9c5PQt2VBgCC2hI=,UHACyO21AdfOpvhbs5t4p1TSIaY=
33,173,UNWsn2butMDY9c5PQt2VBgCC2hI=,/nE2upWou9nbNYkXWFPmYvMcXbA=
32,173,UNWsn2butMDY9c5PQt2VBgCC2hI=,/nE2upWou9nbNYkXWFPmYvMcXbA=
37,172,UNWsn2butMDY9c5PQt2VBgCC2hI=,/nE2upWou9nbNYkXWFPmYvMcXbA=
38,172,UNWsn2butMDY9c5PQt2VBgCC2hI=,/nE2upWou9nbNYkXWFPmYvMcXbA=
35,172,UNWsn2butMDY9c5PQt2VBgCC2hI=,/nE2upWou9nbNYkXWFPmYvMcXbA=
36,169,UNWsn2butMDY9c5PQt2VBgCC2hI=,/nE2upWou9nbNYkXWFPmYvMcXbA=
33,174,UNWsn2butMDY9c5PQt2VBgCC2hI=,/nE2upWou9nbNYkXWFPmYvMcXbA=
34,171,UNWsn2butMDY9c5PQt2VBgCC2hI=,/nE2upWou9nbNYkXWFPmYvMcXbA=
36,172,UNWsn2butMDY9c5PQt2VBgCC2hI=,/nE2upWou9nbNYkXWFPmYvMcXbA=
39,171,UNWsn2butMDY9c5PQt2VBgCC2hI=,/nE2upWou9nbNYkXWFPmYvMcXbA=
35,171,UNWsn2butMDY9c5PQt2VBgCC2hI=,/nE2upWou9nbNYkXWFPmYvMcXbA=
40,171,UNWsn2butMDY9c5PQt2VBgCC2hI=,MxQGplm6v1fDJIV1PGUeStLaWjs=
36,168,UNWsn2butMDY9c5PQt2VBgCC2hI=,/nE2upWou9nbNYkXWFPmYvMcXbA=
32,172,UNWsn2butMDY9c5PQt2VBgCC2hI=,/nE2upWou9nbNYkXWFPmYvMcXbA=
33,171,UNWsn2butMDY9c5PQt2VBgCC2hI=,/nE2upWou9nbNYkXWFPmYvMcXbA=
35,168,UNWsn2butMDY9c5PQt2VBgCC2hI=,/nE2upWou9nbNYkXWFPmYvMcXbA=
37,171,UNWsn2butMDY9c5PQt2VBgCC2hI=,/nE2upWou9nbNYkXWFPmYvMcXbA=
32,171,UNWsn2butMDY9c5PQt2VBgCC2hI=,/nE2upWou9nbNYkXWFPmYvMcXbA=
33,167,UNWsn2butMDY9c5PQt2VBgCC2hI=,JNIKT4YYeFBc9aYInHSgGceqdSM=
36,170,UNWsn2butMDY9c5PQt2VBgCC2hI=,/nE2upWou9nbNYkXWFPmYvMcXbA=
34,172,UNWsn2butMDY9c5PQt2VBgCC2hI=,/nE2upWou9nbNYkXWFPmYvMcXbA=
35,170,UNWsn2butMDY9c5PQt2VBgCC2hI=,/nE2upWou9nbNYkXWFPmYvMcXbA=
34,168,UNWsn2butMDY9c5PQt2VBgCC2hI=,/nE2upWou9nbNYkXWFPmYvMcXbA=
34,170,UNWsn2butMDY9c5PQt2VBgCC2hI=,/nE2upWou9nbNYkXWFPmYvMcXbA=
40,170,UNWsn2butMDY9c5PQt2VBgCC2hI=,MxQGplm6v1fDJIV1PGUeStLaWjs=
32,170,UNWsn2butMDY9c5PQt2VBgCC2hI=,/nE2upWou9nbNYkXWFPmYvMcXbA=
33,170,UNWsn2butMDY9c5PQt2VBgCC2hI=,/nE2upWou9nbNYkXWFPmYvMcXbA=
32,167,UNWsn2butMDY9c5PQt2VBgCC2hI=,JNIKT4YYeFBc9aYInHSgGceqdSM=
33,168,UNWsn2butMDY9c5PQt2VBgCC2hI=,/nE2upWou9nbNYkXWFPmYvMcXbA=
32,168,UNWsn2butMDY9c5PQt2VBgCC2hI=,/nE2upWou9nbNYkXWFPmYvMcXbA=
36,171,UNWsn2butMDY9c5PQt2VBgCC2hI=,/nE2upWou9nbNYkXWFPmYvMcXbA=
33,172,UNWsn2butMDY9c5PQt2VBgCC2hI=,/nE2upWou9nbNYkXWFPmYvMcXbA=
38,171,UNWsn2butMDY9c5PQt2VBgCC2hI=,/nE2upWou9nbNYkXWFPmYvMcXbA=
38,168,UNWsn2butMDY9c5PQt2VBgCC2hI=,/nE2upWou9nbNYkXWFPmYvMcXbA=
39,168,UNWsn2butMDY9c5PQt2VBgCC2hI=,/nE2upWou9nbNYkXWFPmYvMcXbA=
39,170,UNWsn2butMDY9c5PQt2VBgCC2hI=,/nE2upWou9nbNYkXWFPmYvMcXbA=
37,168,UNWsn2butMDY9c5PQt2VBgCC2hI=,/nE2upWou9nbNYkXWFPmYvMcXbA=
37,170,UNWsn2butMDY9c5PQt2VBgCC2hI=,/nE2upWou9nbNYkXWFPmYvMcXbA=
38,170,UNWsn2butMDY9c5PQt2VBgCC2hI=,/nE2upWou9nbNYkXWFPmYvMcXbA=
39,169,UNWsn2butMDY9c5PQt2VBgCC2hI=,/nE2upWou9nbNYkXWFPmYvMcXbA=
37,169,UNWsn2butMDY9c5PQt2VBgCC2hI=,/nE2upWou9nbNYkXWFPmYvMcXbA=
38,169,UNWsn2butMDY9c5PQt2VBgCC2hI=,/nE2upWou9nbNYkXWFPmYvMcXbA=
62,164,v93z7/AgQocCkFFy0FDZ3E06tZQ=,a8tkmhGxC8K17QJ2tdafVcQbjd0=
62,163,v93z7/AgQocCkFFy0FDZ3E06tZQ=,a8tkmhGxC8K17QJ2tdafVcQbjd0=
61,160,v93z7/AgQocCkFFy0FDZ3E06tZQ=,a8tkmhGxC8K17QJ2tdafVcQbjd0=
62,160,v93z7/AgQocCkFFy0FDZ3E06tZQ=,a8tkmhGxC8K17QJ2tdafVcQbjd0=
61,164,v93z7/AgQocCkFFy0FDZ3E06tZQ=,a8tkmhGxC8K17QJ2tdafVcQbjd0=
61,163,v93z7/AgQocCkFFy0FDZ3E06tZQ=,a8tkmhGxC8K17QJ2tdafVcQbjd0=
59,160,v93z7/AgQocCkFFy0FDZ3E06tZQ=,a8tkmhGxC8K17QJ2tdafVcQbjd0=
59,164,v93z7/AgQocCkFFy0FDZ3E06tZQ=,a8tkmhGxC8K17QJ2tdafVcQbjd0=
63,164,v93z7/AgQocCkFFy0FDZ3E06tZQ=,a8tkmhGxC8K17QJ2tdafVcQbjd0=
58,164,v93z7/AgQocCkFFy0FDZ3E06tZQ=,a8tkmhGxC8K17QJ2tdafVcQbjd0=
60,164,v93z7/AgQocCkFFy0FDZ3E06tZQ=,a8tkmhGxC8K17QJ2tdafVcQbjd0=
60,162,v93z7/AgQocCkFFy0FDZ3E06tZQ=,a8tkmhGxC8K17QJ2tdafVcQbjd0=
61,162,v93z7/AgQocCkFFy0FDZ3E06tZQ=,a8tkmhGxC8K17QJ2tdafVcQbjd0=
60,160,v93z7/AgQocCkFFy0FDZ3E06tZQ=,a8tkmhGxC8K17QJ2tdafVcQbjd0=
61,161,v93z7/AgQocCkFFy0FDZ3E06tZQ=,a8tkmhGxC8K17QJ2tdafVcQbjd0=
59,162,v93z7/AgQocCkFFy0FDZ3E06tZQ=,a8tkmhGxC8K17QJ2tdafVcQbjd0=
57,160,v93z7/AgQocCkFFy0FDZ3E06tZQ=,a8tkmhGxC8K17QJ2tdafVcQbjd0=
57,164,v93z7/AgQocCkFFy0FDZ3E06tZQ=,a8tkmhGxC8K17QJ2tdafVcQbjd0=
62,161,v93z7/AgQocCkFFy0FDZ3E06tZQ=,a8tkmhGxC8K17QJ2tdafVcQbjd0=
56,163,v93z7/AgQocCkFFy0FDZ3E06tZQ=,a8tkmhGxC8K17QJ2tdafVcQbjd0=
60,161,v93z7/AgQocCkFFy0FDZ3E06tZQ=,a8tkmhGxC8K17QJ2tdafVcQbjd0=
56,165,v93z7/AgQocCkFFy0FDZ3E06tZQ=,a8tkmhGxC8K17QJ2tdafVcQbjd0=
57,163,v93z7/AgQocCkFFy0FDZ3E06tZQ=,a8tkmhGxC8K17QJ2tdafVcQbjd0=
60,163,v93z7/AgQocCkFFy0FDZ3E06tZQ=,a8tkmhGxC8K17QJ2tdafVcQbjd0=
63,162,v93z7/AgQocCkFFy0FDZ3E06tZQ=,a8tkmhGxC8K17QJ2tdafVcQbjd0=
59,163,v93z7/AgQocCkFFy0FDZ3E06tZQ=,a8tkmhGxC8K17QJ2tdafVcQbjd0=
57,165,v93z7/AgQocCkFFy0FDZ3E06tZQ=,a8tkmhGxC8K17QJ2tdafVcQbjd0=
56,164,v93z7/AgQocCkFFy0FDZ3E06tZQ=,a8tkmhGxC8K17QJ2tdafVcQbjd0=
58,160,v93z7/AgQocCkFFy0FDZ3E06tZQ=,a8tkmhGxC8K17QJ2tdafVcQbjd0=
62,167,v93z7/AgQocCkFFy0FDZ3E06tZQ=,a8tkmhGxC8K17QJ2tdafVcQbjd0=
62,162,v93z7/AgQocCkFFy0FDZ3E06tZQ=,a8tkmhGxC8K17QJ2tdafVcQbjd0=
56,160,v93z7/AgQocCkFFy0FDZ3E06tZQ=,a8tkmhGxC8K17QJ2tdafVcQbjd0=
58,162,v93z7/AgQocCkFFy0FDZ3E06tZQ=,a8tkmhGxC8K17QJ2tdafVcQbjd0=
58,167,v93z7/AgQocCkFFy0FDZ3E06tZQ=,a8tkmhGxC8K17QJ2tdafVcQbjd0=
60,167,v93z7/AgQocCkFFy0FDZ3E06tZQ=,a8tkmhGxC8K17QJ2tdafVcQbjd0=
63,167,v93z7/AgQocCkFFy0FDZ3E06tZQ=,a8tkmhGxC8K17QJ2tdafVcQbjd0=
61,167,v93z7/AgQocCkFFy0FDZ3E06tZQ=,a8tkmhGxC8K17QJ2tdafVcQbjd0=
59,167,v93z7/AgQocCkFFy0FDZ3E06tZQ=,a8tkmhGxC8K17QJ2tdafVcQbjd0=
62,166,v93z7/AgQocCkFFy0FDZ3E06tZQ=,a8tkmhGxC8K17QJ2tdafVcQbjd0=
57,167,v93z7/AgQocCkFFy0FDZ3E06tZQ=,a8tkmhGxC8K17QJ2tdafVcQbjd0=
58,165,v93z7/AgQocCkFFy0FDZ3E06tZQ=,a8tkmhGxC8K17QJ2tdafVcQbjd0=
56,167,v93z7/AgQocCkFFy0FDZ3E06tZQ=,a8tkmhGxC8K17QJ2tdafVcQbjd0=
63,166,v93z7/AgQocCkFFy0FDZ3E06tZQ=,a8tkmhGxC8K17QJ2tdafVcQbjd0=
60,166,v93z7/AgQocCkFFy0FDZ3E06tZQ=,a8tkmhGxC8K17QJ2tdafVcQbjd0=
61,166,v93z7/AgQocCkFFy0FDZ3E06tZQ=,a8tkmhGxC8K17QJ2tdafVcQbjd0=
59,166,v93z7/AgQocCkFFy0FDZ3E06tZQ=,a8tkmhGxC8K17QJ2tdafVcQbjd0=
58,166,v93z7/AgQocCkFFy0FDZ3E06tZQ=,a8tkmhGxC8K17QJ2tdafVcQbjd0=
57,166,v93z7/AgQocCkFFy0FDZ3E06tZQ=,a8tkmhGxC8K17QJ2tdafVcQbjd0=
63,160,v93z7/AgQocCkFFy0FDZ3E06tZQ=,a8tkmhGxC8K17QJ2tdafVcQbjd0=
59,161,v93z7/AgQocCkFFy0FDZ3E06tZQ=,a8tkmhGxC8K17QJ2tdafVcQbjd0=
57,162,v93z7/AgQocCkFFy0FDZ3E06tZQ=,a8tkmhGxC8K17QJ2tdafVcQbjd0=
63,163,v93z7/AgQocCkFFy0FDZ3E06tZQ=,a8tkmhGxC8K17QJ2tdafVcQbjd0=
56,166,v93z7/AgQocCkFFy0FDZ3E06tZQ=,a8tkmhGxC8K17QJ2tdafVcQbjd0=
63,165,v93z7/AgQocCkFFy0FDZ3E06tZQ=,a8tkmhGxC8K17QJ2tdafVcQbjd0=
56,162,v93z7/AgQocCkFFy0FDZ3E06tZQ=,a8tkmhGxC8K17QJ2tdafVcQbjd0=
56,161,v93z7/AgQocCkFFy0FDZ3E06tZQ=,a8tkmhGxC8K17QJ2tdafVcQbjd0=
61,165,v93z7/AgQocCkFFy0FDZ3E06tZQ=,a8tkmhGxC8K17QJ2tdafVcQbjd0=
62,165,v93z7/AgQocCkFFy0FDZ3E06tZQ=,a8tkmhGxC8K17QJ2tdafVcQbjd0=
58,161,v93z7/AgQocCkFFy0FDZ3E06tZQ=,a8tkmhGxC8K17QJ2tdafVcQbjd0=
59,165,v93z7/AgQocCkFFy0FDZ3E06tZQ=,a8tkmhGxC8K17QJ2tdafVcQbjd0=
60,165,v93z7/AgQocCkFFy0FDZ3E06tZQ=,a8tkmhGxC8K17QJ2tdafVcQbjd0=
57,161,v93z7/AgQocCkFFy0FDZ3E06tZQ=,a8tkmhGxC8K17QJ2tdafVcQbjd0=
63,161,v93z7/AgQocCkFFy0FDZ3E06tZQ=,a8tkmhGxC8K17QJ2tdafVcQbjd0=
58,163,v93z7/AgQocCkFFy0FDZ3E06tZQ=,a8tkmhGxC8K17QJ2tdafVcQbjd0=
