89,-15,1KUgK8OaZ3W95UPTv+AXEyFYT6I=,/yUhsFEO6j7MFzltONCgWxTS134=
85,-7,1KUgK8OaZ3W95UPTv+AXEyFYT6I=,cT4cULLQuhy6QLSQxvTzay8J0VI=
94,-5,1KUgK8OaZ3W95UPTv+AXEyFYT6I=,DPOSEWqXjPnbY2u8vr4fuA9La1Q=
89,-13,1KUgK8OaZ3W95UPTv+AXEyFYT6I=,/yUhsFEO6j7MFzltONCgWxTS134=
90,-14,1KUgK8OaZ3W95UPTv+AXEyFYT6I=,/yUhsFEO6j7MFzltONCgWxTS134=
89,-14,U8aNi+9KbFuJ8sXEfbS2zB/jKrA=,/yUhsFEO6j7MFzltONCgWxTS134=
91,-15,YZAEnJqmq8H+YRI+EtgibnqYU0w=,/yUhsFEO6j7MFzltONCgWxTS134=
90,-15,YZAEnJqmq8H+YRI+EtgibnqYU0w=,/yUhsFEO6j7MFzltONCgWxTS134=
89,-16,YZAEnJqmq8H+YRI+EtgibnqYU0w=,/yUhsFEO6j7MFzltONCgWxTS134=
90,-16,YZAEnJqmq8H+YRI+EtgibnqYU0w=,/yUhsFEO6j7MFzltONCgWxTS134=
91,-16,YZAEnJqmq8H+YRI+EtgibnqYU0w=,/yUhsFEO6j7MFzltONCgWxTS134=
92,-16,YZAEnJqmq8H+YRI+EtgibnqYU0w=,/yUhsFEO6j7MFzltONCgWxTS134=
88,-15,TK7Nus2vVnDIAo1MclRsZEKsil0=,/yUhsFEO6j7MFzltONCgWxTS134=
88,-14,TK7Nus2vVnDIAo1MclRsZEKsil0=,/yUhsFEO6j7MFzltONCgWxTS134=
84,-15,TK7Nus2vVnDIAo1MclRsZEKsil0=,DbHSz90yyzXm5Bmt4AL7cKy/mYw=
85,-15,TK7Nus2vVnDIAo1MclRsZEKsil0=,DbHSz90yyzXm5Bmt4AL7cKy/mYw=
88,-13,TK7Nus2vVnDIAo1MclRsZEKsil0=,/yUhsFEO6j7MFzltONCgWxTS134=
86,-15,TK7Nus2vVnDIAo1MclRsZEKsil0=,DbHSz90yyzXm5Bmt4AL7cKy/mYw=
87,-15,nr5Qn5Lrom8/yh9ZmCdBtiUae04=,DbHSz90yyzXm5Bmt4AL7cKy/mYw=
81,-14,nr5Qn5Lrom8/yh9ZmCdBtiUae04=,DbHSz90yyzXm5Bmt4AL7cKy/mYw=
82,-14,nr5Qn5Lrom8/yh9ZmCdBtiUae04=,DbHSz90yyzXm5Bmt4AL7cKy/mYw=
83,-14,nr5Qn5Lrom8/yh9ZmCdBtiUae04=,DbHSz90yyzXm5Bmt4AL7cKy/mYw=
84,-14,nr5Qn5Lrom8/yh9ZmCdBtiUae04=,DbHSz90yyzXm5Bmt4AL7cKy/mYw=
85,-14,nr5Qn5Lrom8/yh9ZmCdBtiUae04=,DbHSz90yyzXm5Bmt4AL7cKy/mYw=
86,-14,nr5Qn5Lrom8/yh9ZmCdBtiUae04=,DbHSz90yyzXm5Bmt4AL7cKy/mYw=
87,-14,nr5Qn5Lrom8/yh9ZmCdBtiUae04=,DbHSz90yyzXm5Bmt4AL7cKy/mYw=
81,-13,nr5Qn5Lrom8/yh9ZmCdBtiUae04=,DbHSz90yyzXm5Bmt4AL7cKy/mYw=
80,-14,nr5Qn5Lrom8/yh9ZmCdBtiUae04=,DbHSz90yyzXm5Bmt4AL7cKy/mYw=
80,-13,nr5Qn5Lrom8/yh9ZmCdBtiUae04=,DbHSz90yyzXm5Bmt4AL7cKy/mYw=
80,-15,nr5Qn5Lrom8/yh9ZmCdBtiUae04=,DbHSz90yyzXm5Bmt4AL7cKy/mYw=
87,-9,nr5Qn5Lrom8/yh9ZmCdBtiUae04=,DbHSz90yyzXm5Bmt4AL7cKy/mYw=
83,-15,nr5Qn5Lrom8/yh9ZmCdBtiUae04=,DbHSz90yyzXm5Bmt4AL7cKy/mYw=
82,-15,nr5Qn5Lrom8/yh9ZmCdBtiUae04=,DbHSz90yyzXm5Bmt4AL7cKy/mYw=
81,-15,nr5Qn5Lrom8/yh9ZmCdBtiUae04=,DbHSz90yyzXm5Bmt4AL7cKy/mYw=
86,-9,nr5Qn5Lrom8/yh9ZmCdBtiUae04=,DbHSz90yyzXm5Bmt4AL7cKy/mYw=
80,-8,nr5Qn5Lrom8/yh9ZmCdBtiUae04=,cT4cULLQuhy6QLSQxvTzay8J0VI=
84,-8,nr5Qn5Lrom8/yh9ZmCdBtiUae04=,cT4cULLQuhy6QLSQxvTzay8J0VI=
86,-16,nr5Qn5Lrom8/yh9ZmCdBtiUae04=,DbHSz90yyzXm5Bmt4AL7cKy/mYw=
87,-16,nr5Qn5Lrom8/yh9ZmCdBtiUae04=,DbHSz90yyzXm5Bmt4AL7cKy/mYw=
85,-16,qi4ITWtEDS6XQVBtaXCkyAtw11g=,DbHSz90yyzXm5Bmt4AL7cKy/mYw=
95,-13,qi4ITWtEDS6XQVBtaXCkyAtw11g=,/yUhsFEO6j7MFzltONCgWxTS134=
87,-10,qi4ITWtEDS6XQVBtaXCkyAtw11g=,DbHSz90yyzXm5Bmt4AL7cKy/mYw=
95,-14,qi4ITWtEDS6XQVBtaXCkyAtw11g=,/yUhsFEO6j7MFzltONCgWxTS134=
95,-15,qi4ITWtEDS6XQVBtaXCkyAtw11g=,/yUhsFEO6j7MFzltONCgWxTS134=
84,-2,qi4ITWtEDS6XQVBtaXCkyAtw11g=,cT4cULLQuhy6QLSQxvTzay8J0VI=
80,-16,qi4ITWtEDS6XQVBtaXCkyAtw11g=,DbHSz90yyzXm5Bmt4AL7cKy/mYw=
83,-8,qi4ITWtEDS6XQVBtaXCkyAtw11g=,cT4cULLQuhy6QLSQxvTzay8J0VI=
81,-7,qi4ITWtEDS6XQVBtaXCkyAtw11g=,cT4cULLQuhy6QLSQxvTzay8J0VI=
80,-1,qi4ITWtEDS6XQVBtaXCkyAtw11g=,cT4cULLQuhy6QLSQxvTzay8J0VI=
80,-2,qi4ITWtEDS6XQVBtaXCkyAtw11g=,cT4cULLQuhy6QLSQxvTzay8J0VI=
95,-16,qi4ITWtEDS6XQVBtaXCkyAtw11g=,/yUhsFEO6j7MFzltONCgWxTS134=
82,-7,qi4ITWtEDS6XQVBtaXCkyAtw11g=,cT4cULLQuhy6QLSQxvTzay8J0VI=
84,-7,qi4ITWtEDS6XQVBtaXCkyAtw11g=,cT4cULLQuhy6QLSQxvTzay8J0VI=
89,-3,qi4ITWtEDS6XQVBtaXCkyAtw11g=,DPOSEWqXjPnbY2u8vr4fuA9La1Q=
90,-3,qi4ITWtEDS6XQVBtaXCkyAtw11g=,DPOSEWqXjPnbY2u8vr4fuA9La1Q=
80,-3,qi4ITWtEDS6XQVBtaXCkyAtw11g=,cT4cULLQuhy6QLSQxvTzay8J0VI=
80,-4,qi4ITWtEDS6XQVBtaXCkyAtw11g=,cT4cULLQuhy6QLSQxvTzay8J0VI=
90,-2,qi4ITWtEDS6XQVBtaXCkyAtw11g=,DPOSEWqXjPnbY2u8vr4fuA9La1Q=
88,-3,qi4ITWtEDS6XQVBtaXCkyAtw11g=,DPOSEWqXjPnbY2u8vr4fuA9La1Q=
82,-8,qi4ITWtEDS6XQVBtaXCkyAtw11g=,cT4cULLQuhy6QLSQxvTzay8J0VI=
85,-2,qi4ITWtEDS6XQVBtaXCkyAtw11g=,cT4cULLQuhy6QLSQxvTzay8J0VI=
95,-10,qi4ITWtEDS6XQVBtaXCkyAtw11g=,/yUhsFEO6j7MFzltONCgWxTS134=
83,-7,qi4ITWtEDS6XQVBtaXCkyAtw11g=,cT4cULLQuhy6QLSQxvTzay8J0VI=
88,-8,qi4ITWtEDS6XQVBtaXCkyAtw11g=,DPOSEWqXjPnbY2u8vr4fuA9La1Q=
87,-1,qi4ITWtEDS6XQVBtaXCkyAtw11g=,cT4cULLQuhy6QLSQxvTzay8J0VI=
94,-13,xVnF2OT7Dud2qLIoE6eCCH2GZqw=,/yUhsFEO6j7MFzltONCgWxTS134=
91,-3,xVnF2OT7Dud2qLIoE6eCCH2GZqw=,DPOSEWqXjPnbY2u8vr4fuA9La1Q=
94,-14,xVnF2OT7Dud2qLIoE6eCCH2GZqw=,/yUhsFEO6j7MFzltONCgWxTS134=
89,-2,xVnF2OT7Dud2qLIoE6eCCH2GZqw=,DPOSEWqXjPnbY2u8vr4fuA9La1Q=
92,-14,xVnF2OT7Dud2qLIoE6eCCH2GZqw=,/yUhsFEO6j7MFzltONCgWxTS134=
86,-10,xVnF2OT7Dud2qLIoE6eCCH2GZqw=,DbHSz90yyzXm5Bmt4AL7cKy/mYw=
86,-7,xVnF2OT7Dud2qLIoE6eCCH2GZqw=,cT4cULLQuhy6QLSQxvTzay8J0VI=
88,-2,xVnF2OT7Dud2qLIoE6eCCH2GZqw=,DPOSEWqXjPnbY2u8vr4fuA9La1Q=
94,-15,xVnF2OT7Dud2qLIoE6eCCH2GZqw=,/yUhsFEO6j7MFzltONCgWxTS134=
85,-1,xVnF2OT7Dud2qLIoE6eCCH2GZqw=,cT4cULLQuhy6QLSQxvTzay8J0VI=
93,-13,xVnF2OT7Dud2qLIoE6eCCH2GZqw=,/yUhsFEO6j7MFzltONCgWxTS134=
92,-15,xVnF2OT7Dud2qLIoE6eCCH2GZqw=,/yUhsFEO6j7MFzltONCgWxTS134=
95,-11,xVnF2OT7Dud2qLIoE6eCCH2GZqw=,/yUhsFEO6j7MFzltONCgWxTS134=
91,-1,xVnF2OT7Dud2qLIoE6eCCH2GZqw=,DPOSEWqXjPnbY2u8vr4fuA9La1Q=
81,-1,xVnF2OT7Dud2qLIoE6eCCH2GZqw=,cT4cULLQuhy6QLSQxvTzay8J0VI=
81,-8,xVnF2OT7Dud2qLIoE6eCCH2GZqw=,cT4cULLQuhy6QLSQxvTzay8J0VI=
93,-14,xVnF2OT7Dud2qLIoE6eCCH2GZqw=,/yUhsFEO6j7MFzltONCgWxTS134=
83,-6,xVnF2OT7Dud2qLIoE6eCCH2GZqw=,cT4cULLQuhy6QLSQxvTzay8J0VI=
91,-4,xVnF2OT7Dud2qLIoE6eCCH2GZqw=,DPOSEWqXjPnbY2u8vr4fuA9La1Q=
93,-15,xVnF2OT7Dud2qLIoE6eCCH2GZqw=,/yUhsFEO6j7MFzltONCgWxTS134=
93,-16,xVnF2OT7Dud2qLIoE6eCCH2GZqw=,/yUhsFEO6j7MFzltONCgWxTS134=
86,-2,xVnF2OT7Dud2qLIoE6eCCH2GZqw=,cT4cULLQuhy6QLSQxvTzay8J0VI=
89,-1,xVnF2OT7Dud2qLIoE6eCCH2GZqw=,DPOSEWqXjPnbY2u8vr4fuA9La1Q=
84,-1,xVnF2OT7Dud2qLIoE6eCCH2GZqw=,cT4cULLQuhy6QLSQxvTzay8J0VI=
84,-16,xVnF2OT7Dud2qLIoE6eCCH2GZqw=,DbHSz90yyzXm5Bmt4AL7cKy/mYw=
87,-3,xVnF2OT7Dud2qLIoE6eCCH2GZqw=,cT4cULLQuhy6QLSQxvTzay8J0VI=
91,-2,xVnF2OT7Dud2qLIoE6eCCH2GZqw=,DPOSEWqXjPnbY2u8vr4fuA9La1Q=
88,-4,xVnF2OT7Dud2qLIoE6eCCH2GZqw=,DPOSEWqXjPnbY2u8vr4fuA9La1Q=
81,-4,xVnF2OT7Dud2qLIoE6eCCH2GZqw=,cT4cULLQuhy6QLSQxvTzay8J0VI=
83,-2,xVnF2OT7Dud2qLIoE6eCCH2GZqw=,cT4cULLQuhy6QLSQxvTzay8J0VI=
84,-6,xVnF2OT7Dud2qLIoE6eCCH2GZqw=,cT4cULLQuhy6QLSQxvTzay8J0VI=
92,-13,xVnF2OT7Dud2qLIoE6eCCH2GZqw=,/yUhsFEO6j7MFzltONCgWxTS134=
82,-4,xVnF2OT7Dud2qLIoE6eCCH2GZqw=,cT4cULLQuhy6QLSQxvTzay8J0VI=
81,-3,xVnF2OT7Dud2qLIoE6eCCH2GZqw=,cT4cULLQuhy6QLSQxvTzay8J0VI=
90,-1,xVnF2OT7Dud2qLIoE6eCCH2GZqw=,DPOSEWqXjPnbY2u8vr4fuA9La1Q=
94,-16,xVnF2OT7Dud2qLIoE6eCCH2GZqw=,/yUhsFEO6j7MFzltONCgWxTS134=
81,-2,xVnF2OT7Dud2qLIoE6eCCH2GZqw=,cT4cULLQuhy6QLSQxvTzay8J0VI=
83,-16,xVnF2OT7Dud2qLIoE6eCCH2GZqw=,DbHSz90yyzXm5Bmt4AL7cKy/mYw=
83,-4,xVnF2OT7Dud2qLIoE6eCCH2GZqw=,cT4cULLQuhy6QLSQxvTzay8J0VI=
82,-16,xVnF2OT7Dud2qLIoE6eCCH2GZqw=,DbHSz90yyzXm5Bmt4AL7cKy/mYw=
84,-4,xVnF2OT7Dud2qLIoE6eCCH2GZqw=,cT4cULLQuhy6QLSQxvTzay8J0VI=
87,-11,xVnF2OT7Dud2qLIoE6eCCH2GZqw=,DbHSz90yyzXm5Bmt4AL7cKy/mYw=
83,-1,xVnF2OT7Dud2qLIoE6eCCH2GZqw=,cT4cULLQuhy6QLSQxvTzay8J0VI=
95,-12,xVnF2OT7Dud2qLIoE6eCCH2GZqw=,/yUhsFEO6j7MFzltONCgWxTS134=
82,-2,xVnF2OT7Dud2qLIoE6eCCH2GZqw=,cT4cULLQuhy6QLSQxvTzay8J0VI=
86,-1,xVnF2OT7Dud2qLIoE6eCCH2GZqw=,cT4cULLQuhy6QLSQxvTzay8J0VI=
82,-6,xVnF2OT7Dud2qLIoE6eCCH2GZqw=,cT4cULLQuhy6QLSQxvTzay8J0VI=
80,-5,xVnF2OT7Dud2qLIoE6eCCH2GZqw=,cT4cULLQuhy6QLSQxvTzay8J0VI=
86,-11,xVnF2OT7Dud2qLIoE6eCCH2GZqw=,DbHSz90yyzXm5Bmt4AL7cKy/mYw=
81,-16,xVnF2OT7Dud2qLIoE6eCCH2GZqw=,DbHSz90yyzXm5Bmt4AL7cKy/mYw=
81,-6,xVnF2OT7Dud2qLIoE6eCCH2GZqw=,cT4cULLQuhy6QLSQxvTzay8J0VI=
90,-9,xVnF2OT7Dud2qLIoE6eCCH2GZqw=,/yUhsFEO6j7MFzltONCgWxTS134=
91,-10,xVnF2OT7Dud2qLIoE6eCCH2GZqw=,/yUhsFEO6j7MFzltONCgWxTS134=
89,-4,xVnF2OT7Dud2qLIoE6eCCH2GZqw=,DPOSEWqXjPnbY2u8vr4fuA9La1Q=
86,-4,xVnF2OT7Dud2qLIoE6eCCH2GZqw=,cT4cULLQuhy6QLSQxvTzay8J0VI=
85,-4,xVnF2OT7Dud2qLIoE6eCCH2GZqw=,cT4cULLQuhy6QLSQxvTzay8J0VI=
88,-9,xVnF2OT7Dud2qLIoE6eCCH2GZqw=,/yUhsFEO6j7MFzltONCgWxTS134=
82,-1,xVnF2OT7Dud2qLIoE6eCCH2GZqw=,cT4cULLQuhy6QLSQxvTzay8J0VI=
87,-2,xVnF2OT7Dud2qLIoE6eCCH2GZqw=,cT4cULLQuhy6QLSQxvTzay8J0VI=
91,-11,xVnF2OT7Dud2qLIoE6eCCH2GZqw=,/yUhsFEO6j7MFzltONCgWxTS134=
85,-3,xVnF2OT7Dud2qLIoE6eCCH2GZqw=,cT4cULLQuhy6QLSQxvTzay8J0VI=
88,-1,xVnF2OT7Dud2qLIoE6eCCH2GZqw=,DPOSEWqXjPnbY2u8vr4fuA9La1Q=
91,-8,xVnF2OT7Dud2qLIoE6eCCH2GZqw=,DPOSEWqXjPnbY2u8vr4fuA9La1Q=
91,-9,xVnF2OT7Dud2qLIoE6eCCH2GZqw=,/yUhsFEO6j7MFzltONCgWxTS134=
80,-6,xVnF2OT7Dud2qLIoE6eCCH2GZqw=,cT4cULLQuhy6QLSQxvTzay8J0VI=
80,-7,xVnF2OT7Dud2qLIoE6eCCH2GZqw=,cT4cULLQuhy6QLSQxvTzay8J0VI=
87,-4,xVnF2OT7Dud2qLIoE6eCCH2GZqw=,cT4cULLQuhy6QLSQxvTzay8J0VI=
90,-4,xVnF2OT7Dud2qLIoE6eCCH2GZqw=,DPOSEWqXjPnbY2u8vr4fuA9La1Q=
82,-3,xVnF2OT7Dud2qLIoE6eCCH2GZqw=,cT4cULLQuhy6QLSQxvTzay8J0VI=
92,-12,xVnF2OT7Dud2qLIoE6eCCH2GZqw=,/yUhsFEO6j7MFzltONCgWxTS134=
83,-3,xVnF2OT7Dud2qLIoE6eCCH2GZqw=,cT4cULLQuhy6QLSQxvTzay8J0VI=
89,-9,xVnF2OT7Dud2qLIoE6eCCH2GZqw=,/yUhsFEO6j7MFzltONCgWxTS134=
90,-12,xVnF2OT7Dud2qLIoE6eCCH2GZqw=,/yUhsFEO6j7MFzltONCgWxTS134=
89,-12,xVnF2OT7Dud2qLIoE6eCCH2GZqw=,/yUhsFEO6j7MFzltONCgWxTS134=
85,-6,xVnF2OT7Dud2qLIoE6eCCH2GZqw=,cT4cULLQuhy6QLSQxvTzay8J0VI=
91,-12,xVnF2OT7Dud2qLIoE6eCCH2GZqw=,/yUhsFEO6j7MFzltONCgWxTS134=
90,-10,xVnF2OT7Dud2qLIoE6eCCH2GZqw=,/yUhsFEO6j7MFzltONCgWxTS134=
88,-12,xVnF2OT7Dud2qLIoE6eCCH2GZqw=,/yUhsFEO6j7MFzltONCgWxTS134=
91,-14,xVnF2OT7Dud2qLIoE6eCCH2GZqw=,/yUhsFEO6j7MFzltONCgWxTS134=
80,-11,xVnF2OT7Dud2qLIoE6eCCH2GZqw=,DbHSz90yyzXm5Bmt4AL7cKy/mYw=
81,-11,xVnF2OT7Dud2qLIoE6eCCH2GZqw=,DbHSz90yyzXm5Bmt4AL7cKy/mYw=
80,-10,xVnF2OT7Dud2qLIoE6eCCH2GZqw=,DbHSz90yyzXm5Bmt4AL7cKy/mYw=
86,-3,xVnF2OT7Dud2qLIoE6eCCH2GZqw=,cT4cULLQuhy6QLSQxvTzay8J0VI=
80,-9,xVnF2OT7Dud2qLIoE6eCCH2GZqw=,DbHSz90yyzXm5Bmt4AL7cKy/mYw=
82,-11,xVnF2OT7Dud2qLIoE6eCCH2GZqw=,DbHSz90yyzXm5Bmt4AL7cKy/mYw=
90,-13,xVnF2OT7Dud2qLIoE6eCCH2GZqw=,/yUhsFEO6j7MFzltONCgWxTS134=
83,-11,xVnF2OT7Dud2qLIoE6eCCH2GZqw=,DbHSz90yyzXm5Bmt4AL7cKy/mYw=
85,-9,xVnF2OT7Dud2qLIoE6eCCH2GZqw=,DbHSz90yyzXm5Bmt4AL7cKy/mYw=
87,-5,xVnF2OT7Dud2qLIoE6eCCH2GZqw=,cT4cULLQuhy6QLSQxvTzay8J0VI=
90,-11,xVnF2OT7Dud2qLIoE6eCCH2GZqw=,/yUhsFEO6j7MFzltONCgWxTS134=
91,-13,xVnF2OT7Dud2qLIoE6eCCH2GZqw=,/yUhsFEO6j7MFzltONCgWxTS134=
86,-6,xVnF2OT7Dud2qLIoE6eCCH2GZqw=,cT4cULLQuhy6QLSQxvTzay8J0VI=
85,-10,xVnF2OT7Dud2qLIoE6eCCH2GZqw=,DbHSz90yyzXm5Bmt4AL7cKy/mYw=
84,-3,xVnF2OT7Dud2qLIoE6eCCH2GZqw=,cT4cULLQuhy6QLSQxvTzay8J0VI=
93,-12,xVnF2OT7Dud2qLIoE6eCCH2GZqw=,/yUhsFEO6j7MFzltONCgWxTS134=
80,-12,xVnF2OT7Dud2qLIoE6eCCH2GZqw=,DbHSz90yyzXm5Bmt4AL7cKy/mYw=
84,-9,xVnF2OT7Dud2qLIoE6eCCH2GZqw=,DbHSz90yyzXm5Bmt4AL7cKy/mYw=
91,-7,xVnF2OT7Dud2qLIoE6eCCH2GZqw=,DPOSEWqXjPnbY2u8vr4fuA9La1Q=
84,-11,xVnF2OT7Dud2qLIoE6eCCH2GZqw=,DbHSz90yyzXm5Bmt4AL7cKy/mYw=
87,-12,xVnF2OT7Dud2qLIoE6eCCH2GZqw=,DbHSz90yyzXm5Bmt4AL7cKy/mYw=
86,-12,xVnF2OT7Dud2qLIoE6eCCH2GZqw=,DbHSz90yyzXm5Bmt4AL7cKy/mYw=
88,-16,xVnF2OT7Dud2qLIoE6eCCH2GZqw=,/yUhsFEO6j7MFzltONCgWxTS134=
89,-10,xVnF2OT7Dud2qLIoE6eCCH2GZqw=,/yUhsFEO6j7MFzltONCgWxTS134=
83,-9,xVnF2OT7Dud2qLIoE6eCCH2GZqw=,DbHSz90yyzXm5Bmt4AL7cKy/mYw=
83,-12,xVnF2OT7Dud2qLIoE6eCCH2GZqw=,DbHSz90yyzXm5Bmt4AL7cKy/mYw=
82,-12,xVnF2OT7Dud2qLIoE6eCCH2GZqw=,DbHSz90yyzXm5Bmt4AL7cKy/mYw=
81,-10,xVnF2OT7Dud2qLIoE6eCCH2GZqw=,DbHSz90yyzXm5Bmt4AL7cKy/mYw=
88,-10,xVnF2OT7Dud2qLIoE6eCCH2GZqw=,/yUhsFEO6j7MFzltONCgWxTS134=
87,-13,xVnF2OT7Dud2qLIoE6eCCH2GZqw=,DbHSz90yyzXm5Bmt4AL7cKy/mYw=
87,-8,xVnF2OT7Dud2qLIoE6eCCH2GZqw=,cT4cULLQuhy6QLSQxvTzay8J0VI=
86,-8,xVnF2OT7Dud2qLIoE6eCCH2GZqw=,cT4cULLQuhy6QLSQxvTzay8J0VI=
86,-13,xVnF2OT7Dud2qLIoE6eCCH2GZqw=,DbHSz90yyzXm5Bmt4AL7cKy/mYw=
85,-13,xVnF2OT7Dud2qLIoE6eCCH2GZqw=,DbHSz90yyzXm5Bmt4AL7cKy/mYw=
84,-13,xVnF2OT7Dud2qLIoE6eCCH2GZqw=,DbHSz90yyzXm5Bmt4AL7cKy/mYw=
83,-13,xVnF2OT7Dud2qLIoE6eCCH2GZqw=,DbHSz90yyzXm5Bmt4AL7cKy/mYw=
82,-13,xVnF2OT7Dud2qLIoE6eCCH2GZqw=,DbHSz90yyzXm5Bmt4AL7cKy/mYw=
85,-8,xVnF2OT7Dud2qLIoE6eCCH2GZqw=,cT4cULLQuhy6QLSQxvTzay8J0VI=
81,-9,xVnF2OT7Dud2qLIoE6eCCH2GZqw=,DbHSz90yyzXm5Bmt4AL7cKy/mYw=
84,-10,xVnF2OT7Dud2qLIoE6eCCH2GZqw=,DbHSz90yyzXm5Bmt4AL7cKy/mYw=
94,-12,xVnF2OT7Dud2qLIoE6eCCH2GZqw=,/yUhsFEO6j7MFzltONCgWxTS134=
89,-11,xVnF2OT7Dud2qLIoE6eCCH2GZqw=,/yUhsFEO6j7MFzltONCgWxTS134=
87,-6,xVnF2OT7Dud2qLIoE6eCCH2GZqw=,cT4cULLQuhy6QLSQxvTzay8J0VI=
85,-12,xVnF2OT7Dud2qLIoE6eCCH2GZqw=,DbHSz90yyzXm5Bmt4AL7cKy/mYw=
92,-11,xVnF2OT7Dud2qLIoE6eCCH2GZqw=,/yUhsFEO6j7MFzltONCgWxTS134=
83,-10,xVnF2OT7Dud2qLIoE6eCCH2GZqw=,DbHSz90yyzXm5Bmt4AL7cKy/mYw=
93,-11,xVnF2OT7Dud2qLIoE6eCCH2GZqw=,/yUhsFEO6j7MFzltONCgWxTS134=
85,-11,xVnF2OT7Dud2qLIoE6eCCH2GZqw=,DbHSz90yyzXm5Bmt4AL7cKy/mYw=
82,-10,xVnF2OT7Dud2qLIoE6eCCH2GZqw=,DbHSz90yyzXm5Bmt4AL7cKy/mYw=
94,-11,xVnF2OT7Dud2qLIoE6eCCH2GZqw=,/yUhsFEO6j7MFzltONCgWxTS134=
84,-12,xVnF2OT7Dud2qLIoE6eCCH2GZqw=,DbHSz90yyzXm5Bmt4AL7cKy/mYw=
82,-9,xVnF2OT7Dud2qLIoE6eCCH2GZqw=,DbHSz90yyzXm5Bmt4AL7cKy/mYw=
81,-12,xVnF2OT7Dud2qLIoE6eCCH2GZqw=,DbHSz90yyzXm5Bmt4AL7cKy/mYw=
87,-7,xVnF2OT7Dud2qLIoE6eCCH2GZqw=,cT4cULLQuhy6QLSQxvTzay8J0VI=
89,-8,xVnF2OT7Dud2qLIoE6eCCH2GZqw=,DPOSEWqXjPnbY2u8vr4fuA9La1Q=
84,-5,xVnF2OT7Dud2qLIoE6eCCH2GZqw=,cT4cULLQuhy6QLSQxvTzay8J0VI=
83,-5,xVnF2OT7Dud2qLIoE6eCCH2GZqw=,cT4cULLQuhy6QLSQxvTzay8J0VI=
95,-8,xVnF2OT7Dud2qLIoE6eCCH2GZqw=,DPOSEWqXjPnbY2u8vr4fuA9La1Q=
95,-9,xVnF2OT7Dud2qLIoE6eCCH2GZqw=,/yUhsFEO6j7MFzltONCgWxTS134=
91,-5,xVnF2OT7Dud2qLIoE6eCCH2GZqw=,DPOSEWqXjPnbY2u8vr4fuA9La1Q=
82,-5,xVnF2OT7Dud2qLIoE6eCCH2GZqw=,cT4cULLQuhy6QLSQxvTzay8J0VI=
88,-11,xVnF2OT7Dud2qLIoE6eCCH2GZqw=,/yUhsFEO6j7MFzltONCgWxTS134=
85,-5,xVnF2OT7Dud2qLIoE6eCCH2GZqw=,cT4cULLQuhy6QLSQxvTzay8J0VI=
93,-4,xVnF2OT7Dud2qLIoE6eCCH2GZqw=,DPOSEWqXjPnbY2u8vr4fuA9La1Q=
95,-5,xVnF2OT7Dud2qLIoE6eCCH2GZqw=,DPOSEWqXjPnbY2u8vr4fuA9La1Q=
90,-5,xVnF2OT7Dud2qLIoE6eCCH2GZqw=,DPOSEWqXjPnbY2u8vr4fuA9La1Q=
81,-5,xVnF2OT7Dud2qLIoE6eCCH2GZqw=,cT4cULLQuhy6QLSQxvTzay8J0VI=
94,-4,xVnF2OT7Dud2qLIoE6eCCH2GZqw=,DPOSEWqXjPnbY2u8vr4fuA9La1Q=
88,-7,xVnF2OT7Dud2qLIoE6eCCH2GZqw=,DPOSEWqXjPnbY2u8vr4fuA9La1Q=
86,-5,xVnF2OT7Dud2qLIoE6eCCH2GZqw=,cT4cULLQuhy6QLSQxvTzay8J0VI=
94,-10,xVnF2OT7Dud2qLIoE6eCCH2GZqw=,/yUhsFEO6j7MFzltONCgWxTS134=
89,-7,xVnF2OT7Dud2qLIoE6eCCH2GZqw=,DPOSEWqXjPnbY2u8vr4fuA9La1Q=
90,-8,xVnF2OT7Dud2qLIoE6eCCH2GZqw=,DPOSEWqXjPnbY2u8vr4fuA9La1Q=
90,-7,xVnF2OT7Dud2qLIoE6eCCH2GZqw=,DPOSEWqXjPnbY2u8vr4fuA9La1Q=
92,-10,xVnF2OT7Dud2qLIoE6eCCH2GZqw=,/yUhsFEO6j7MFzltONCgWxTS134=
93,-5,xVnF2OT7Dud2qLIoE6eCCH2GZqw=,DPOSEWqXjPnbY2u8vr4fuA9La1Q=
91,-6,xVnF2OT7Dud2qLIoE6eCCH2GZqw=,DPOSEWqXjPnbY2u8vr4fuA9La1Q=
94,-6,xVnF2OT7Dud2qLIoE6eCCH2GZqw=,DPOSEWqXjPnbY2u8vr4fuA9La1Q=
93,-7,xVnF2OT7Dud2qLIoE6eCCH2GZqw=,DPOSEWqXjPnbY2u8vr4fuA9La1Q=
94,-8,xVnF2OT7Dud2qLIoE6eCCH2GZqw=,DPOSEWqXjPnbY2u8vr4fuA9La1Q=
93,-6,xVnF2OT7Dud2qLIoE6eCCH2GZqw=,DPOSEWqXjPnbY2u8vr4fuA9La1Q=
93,-8,xVnF2OT7Dud2qLIoE6eCCH2GZqw=,DPOSEWqXjPnbY2u8vr4fuA9La1Q=
90,-6,xVnF2OT7Dud2qLIoE6eCCH2GZqw=,DPOSEWqXjPnbY2u8vr4fuA9La1Q=
94,-9,xVnF2OT7Dud2qLIoE6eCCH2GZqw=,/yUhsFEO6j7MFzltONCgWxTS134=
88,-6,xVnF2OT7Dud2qLIoE6eCCH2GZqw=,DPOSEWqXjPnbY2u8vr4fuA9La1Q=
89,-5,xVnF2OT7Dud2qLIoE6eCCH2GZqw=,DPOSEWqXjPnbY2u8vr4fuA9La1Q=
94,-7,xVnF2OT7Dud2qLIoE6eCCH2GZqw=,DPOSEWqXjPnbY2u8vr4fuA9La1Q=
92,-7,xVnF2OT7Dud2qLIoE6eCCH2GZqw=,DPOSEWqXjPnbY2u8vr4fuA9La1Q=
95,-7,xVnF2OT7Dud2qLIoE6eCCH2GZqw=,DPOSEWqXjPnbY2u8vr4fuA9La1Q=
93,-3,xVnF2OT7Dud2qLIoE6eCCH2GZqw=,DPOSEWqXjPnbY2u8vr4fuA9La1Q=
89,-6,xVnF2OT7Dud2qLIoE6eCCH2GZqw=,DPOSEWqXjPnbY2u8vr4fuA9La1Q=
92,-8,xVnF2OT7Dud2qLIoE6eCCH2GZqw=,DPOSEWqXjPnbY2u8vr4fuA9La1Q=
92,-6,xVnF2OT7Dud2qLIoE6eCCH2GZqw=,DPOSEWqXjPnbY2u8vr4fuA9La1Q=
94,-3,xVnF2OT7Dud2qLIoE6eCCH2GZqw=,DPOSEWqXjPnbY2u8vr4fuA9La1Q=
93,-9,xVnF2OT7Dud2qLIoE6eCCH2GZqw=,/yUhsFEO6j7MFzltONCgWxTS134=
95,-4,xVnF2OT7Dud2qLIoE6eCCH2GZqw=,DPOSEWqXjPnbY2u8vr4fuA9La1Q=
92,-4,xVnF2OT7Dud2qLIoE6eCCH2GZqw=,DPOSEWqXjPnbY2u8vr4fuA9La1Q=
92,-5,xVnF2OT7Dud2qLIoE6eCCH2GZqw=,DPOSEWqXjPnbY2u8vr4fuA9La1Q=
88,-5,xVnF2OT7Dud2qLIoE6eCCH2GZqw=,DPOSEWqXjPnbY2u8vr4fuA9La1Q=
92,-9,xVnF2OT7Dud2qLIoE6eCCH2GZqw=,/yUhsFEO6j7MFzltONCgWxTS134=
95,-6,xVnF2OT7Dud2qLIoE6eCCH2GZqw=,DPOSEWqXjPnbY2u8vr4fuA9La1Q=
94,-2,xVnF2OT7Dud2qLIoE6eCCH2GZqw=,DPOSEWqXjPnbY2u8vr4fuA9La1Q=
92,-3,xVnF2OT7Dud2qLIoE6eCCH2GZqw=,DPOSEWqXjPnbY2u8vr4fuA9La1Q=
95,-2,xVnF2OT7Dud2qLIoE6eCCH2GZqw=,DPOSEWqXjPnbY2u8vr4fuA9La1Q=
95,-1,xVnF2OT7Dud2qLIoE6eCCH2GZqw=,DPOSEWqXjPnbY2u8vr4fuA9La1Q=
92,-2,xVnF2OT7Dud2qLIoE6eCCH2GZqw=,DPOSEWqXjPnbY2u8vr4fuA9La1Q=
93,-10,xVnF2OT7Dud2qLIoE6eCCH2GZqw=,/yUhsFEO6j7MFzltONCgWxTS134=
92,-1,xVnF2OT7Dud2qLIoE6eCCH2GZqw=,DPOSEWqXjPnbY2u8vr4fuA9La1Q=
93,-2,xVnF2OT7Dud2qLIoE6eCCH2GZqw=,DPOSEWqXjPnbY2u8vr4fuA9La1Q=
93,-1,xVnF2OT7Dud2qLIoE6eCCH2GZqw=,DPOSEWqXjPnbY2u8vr4fuA9La1Q=
94,-1,xVnF2OT7Dud2qLIoE6eCCH2GZqw=,DPOSEWqXjPnbY2u8vr4fuA9La1Q=
95,-3,xVnF2OT7Dud2qLIoE6eCCH2GZqw=,DPOSEWqXjPnbY2u8vr4fuA9La1Q=
94,-24,2RGFYDn5EQbf9qwQ21EhP7ZVyFo=,fT7G7mJMUz0cm7r41Izg6NctHKg=
88,-21,2RGFYDn5EQbf9qwQ21EhP7ZVyFo=,fT7G7mJMUz0cm7r41Izg6NctHKg=
91,-20,2RGFYDn5EQbf9qwQ21EhP7ZVyFo=,fT7G7mJMUz0cm7r41Izg6NctHKg=
90,-20,2RGFYDn5EQbf9qwQ21EhP7ZVyFo=,fT7G7mJMUz0cm7r41Izg6NctHKg=
93,-18,2RGFYDn5EQbf9qwQ21EhP7ZVyFo=,fT7G7mJMUz0cm7r41Izg6NctHKg=
93,-19,2RGFYDn5EQbf9qwQ21EhP7ZVyFo=,fT7G7mJMUz0cm7r41Izg6NctHKg=
92,-19,2RGFYDn5EQbf9qwQ21EhP7ZVyFo=,fT7G7mJMUz0cm7r41Izg6NctHKg=
91,-24,2RGFYDn5EQbf9qwQ21EhP7ZVyFo=,fT7G7mJMUz0cm7r41Izg6NctHKg=
89,-24,2RGFYDn5EQbf9qwQ21EhP7ZVyFo=,fT7G7mJMUz0cm7r41Izg6NctHKg=
89,-21,2RGFYDn5EQbf9qwQ21EhP7ZVyFo=,fT7G7mJMUz0cm7r41Izg6NctHKg=
91,-19,2RGFYDn5EQbf9qwQ21EhP7ZVyFo=,fT7G7mJMUz0cm7r41Izg6NctHKg=
89,-20,2RGFYDn5EQbf9qwQ21EhP7ZVyFo=,fT7G7mJMUz0cm7r41Izg6NctHKg=
88,-20,2RGFYDn5EQbf9qwQ21EhP7ZVyFo=,fT7G7mJMUz0cm7r41Izg6NctHKg=
90,-19,2RGFYDn5EQbf9qwQ21EhP7ZVyFo=,fT7G7mJMUz0cm7r41Izg6NctHKg=
94,-23,2RGFYDn5EQbf9qwQ21EhP7ZVyFo=,fT7G7mJMUz0cm7r41Izg6NctHKg=
92,-18,2RGFYDn5EQbf9qwQ21EhP7ZVyFo=,fT7G7mJMUz0cm7r41Izg6NctHKg=
91,-18,2RGFYDn5EQbf9qwQ21EhP7ZVyFo=,fT7G7mJMUz0cm7r41Izg6NctHKg=
90,-18,2RGFYDn5EQbf9qwQ21EhP7ZVyFo=,fT7G7mJMUz0cm7r41Izg6NctHKg=
89,-18,2RGFYDn5EQbf9qwQ21EhP7ZVyFo=,fT7G7mJMUz0cm7r41Izg6NctHKg=
88,-18,2RGFYDn5EQbf9qwQ21EhP7ZVyFo=,fT7G7mJMUz0cm7r41Izg6NctHKg=
93,-23,2RGFYDn5EQbf9qwQ21EhP7ZVyFo=,fT7G7mJMUz0cm7r41Izg6NctHKg=
89,-19,2RGFYDn5EQbf9qwQ21EhP7ZVyFo=,fT7G7mJMUz0cm7r41Izg6NctHKg=
92,-23,2RGFYDn5EQbf9qwQ21EhP7ZVyFo=,fT7G7mJMUz0cm7r41Izg6NctHKg=
94,-21,2RGFYDn5EQbf9qwQ21EhP7ZVyFo=,fT7G7mJMUz0cm7r41Izg6NctHKg=
93,-21,2RGFYDn5EQbf9qwQ21EhP7ZVyFo=,fT7G7mJMUz0cm7r41Izg6NctHKg=
94,-22,2RGFYDn5EQbf9qwQ21EhP7ZVyFo=,fT7G7mJMUz0cm7r41Izg6NctHKg=
88,-19,2RGFYDn5EQbf9qwQ21EhP7ZVyFo=,fT7G7mJMUz0cm7r41Izg6NctHKg=
92,-21,2RGFYDn5EQbf9qwQ21EhP7ZVyFo=,fT7G7mJMUz0cm7r41Izg6NctHKg=
94,-19,2RGFYDn5EQbf9qwQ21EhP7ZVyFo=,fT7G7mJMUz0cm7r41Izg6NctHKg=
93,-24,2RGFYDn5EQbf9qwQ21EhP7ZVyFo=,fT7G7mJMUz0cm7r41Izg6NctHKg=
93,-22,2RGFYDn5EQbf9qwQ21EhP7ZVyFo=,fT7G7mJMUz0cm7r41Izg6NctHKg=
91,-21,2RGFYDn5EQbf9qwQ21EhP7ZVyFo=,fT7G7mJMUz0cm7r41Izg6NctHKg=
90,-21,2RGFYDn5EQbf9qwQ21EhP7ZVyFo=,fT7G7mJMUz0cm7r41Izg6NctHKg=
91,-23,2RGFYDn5EQbf9qwQ21EhP7ZVyFo=,fT7G7mJMUz0cm7r41Izg6NctHKg=
92,-22,2RGFYDn5EQbf9qwQ21EhP7ZVyFo=,fT7G7mJMUz0cm7r41Izg6NctHKg=
92,-24,2RGFYDn5EQbf9qwQ21EhP7ZVyFo=,fT7G7mJMUz0cm7r41Izg6NctHKg=
90,-23,2RGFYDn5EQbf9qwQ21EhP7ZVyFo=,fT7G7mJMUz0cm7r41Izg6NctHKg=
91,-22,2RGFYDn5EQbf9qwQ21EhP7ZVyFo=,fT7G7mJMUz0cm7r41Izg6NctHKg=
89,-23,2RGFYDn5EQbf9qwQ21EhP7ZVyFo=,fT7G7mJMUz0cm7r41Izg6NctHKg=
94,-20,2RGFYDn5EQbf9qwQ21EhP7ZVyFo=,fT7G7mJMUz0cm7r41Izg6NctHKg=
93,-20,2RGFYDn5EQbf9qwQ21EhP7ZVyFo=,fT7G7mJMUz0cm7r41Izg6NctHKg=
90,-22,2RGFYDn5EQbf9qwQ21EhP7ZVyFo=,fT7G7mJMUz0cm7r41Izg6NctHKg=
90,-24,2RGFYDn5EQbf9qwQ21EhP7ZVyFo=,fT7G7mJMUz0cm7r41Izg6NctHKg=
92,-20,2RGFYDn5EQbf9qwQ21EhP7ZVyFo=,fT7G7mJMUz0cm7r41Izg6NctHKg=
89,-22,2RGFYDn5EQbf9qwQ21EhP7ZVyFo=,fT7G7mJMUz0cm7r41Izg6NctHKg=
88,-23,2RGFYDn5EQbf9qwQ21EhP7ZVyFo=,fT7G7mJMUz0cm7r41Izg6NctHKg=
88,-22,2RGFYDn5EQbf9qwQ21EhP7ZVyFo=,fT7G7mJMUz0cm7r41Izg6NctHKg=
88,-24,2RGFYDn5EQbf9qwQ21EhP7ZVyFo=,fT7G7mJMUz0cm7r41Izg6NctHKg=
95,-24,2RGFYDn5EQbf9qwQ21EhP7ZVyFo=,fT7G7mJMUz0cm7r41Izg6NctHKg=
95,-20,2RGFYDn5EQbf9qwQ21EhP7ZVyFo=,fT7G7mJMUz0cm7r41Izg6NctHKg=
95,-21,2RGFYDn5EQbf9qwQ21EhP7ZVyFo=,fT7G7mJMUz0cm7r41Izg6NctHKg=
95,-19,2RGFYDn5EQbf9qwQ21EhP7ZVyFo=,fT7G7mJMUz0cm7r41Izg6NctHKg=
95,-22,2RGFYDn5EQbf9qwQ21EhP7ZVyFo=,fT7G7mJMUz0cm7r41Izg6NctHKg=
95,-23,2RGFYDn5EQbf9qwQ21EhP7ZVyFo=,fT7G7mJMUz0cm7r41Izg6NctHKg=
88,-17,2RGFYDn5EQbf9qwQ21EhP7ZVyFo=,fT7G7mJMUz0cm7r41Izg6NctHKg=
89,-17,2RGFYDn5EQbf9qwQ21EhP7ZVyFo=,fT7G7mJMUz0cm7r41Izg6NctHKg=
95,-18,2RGFYDn5EQbf9qwQ21EhP7ZVyFo=,fT7G7mJMUz0cm7r41Izg6NctHKg=
93,-17,2RGFYDn5EQbf9qwQ21EhP7ZVyFo=,fT7G7mJMUz0cm7r41Izg6NctHKg=
92,-17,2RGFYDn5EQbf9qwQ21EhP7ZVyFo=,fT7G7mJMUz0cm7r41Izg6NctHKg=
91,-17,2RGFYDn5EQbf9qwQ21EhP7ZVyFo=,fT7G7mJMUz0cm7r41Izg6NctHKg=
90,-17,2RGFYDn5EQbf9qwQ21EhP7ZVyFo=,fT7G7mJMUz0cm7r41Izg6NctHKg=
95,-17,2RGFYDn5EQbf9qwQ21EhP7ZVyFo=,fT7G7mJMUz0cm7r41Izg6NctHKg=
94,-18,2RGFYDn5EQbf9qwQ21EhP7ZVyFo=,fT7G7mJMUz0cm7r41Izg6NctHKg=
94,-17,2RGFYDn5EQbf9qwQ21EhP7ZVyFo=,fT7G7mJMUz0cm7r41Izg6NctHKg=
70,-14,eLcONTYez871xcRK905trwadhv4=,ZJOeDmohkLSpyMDffolDP+dvkrI=
65,-13,KBBmQGWdDOztqV8OmZQztLhdOVo=,ZJOeDmohkLSpyMDffolDP+dvkrI=
69,-14,KBBmQGWdDOztqV8OmZQztLhdOVo=,ZJOeDmohkLSpyMDffolDP+dvkrI=
68,-14,KBBmQGWdDOztqV8OmZQztLhdOVo=,ZJOeDmohkLSpyMDffolDP+dvkrI=
72,-11,KBBmQGWdDOztqV8OmZQztLhdOVo=,PgFBz8r1eC4ES4oUUiyinWL615s=
73,-11,8PBsJQb8q3C/MUoMRbGD7xlcxAE=,PgFBz8r1eC4ES4oUUiyinWL615s=
77,-11,8PBsJQb8q3C/MUoMRbGD7xlcxAE=,PgFBz8r1eC4ES4oUUiyinWL615s=
72,-10,ysMMVk3MVTUk/2liS+XoGeLODN8=,PgFBz8r1eC4ES4oUUiyinWL615s=
71,-13,ysMMVk3MVTUk/2liS+XoGeLODN8=,ZJOeDmohkLSpyMDffolDP+dvkrI=
72,-15,ysMMVk3MVTUk/2liS+XoGeLODN8=,PgFBz8r1eC4ES4oUUiyinWL615s=
73,-15,ysMMVk3MVTUk/2liS+XoGeLODN8=,PgFBz8r1eC4ES4oUUiyinWL615s=
74,-15,ysMMVk3MVTUk/2liS+XoGeLODN8=,PgFBz8r1eC4ES4oUUiyinWL615s=
71,-15,ysMMVk3MVTUk/2liS+XoGeLODN8=,ZJOeDmohkLSpyMDffolDP+dvkrI=
75,-15,ysMMVk3MVTUk/2liS+XoGeLODN8=,PgFBz8r1eC4ES4oUUiyinWL615s=
76,-15,ysMMVk3MVTUk/2liS+XoGeLODN8=,PgFBz8r1eC4ES4oUUiyinWL615s=
77,-15,xs2+DrtxWDA1A7mk//GkN1p0wvc=,PgFBz8r1eC4ES4oUUiyinWL615s=
71,-12,xs2+DrtxWDA1A7mk//GkN1p0wvc=,ZJOeDmohkLSpyMDffolDP+dvkrI=
78,-15,xs2+DrtxWDA1A7mk//GkN1p0wvc=,PgFBz8r1eC4ES4oUUiyinWL615s=
72,-14,xs2+DrtxWDA1A7mk//GkN1p0wvc=,PgFBz8r1eC4ES4oUUiyinWL615s=
73,-14,xs2+DrtxWDA1A7mk//GkN1p0wvc=,PgFBz8r1eC4ES4oUUiyinWL615s=
74,-14,xs2+DrtxWDA1A7mk//GkN1p0wvc=,PgFBz8r1eC4ES4oUUiyinWL615s=
75,-14,xs2+DrtxWDA1A7mk//GkN1p0wvc=,PgFBz8r1eC4ES4oUUiyinWL615s=
76,-14,xs2+DrtxWDA1A7mk//GkN1p0wvc=,PgFBz8r1eC4ES4oUUiyinWL615s=
77,-14,xs2+DrtxWDA1A7mk//GkN1p0wvc=,PgFBz8r1eC4ES4oUUiyinWL615s=
78,-14,xs2+DrtxWDA1A7mk//GkN1p0wvc=,PgFBz8r1eC4ES4oUUiyinWL615s=
71,-11,xs2+DrtxWDA1A7mk//GkN1p0wvc=,ZJOeDmohkLSpyMDffolDP+dvkrI=
72,-13,xs2+DrtxWDA1A7mk//GkN1p0wvc=,PgFBz8r1eC4ES4oUUiyinWL615s=
71,-10,xs2+DrtxWDA1A7mk//GkN1p0wvc=,ZJOeDmohkLSpyMDffolDP+dvkrI=
73,-13,xs2+DrtxWDA1A7mk//GkN1p0wvc=,PgFBz8r1eC4ES4oUUiyinWL615s=
74,-13,xs2+DrtxWDA1A7mk//GkN1p0wvc=,PgFBz8r1eC4ES4oUUiyinWL615s=
76,-13,xs2+DrtxWDA1A7mk//GkN1p0wvc=,PgFBz8r1eC4ES4oUUiyinWL615s=
75,-13,xs2+DrtxWDA1A7mk//GkN1p0wvc=,PgFBz8r1eC4ES4oUUiyinWL615s=
77,-13,+hsqAffk424yhorQLJfpFPD0D6I=,PgFBz8r1eC4ES4oUUiyinWL615s=
78,-13,+hsqAffk424yhorQLJfpFPD0D6I=,PgFBz8r1eC4ES4oUUiyinWL615s=
72,-12,+hsqAffk424yhorQLJfpFPD0D6I=,PgFBz8r1eC4ES4oUUiyinWL615s=
73,-12,+hsqAffk424yhorQLJfpFPD0D6I=,PgFBz8r1eC4ES4oUUiyinWL615s=
74,-12,+hsqAffk424yhorQLJfpFPD0D6I=,PgFBz8r1eC4ES4oUUiyinWL615s=
71,-14,+hsqAffk424yhorQLJfpFPD0D6I=,ZJOeDmohkLSpyMDffolDP+dvkrI=
77,-12,+hsqAffk424yhorQLJfpFPD0D6I=,PgFBz8r1eC4ES4oUUiyinWL615s=
68,-2,+hsqAffk424yhorQLJfpFPD0D6I=,6aItAVuCTrpQ2UcgOMVFMaF/7y4=
65,-8,+hsqAffk424yhorQLJfpFPD0D6I=,6aItAVuCTrpQ2UcgOMVFMaF/7y4=
65,-7,+hsqAffk424yhorQLJfpFPD0D6I=,6aItAVuCTrpQ2UcgOMVFMaF/7y4=
65,-6,+hsqAffk424yhorQLJfpFPD0D6I=,6aItAVuCTrpQ2UcgOMVFMaF/7y4=
67,-6,+hsqAffk424yhorQLJfpFPD0D6I=,6aItAVuCTrpQ2UcgOMVFMaF/7y4=
65,-5,+hsqAffk424yhorQLJfpFPD0D6I=,6aItAVuCTrpQ2UcgOMVFMaF/7y4=
66,-5,+hsqAffk424yhorQLJfpFPD0D6I=,6aItAVuCTrpQ2UcgOMVFMaF/7y4=
65,-9,+hsqAffk424yhorQLJfpFPD0D6I=,ZJOeDmohkLSpyMDffolDP+dvkrI=
70,-10,+hsqAffk424yhorQLJfpFPD0D6I=,ZJOeDmohkLSpyMDffolDP+dvkrI=
69,-10,+hsqAffk424yhorQLJfpFPD0D6I=,ZJOeDmohkLSpyMDffolDP+dvkrI=
64,-7,+hsqAffk424yhorQLJfpFPD0D6I=,6aItAVuCTrpQ2UcgOMVFMaF/7y4=
64,-6,+hsqAffk424yhorQLJfpFPD0D6I=,6aItAVuCTrpQ2UcgOMVFMaF/7y4=
64,-5,+hsqAffk424yhorQLJfpFPD0D6I=,6aItAVuCTrpQ2UcgOMVFMaF/7y4=
64,-3,+hsqAffk424yhorQLJfpFPD0D6I=,6aItAVuCTrpQ2UcgOMVFMaF/7y4=
68,-10,+hsqAffk424yhorQLJfpFPD0D6I=,ZJOeDmohkLSpyMDffolDP+dvkrI=
67,-10,+hsqAffk424yhorQLJfpFPD0D6I=,ZJOeDmohkLSpyMDffolDP+dvkrI=
66,-10,+hsqAffk424yhorQLJfpFPD0D6I=,ZJOeDmohkLSpyMDffolDP+dvkrI=
70,-11,+hsqAffk424yhorQLJfpFPD0D6I=,ZJOeDmohkLSpyMDffolDP+dvkrI=
69,-11,+hsqAffk424yhorQLJfpFPD0D6I=,ZJOeDmohkLSpyMDffolDP+dvkrI=
65,-10,+hsqAffk424yhorQLJfpFPD0D6I=,ZJOeDmohkLSpyMDffolDP+dvkrI=
68,-11,+hsqAffk424yhorQLJfpFPD0D6I=,ZJOeDmohkLSpyMDffolDP+dvkrI=
67,-11,+hsqAffk424yhorQLJfpFPD0D6I=,ZJOeDmohkLSpyMDffolDP+dvkrI=
66,-11,+hsqAffk424yhorQLJfpFPD0D6I=,ZJOeDmohkLSpyMDffolDP+dvkrI=
65,-11,+hsqAffk424yhorQLJfpFPD0D6I=,ZJOeDmohkLSpyMDffolDP+dvkrI=
67,-14,+hsqAffk424yhorQLJfpFPD0D6I=,ZJOeDmohkLSpyMDffolDP+dvkrI=
66,-14,+hsqAffk424yhorQLJfpFPD0D6I=,ZJOeDmohkLSpyMDffolDP+dvkrI=
70,-12,+hsqAffk424yhorQLJfpFPD0D6I=,ZJOeDmohkLSpyMDffolDP+dvkrI=
65,-14,+hsqAffk424yhorQLJfpFPD0D6I=,ZJOeDmohkLSpyMDffolDP+dvkrI=
70,-15,+hsqAffk424yhorQLJfpFPD0D6I=,ZJOeDmohkLSpyMDffolDP+dvkrI=
69,-15,+hsqAffk424yhorQLJfpFPD0D6I=,ZJOeDmohkLSpyMDffolDP+dvkrI=
69,-12,+hsqAffk424yhorQLJfpFPD0D6I=,ZJOeDmohkLSpyMDffolDP+dvkrI=
68,-15,+hsqAffk424yhorQLJfpFPD0D6I=,ZJOeDmohkLSpyMDffolDP+dvkrI=
67,-15,+hsqAffk424yhorQLJfpFPD0D6I=,ZJOeDmohkLSpyMDffolDP+dvkrI=
68,-12,+hsqAffk424yhorQLJfpFPD0D6I=,ZJOeDmohkLSpyMDffolDP+dvkrI=
65,-15,+hsqAffk424yhorQLJfpFPD0D6I=,ZJOeDmohkLSpyMDffolDP+dvkrI=
66,-15,+hsqAffk424yhorQLJfpFPD0D6I=,ZJOeDmohkLSpyMDffolDP+dvkrI=
67,-12,+hsqAffk424yhorQLJfpFPD0D6I=,ZJOeDmohkLSpyMDffolDP+dvkrI=
66,-12,+hsqAffk424yhorQLJfpFPD0D6I=,ZJOeDmohkLSpyMDffolDP+dvkrI=
70,-13,+hsqAffk424yhorQLJfpFPD0D6I=,ZJOeDmohkLSpyMDffolDP+dvkrI=
65,-12,+hsqAffk424yhorQLJfpFPD0D6I=,ZJOeDmohkLSpyMDffolDP+dvkrI=
69,-13,+hsqAffk424yhorQLJfpFPD0D6I=,ZJOeDmohkLSpyMDffolDP+dvkrI=
68,-13,+hsqAffk424yhorQLJfpFPD0D6I=,ZJOeDmohkLSpyMDffolDP+dvkrI=
66,-13,+hsqAffk424yhorQLJfpFPD0D6I=,ZJOeDmohkLSpyMDffolDP+dvkrI=
67,-13,+hsqAffk424yhorQLJfpFPD0D6I=,ZJOeDmohkLSpyMDffolDP+dvkrI=
73,-16,+hsqAffk424yhorQLJfpFPD0D6I=,PgFBz8r1eC4ES4oUUiyinWL615s=
74,-16,+hsqAffk424yhorQLJfpFPD0D6I=,PgFBz8r1eC4ES4oUUiyinWL615s=
76,-16,+hsqAffk424yhorQLJfpFPD0D6I=,PgFBz8r1eC4ES4oUUiyinWL615s=
77,-16,+hsqAffk424yhorQLJfpFPD0D6I=,PgFBz8r1eC4ES4oUUiyinWL615s=
75,-16,+hsqAffk424yhorQLJfpFPD0D6I=,PgFBz8r1eC4ES4oUUiyinWL615s=
72,-16,+hsqAffk424yhorQLJfpFPD0D6I=,PgFBz8r1eC4ES4oUUiyinWL615s=
65,-16,+hsqAffk424yhorQLJfpFPD0D6I=,ZJOeDmohkLSpyMDffolDP+dvkrI=
66,-16,+hsqAffk424yhorQLJfpFPD0D6I=,ZJOeDmohkLSpyMDffolDP+dvkrI=
78,-16,+hsqAffk424yhorQLJfpFPD0D6I=,PgFBz8r1eC4ES4oUUiyinWL615s=
67,-16,+hsqAffk424yhorQLJfpFPD0D6I=,ZJOeDmohkLSpyMDffolDP+dvkrI=
68,-16,+hsqAffk424yhorQLJfpFPD0D6I=,ZJOeDmohkLSpyMDffolDP+dvkrI=
69,-16,+hsqAffk424yhorQLJfpFPD0D6I=,ZJOeDmohkLSpyMDffolDP+dvkrI=
71,-16,+hsqAffk424yhorQLJfpFPD0D6I=,ZJOeDmohkLSpyMDffolDP+dvkrI=
64,-16,+hsqAffk424yhorQLJfpFPD0D6I=,ZJOeDmohkLSpyMDffolDP+dvkrI=
64,-8,+hsqAffk424yhorQLJfpFPD0D6I=,6aItAVuCTrpQ2UcgOMVFMaF/7y4=
70,-16,+hsqAffk424yhorQLJfpFPD0D6I=,ZJOeDmohkLSpyMDffolDP+dvkrI=
64,-13,+hsqAffk424yhorQLJfpFPD0D6I=,ZJOeDmohkLSpyMDffolDP+dvkrI=
64,-12,+hsqAffk424yhorQLJfpFPD0D6I=,ZJOeDmohkLSpyMDffolDP+dvkrI=
64,-14,+hsqAffk424yhorQLJfpFPD0D6I=,ZJOeDmohkLSpyMDffolDP+dvkrI=
64,-15,+hsqAffk424yhorQLJfpFPD0D6I=,ZJOeDmohkLSpyMDffolDP+dvkrI=
64,-11,+hsqAffk424yhorQLJfpFPD0D6I=,ZJOeDmohkLSpyMDffolDP+dvkrI=
64,-10,+hsqAffk424yhorQLJfpFPD0D6I=,ZJOeDmohkLSpyMDffolDP+dvkrI=
75,-8,+hsqAffk424yhorQLJfpFPD0D6I=,H9Z4CK0wkxxxuO+HKQUVr1UYtaM=
64,-9,+hsqAffk424yhorQLJfpFPD0D6I=,ZJOeDmohkLSpyMDffolDP+dvkrI=
70,-9,+hsqAffk424yhorQLJfpFPD0D6I=,ZJOeDmohkLSpyMDffolDP+dvkrI=
75,-9,+hsqAffk424yhorQLJfpFPD0D6I=,PgFBz8r1eC4ES4oUUiyinWL615s=
67,-5,+hsqAffk424yhorQLJfpFPD0D6I=,6aItAVuCTrpQ2UcgOMVFMaF/7y4=
69,-9,+hsqAffk424yhorQLJfpFPD0D6I=,ZJOeDmohkLSpyMDffolDP+dvkrI=
71,-9,+hsqAffk424yhorQLJfpFPD0D6I=,ZJOeDmohkLSpyMDffolDP+dvkrI=
67,-7,+hsqAffk424yhorQLJfpFPD0D6I=,6aItAVuCTrpQ2UcgOMVFMaF/7y4=
79,-16,+hsqAffk424yhorQLJfpFPD0D6I=,PgFBz8r1eC4ES4oUUiyinWL615s=
79,-15,+hsqAffk424yhorQLJfpFPD0D6I=,PgFBz8r1eC4ES4oUUiyinWL615s=
79,-13,+hsqAffk424yhorQLJfpFPD0D6I=,PgFBz8r1eC4ES4oUUiyinWL615s=
79,-14,+hsqAffk424yhorQLJfpFPD0D6I=,PgFBz8r1eC4ES4oUUiyinWL615s=
78,-5,+hsqAffk424yhorQLJfpFPD0D6I=,H9Z4CK0wkxxxuO+HKQUVr1UYtaM=
66,-6,+hsqAffk424yhorQLJfpFPD0D6I=,6aItAVuCTrpQ2UcgOMVFMaF/7y4=
68,-9,+hsqAffk424yhorQLJfpFPD0D6I=,ZJOeDmohkLSpyMDffolDP+dvkrI=
73,-10,+hsqAffk424yhorQLJfpFPD0D6I=,PgFBz8r1eC4ES4oUUiyinWL615s=
78,-11,+hsqAffk424yhorQLJfpFPD0D6I=,PgFBz8r1eC4ES4oUUiyinWL615s=
67,-9,+hsqAffk424yhorQLJfpFPD0D6I=,ZJOeDmohkLSpyMDffolDP+dvkrI=
78,-10,+hsqAffk424yhorQLJfpFPD0D6I=,PgFBz8r1eC4ES4oUUiyinWL615s=
66,-9,+hsqAffk424yhorQLJfpFPD0D6I=,ZJOeDmohkLSpyMDffolDP+dvkrI=
77,-10,+hsqAffk424yhorQLJfpFPD0D6I=,PgFBz8r1eC4ES4oUUiyinWL615s=
76,-10,+hsqAffk424yhorQLJfpFPD0D6I=,PgFBz8r1eC4ES4oUUiyinWL615s=
74,-11,+hsqAffk424yhorQLJfpFPD0D6I=,PgFBz8r1eC4ES4oUUiyinWL615s=
78,-12,+hsqAffk424yhorQLJfpFPD0D6I=,PgFBz8r1eC4ES4oUUiyinWL615s=
67,-8,+hsqAffk424yhorQLJfpFPD0D6I=,6aItAVuCTrpQ2UcgOMVFMaF/7y4=
74,-9,+hsqAffk424yhorQLJfpFPD0D6I=,PgFBz8r1eC4ES4oUUiyinWL615s=
76,-9,+hsqAffk424yhorQLJfpFPD0D6I=,PgFBz8r1eC4ES4oUUiyinWL615s=
71,-7,+hsqAffk424yhorQLJfpFPD0D6I=,6aItAVuCTrpQ2UcgOMVFMaF/7y4=
66,-7,+hsqAffk424yhorQLJfpFPD0D6I=,6aItAVuCTrpQ2UcgOMVFMaF/7y4=
77,-9,+hsqAffk424yhorQLJfpFPD0D6I=,PgFBz8r1eC4ES4oUUiyinWL615s=
76,-12,+hsqAffk424yhorQLJfpFPD0D6I=,PgFBz8r1eC4ES4oUUiyinWL615s=
74,-10,+hsqAffk424yhorQLJfpFPD0D6I=,PgFBz8r1eC4ES4oUUiyinWL615s=
75,-10,+hsqAffk424yhorQLJfpFPD0D6I=,PgFBz8r1eC4ES4oUUiyinWL615s=
79,-11,+hsqAffk424yhorQLJfpFPD0D6I=,PgFBz8r1eC4ES4oUUiyinWL615s=
76,-11,+hsqAffk424yhorQLJfpFPD0D6I=,PgFBz8r1eC4ES4oUUiyinWL615s=
79,-12,+hsqAffk424yhorQLJfpFPD0D6I=,PgFBz8r1eC4ES4oUUiyinWL615s=
65,-4,+hsqAffk424yhorQLJfpFPD0D6I=,6aItAVuCTrpQ2UcgOMVFMaF/7y4=
79,-10,+hsqAffk424yhorQLJfpFPD0D6I=,PgFBz8r1eC4ES4oUUiyinWL615s=
67,-4,+hsqAffk424yhorQLJfpFPD0D6I=,6aItAVuCTrpQ2UcgOMVFMaF/7y4=
77,-6,+hsqAffk424yhorQLJfpFPD0D6I=,H9Z4CK0wkxxxuO+HKQUVr1UYtaM=
75,-11,+hsqAffk424yhorQLJfpFPD0D6I=,PgFBz8r1eC4ES4oUUiyinWL615s=
65,-3,+hsqAffk424yhorQLJfpFPD0D6I=,6aItAVuCTrpQ2UcgOMVFMaF/7y4=
66,-8,+hsqAffk424yhorQLJfpFPD0D6I=,6aItAVuCTrpQ2UcgOMVFMaF/7y4=
67,-3,+hsqAffk424yhorQLJfpFPD0D6I=,6aItAVuCTrpQ2UcgOMVFMaF/7y4=
72,-9,+hsqAffk424yhorQLJfpFPD0D6I=,PgFBz8r1eC4ES4oUUiyinWL615s=
75,-12,+hsqAffk424yhorQLJfpFPD0D6I=,PgFBz8r1eC4ES4oUUiyinWL615s=
78,-9,+hsqAffk424yhorQLJfpFPD0D6I=,PgFBz8r1eC4ES4oUUiyinWL615s=
67,-1,+hsqAffk424yhorQLJfpFPD0D6I=,6aItAVuCTrpQ2UcgOMVFMaF/7y4=
79,-9,+hsqAffk424yhorQLJfpFPD0D6I=,PgFBz8r1eC4ES4oUUiyinWL615s=
64,-4,+hsqAffk424yhorQLJfpFPD0D6I=,6aItAVuCTrpQ2UcgOMVFMaF/7y4=
67,-2,+hsqAffk424yhorQLJfpFPD0D6I=,6aItAVuCTrpQ2UcgOMVFMaF/7y4=
69,-2,+hsqAffk424yhorQLJfpFPD0D6I=,6aItAVuCTrpQ2UcgOMVFMaF/7y4=
65,-2,+hsqAffk424yhorQLJfpFPD0D6I=,6aItAVuCTrpQ2UcgOMVFMaF/7y4=
70,-8,+hsqAffk424yhorQLJfpFPD0D6I=,6aItAVuCTrpQ2UcgOMVFMaF/7y4=
66,-2,+hsqAffk424yhorQLJfpFPD0D6I=,6aItAVuCTrpQ2UcgOMVFMaF/7y4=
69,-1,+hsqAffk424yhorQLJfpFPD0D6I=,6aItAVuCTrpQ2UcgOMVFMaF/7y4=
73,-9,+hsqAffk424yhorQLJfpFPD0D6I=,PgFBz8r1eC4ES4oUUiyinWL615s=
64,-1,+hsqAffk424yhorQLJfpFPD0D6I=,6aItAVuCTrpQ2UcgOMVFMaF/7y4=
70,-1,+hsqAffk424yhorQLJfpFPD0D6I=,6aItAVuCTrpQ2UcgOMVFMaF/7y4=
68,-7,+hsqAffk424yhorQLJfpFPD0D6I=,6aItAVuCTrpQ2UcgOMVFMaF/7y4=
65,-1,+hsqAffk424yhorQLJfpFPD0D6I=,6aItAVuCTrpQ2UcgOMVFMaF/7y4=
68,-1,+hsqAffk424yhorQLJfpFPD0D6I=,6aItAVuCTrpQ2UcgOMVFMaF/7y4=
64,-2,+hsqAffk424yhorQLJfpFPD0D6I=,6aItAVuCTrpQ2UcgOMVFMaF/7y4=
78,-6,+hsqAffk424yhorQLJfpFPD0D6I=,H9Z4CK0wkxxxuO+HKQUVr1UYtaM=
66,-3,+hsqAffk424yhorQLJfpFPD0D6I=,6aItAVuCTrpQ2UcgOMVFMaF/7y4=
66,-1,+hsqAffk424yhorQLJfpFPD0D6I=,6aItAVuCTrpQ2UcgOMVFMaF/7y4=
68,-3,+hsqAffk424yhorQLJfpFPD0D6I=,6aItAVuCTrpQ2UcgOMVFMaF/7y4=
66,-4,+hsqAffk424yhorQLJfpFPD0D6I=,6aItAVuCTrpQ2UcgOMVFMaF/7y4=
68,-6,+hsqAffk424yhorQLJfpFPD0D6I=,6aItAVuCTrpQ2UcgOMVFMaF/7y4=
76,-3,+hsqAffk424yhorQLJfpFPD0D6I=,H9Z4CK0wkxxxuO+HKQUVr1UYtaM=
70,-4,+hsqAffk424yhorQLJfpFPD0D6I=,6aItAVuCTrpQ2UcgOMVFMaF/7y4=
70,-2,+hsqAffk424yhorQLJfpFPD0D6I=,6aItAVuCTrpQ2UcgOMVFMaF/7y4=
70,-7,+hsqAffk424yhorQLJfpFPD0D6I=,6aItAVuCTrpQ2UcgOMVFMaF/7y4=
69,-8,+hsqAffk424yhorQLJfpFPD0D6I=,6aItAVuCTrpQ2UcgOMVFMaF/7y4=
77,-3,+hsqAffk424yhorQLJfpFPD0D6I=,H9Z4CK0wkxxxuO+HKQUVr1UYtaM=
68,-4,+hsqAffk424yhorQLJfpFPD0D6I=,6aItAVuCTrpQ2UcgOMVFMaF/7y4=
78,-2,+hsqAffk424yhorQLJfpFPD0D6I=,H9Z4CK0wkxxxuO+HKQUVr1UYtaM=
79,-2,+hsqAffk424yhorQLJfpFPD0D6I=,H9Z4CK0wkxxxuO+HKQUVr1UYtaM=
74,-1,+hsqAffk424yhorQLJfpFPD0D6I=,H9Z4CK0wkxxxuO+HKQUVr1UYtaM=
68,-8,+hsqAffk424yhorQLJfpFPD0D6I=,6aItAVuCTrpQ2UcgOMVFMaF/7y4=
70,-5,+hsqAffk424yhorQLJfpFPD0D6I=,6aItAVuCTrpQ2UcgOMVFMaF/7y4=
77,-2,+hsqAffk424yhorQLJfpFPD0D6I=,H9Z4CK0wkxxxuO+HKQUVr1UYtaM=
73,-1,+hsqAffk424yhorQLJfpFPD0D6I=,H9Z4CK0wkxxxuO+HKQUVr1UYtaM=
69,-7,+hsqAffk424yhorQLJfpFPD0D6I=,6aItAVuCTrpQ2UcgOMVFMaF/7y4=
68,-5,+hsqAffk424yhorQLJfpFPD0D6I=,6aItAVuCTrpQ2UcgOMVFMaF/7y4=
73,-7,+hsqAffk424yhorQLJfpFPD0D6I=,H9Z4CK0wkxxxuO+HKQUVr1UYtaM=
69,-4,+hsqAffk424yhorQLJfpFPD0D6I=,6aItAVuCTrpQ2UcgOMVFMaF/7y4=
69,-3,+hsqAffk424yhorQLJfpFPD0D6I=,6aItAVuCTrpQ2UcgOMVFMaF/7y4=
74,-8,+hsqAffk424yhorQLJfpFPD0D6I=,H9Z4CK0wkxxxuO+HKQUVr1UYtaM=
71,-8,+hsqAffk424yhorQLJfpFPD0D6I=,6aItAVuCTrpQ2UcgOMVFMaF/7y4=
75,-4,+hsqAffk424yhorQLJfpFPD0D6I=,H9Z4CK0wkxxxuO+HKQUVr1UYtaM=
78,-1,+hsqAffk424yhorQLJfpFPD0D6I=,H9Z4CK0wkxxxuO+HKQUVr1UYtaM=
74,-4,+hsqAffk424yhorQLJfpFPD0D6I=,H9Z4CK0wkxxxuO+HKQUVr1UYtaM=
76,-8,+hsqAffk424yhorQLJfpFPD0D6I=,H9Z4CK0wkxxxuO+HKQUVr1UYtaM=
79,-3,+hsqAffk424yhorQLJfpFPD0D6I=,H9Z4CK0wkxxxuO+HKQUVr1UYtaM=
72,-5,+hsqAffk424yhorQLJfpFPD0D6I=,H9Z4CK0wkxxxuO+HKQUVr1UYtaM=
69,-6,+hsqAffk424yhorQLJfpFPD0D6I=,6aItAVuCTrpQ2UcgOMVFMaF/7y4=
78,-3,+hsqAffk424yhorQLJfpFPD0D6I=,H9Z4CK0wkxxxuO+HKQUVr1UYtaM=
69,-5,+hsqAffk424yhorQLJfpFPD0D6I=,6aItAVuCTrpQ2UcgOMVFMaF/7y4=
72,-2,+hsqAffk424yhorQLJfpFPD0D6I=,H9Z4CK0wkxxxuO+HKQUVr1UYtaM=
70,-3,+hsqAffk424yhorQLJfpFPD0D6I=,6aItAVuCTrpQ2UcgOMVFMaF/7y4=
70,-6,+hsqAffk424yhorQLJfpFPD0D6I=,6aItAVuCTrpQ2UcgOMVFMaF/7y4=
78,-8,+hsqAffk424yhorQLJfpFPD0D6I=,H9Z4CK0wkxxxuO+HKQUVr1UYtaM=
72,-1,+hsqAffk424yhorQLJfpFPD0D6I=,H9Z4CK0wkxxxuO+HKQUVr1UYtaM=
71,-2,+hsqAffk424yhorQLJfpFPD0D6I=,6aItAVuCTrpQ2UcgOMVFMaF/7y4=
75,-1,+hsqAffk424yhorQLJfpFPD0D6I=,H9Z4CK0wkxxxuO+HKQUVr1UYtaM=
77,-4,+hsqAffk424yhorQLJfpFPD0D6I=,H9Z4CK0wkxxxuO+HKQUVr1UYtaM=
77,-1,+hsqAffk424yhorQLJfpFPD0D6I=,H9Z4CK0wkxxxuO+HKQUVr1UYtaM=
79,-6,+hsqAffk424yhorQLJfpFPD0D6I=,H9Z4CK0wkxxxuO+HKQUVr1UYtaM=
76,-4,+hsqAffk424yhorQLJfpFPD0D6I=,H9Z4CK0wkxxxuO+HKQUVr1UYtaM=
78,-4,+hsqAffk424yhorQLJfpFPD0D6I=,H9Z4CK0wkxxxuO+HKQUVr1UYtaM=
76,-2,+hsqAffk424yhorQLJfpFPD0D6I=,H9Z4CK0wkxxxuO+HKQUVr1UYtaM=
79,-4,+hsqAffk424yhorQLJfpFPD0D6I=,H9Z4CK0wkxxxuO+HKQUVr1UYtaM=
73,-6,+hsqAffk424yhorQLJfpFPD0D6I=,H9Z4CK0wkxxxuO+HKQUVr1UYtaM=
76,-6,+hsqAffk424yhorQLJfpFPD0D6I=,H9Z4CK0wkxxxuO+HKQUVr1UYtaM=
72,-7,+hsqAffk424yhorQLJfpFPD0D6I=,H9Z4CK0wkxxxuO+HKQUVr1UYtaM=
72,-6,+hsqAffk424yhorQLJfpFPD0D6I=,H9Z4CK0wkxxxuO+HKQUVr1UYtaM=
74,-6,+hsqAffk424yhorQLJfpFPD0D6I=,H9Z4CK0wkxxxuO+HKQUVr1UYtaM=
73,-5,+hsqAffk424yhorQLJfpFPD0D6I=,H9Z4CK0wkxxxuO+HKQUVr1UYtaM=
72,-3,+hsqAffk424yhorQLJfpFPD0D6I=,H9Z4CK0wkxxxuO+HKQUVr1UYtaM=
75,-7,+hsqAffk424yhorQLJfpFPD0D6I=,H9Z4CK0wkxxxuO+HKQUVr1UYtaM=
75,-6,+hsqAffk424yhorQLJfpFPD0D6I=,H9Z4CK0wkxxxuO+HKQUVr1UYtaM=
78,-7,+hsqAffk424yhorQLJfpFPD0D6I=,H9Z4CK0wkxxxuO+HKQUVr1UYtaM=
76,-1,+hsqAffk424yhorQLJfpFPD0D6I=,H9Z4CK0wkxxxuO+HKQUVr1UYtaM=
71,-1,+hsqAffk424yhorQLJfpFPD0D6I=,6aItAVuCTrpQ2UcgOMVFMaF/7y4=
74,-5,+hsqAffk424yhorQLJfpFPD0D6I=,H9Z4CK0wkxxxuO+HKQUVr1UYtaM=
71,-4,+hsqAffk424yhorQLJfpFPD0D6I=,6aItAVuCTrpQ2UcgOMVFMaF/7y4=
74,-7,+hsqAffk424yhorQLJfpFPD0D6I=,H9Z4CK0wkxxxuO+HKQUVr1UYtaM=
76,-7,+hsqAffk424yhorQLJfpFPD0D6I=,H9Z4CK0wkxxxuO+HKQUVr1UYtaM=
73,-8,+hsqAffk424yhorQLJfpFPD0D6I=,H9Z4CK0wkxxxuO+HKQUVr1UYtaM=
77,-5,+hsqAffk424yhorQLJfpFPD0D6I=,H9Z4CK0wkxxxuO+HKQUVr1UYtaM=
71,-5,+hsqAffk424yhorQLJfpFPD0D6I=,6aItAVuCTrpQ2UcgOMVFMaF/7y4=
79,-5,+hsqAffk424yhorQLJfpFPD0D6I=,H9Z4CK0wkxxxuO+HKQUVr1UYtaM=
75,-2,+hsqAffk424yhorQLJfpFPD0D6I=,H9Z4CK0wkxxxuO+HKQUVr1UYtaM=
75,-3,+hsqAffk424yhorQLJfpFPD0D6I=,H9Z4CK0wkxxxuO+HKQUVr1UYtaM=
74,-2,+hsqAffk424yhorQLJfpFPD0D6I=,H9Z4CK0wkxxxuO+HKQUVr1UYtaM=
79,-1,+hsqAffk424yhorQLJfpFPD0D6I=,H9Z4CK0wkxxxuO+HKQUVr1UYtaM=
72,-4,+hsqAffk424yhorQLJfpFPD0D6I=,H9Z4CK0wkxxxuO+HKQUVr1UYtaM=
73,-2,+hsqAffk424yhorQLJfpFPD0D6I=,H9Z4CK0wkxxxuO+HKQUVr1UYtaM=
71,-6,+hsqAffk424yhorQLJfpFPD0D6I=,6aItAVuCTrpQ2UcgOMVFMaF/7y4=
73,-4,+hsqAffk424yhorQLJfpFPD0D6I=,H9Z4CK0wkxxxuO+HKQUVr1UYtaM=
72,-8,+hsqAffk424yhorQLJfpFPD0D6I=,H9Z4CK0wkxxxuO+HKQUVr1UYtaM=
77,-7,+hsqAffk424yhorQLJfpFPD0D6I=,H9Z4CK0wkxxxuO+HKQUVr1UYtaM=
71,-3,+hsqAffk424yhorQLJfpFPD0D6I=,6aItAVuCTrpQ2UcgOMVFMaF/7y4=
74,-3,+hsqAffk424yhorQLJfpFPD0D6I=,H9Z4CK0wkxxxuO+HKQUVr1UYtaM=
77,-8,+hsqAffk424yhorQLJfpFPD0D6I=,H9Z4CK0wkxxxuO+HKQUVr1UYtaM=
79,-8,+hsqAffk424yhorQLJfpFPD0D6I=,H9Z4CK0wkxxxuO+HKQUVr1UYtaM=
75,-5,+hsqAffk424yhorQLJfpFPD0D6I=,H9Z4CK0wkxxxuO+HKQUVr1UYtaM=
73,-3,+hsqAffk424yhorQLJfpFPD0D6I=,H9Z4CK0wkxxxuO+HKQUVr1UYtaM=
76,-5,+hsqAffk424yhorQLJfpFPD0D6I=,H9Z4CK0wkxxxuO+HKQUVr1UYtaM=
79,-7,+hsqAffk424yhorQLJfpFPD0D6I=,H9Z4CK0wkxxxuO+HKQUVr1UYtaM=
