14,6,DsrbIZUIz926/sgAZaAjAs2BAyE=,GoW/YkkWwvUZ2n2JbHgh4V6EmUc=
15,6,DsrbIZUIz926/sgAZaAjAs2BAyE=,GoW/YkkWwvUZ2n2JbHgh4V6EmUc=
8,8,G6hdiZWaWIn1XT5NV0UQ7h4BlUM=,ohE4Ql9xeT5wDONo7BaVCnlXOYQ=
7,7,G6hdiZWaWIn1XT5NV0UQ7h4BlUM=,TYx+zoEa3GieVneSqIZxG8jyXFQ=
7,0,G6hdiZWaWIn1XT5NV0UQ7h4BlUM=,TYx+zoEa3GieVneSqIZxG8jyXFQ=
5,0,G6hdiZWaWIn1XT5NV0UQ7h4BlUM=,TYx+zoEa3GieVneSqIZxG8jyXFQ=
2,7,G6hdiZWaWIn1XT5NV0UQ7h4BlUM=,TYx+zoEa3GieVneSqIZxG8jyXFQ=
7,3,G6hdiZWaWIn1XT5NV0UQ7h4BlUM=,TYx+zoEa3GieVneSqIZxG8jyXFQ=
4,4,G6hdiZWaWIn1XT5NV0UQ7h4BlUM=,TYx+zoEa3GieVneSqIZxG8jyXFQ=
6,7,G6hdiZWaWIn1XT5NV0UQ7h4BlUM=,TYx+zoEa3GieVneSqIZxG8jyXFQ=
5,8,G6hdiZWaWIn1XT5NV0UQ7h4BlUM=,ZsLyVZz34QQr0rSRWz14g56415k=
6,8,G6hdiZWaWIn1XT5NV0UQ7h4BlUM=,ZsLyVZz34QQr0rSRWz14g56415k=
9,0,G6hdiZWaWIn1XT5NV0UQ7h4BlUM=,GoW/YkkWwvUZ2n2JbHgh4V6EmUc=
0,9,G6hdiZWaWIn1XT5NV0UQ7h4BlUM=,ZsLyVZz34QQr0rSRWz14g56415k=
4,2,G6hdiZWaWIn1XT5NV0UQ7h4BlUM=,TYx+zoEa3GieVneSqIZxG8jyXFQ=
8,0,G6hdiZWaWIn1XT5NV0UQ7h4BlUM=,GoW/YkkWwvUZ2n2JbHgh4V6EmUc=
10,0,G6hdiZWaWIn1XT5NV0UQ7h4BlUM=,GoW/YkkWwvUZ2n2JbHgh4V6EmUc=
7,8,G6hdiZWaWIn1XT5NV0UQ7h4BlUM=,ZsLyVZz34QQr0rSRWz14g56415k=
7,15,iSFoIzsWZMRQ7j2dygEJ5hO3Ryw=,ZsLyVZz34QQr0rSRWz14g56415k=
6,15,iSFoIzsWZMRQ7j2dygEJ5hO3Ryw=,ZsLyVZz34QQr0rSRWz14g56415k=
1,11,G6hdiZWaWIn1XT5NV0UQ7h4BlUM=,ZsLyVZz34QQr0rSRWz14g56415k=
1,7,G6hdiZWaWIn1XT5NV0UQ7h4BlUM=,TYx+zoEa3GieVneSqIZxG8jyXFQ=
15,7,DsrbIZUIz926/sgAZaAjAs2BAyE=,GoW/YkkWwvUZ2n2JbHgh4V6EmUc=
0,8,G6hdiZWaWIn1XT5NV0UQ7h4BlUM=,ZsLyVZz34QQr0rSRWz14g56415k=
0,10,G6hdiZWaWIn1XT5NV0UQ7h4BlUM=,ZsLyVZz34QQr0rSRWz14g56415k=
5,7,G6hdiZWaWIn1XT5NV0UQ7h4BlUM=,TYx+zoEa3GieVneSqIZxG8jyXFQ=
8,15,yPxD6hE5PEhgXxNcgNVEvXcXElw=,ohE4Ql9xeT5wDONo7BaVCnlXOYQ=
5,2,G6hdiZWaWIn1XT5NV0UQ7h4BlUM=,TYx+zoEa3GieVneSqIZxG8jyXFQ=
8,5,G6hdiZWaWIn1XT5NV0UQ7h4BlUM=,GoW/YkkWwvUZ2n2JbHgh4V6EmUc=
11,15,iSFoIzsWZMRQ7j2dygEJ5hO3Ryw=,ohE4Ql9xeT5wDONo7BaVCnlXOYQ=
8,4,G6hdiZWaWIn1XT5NV0UQ7h4BlUM=,GoW/YkkWwvUZ2n2JbHgh4V6EmUc=
10,15,iSFoIzsWZMRQ7j2dygEJ5hO3Ryw=,ohE4Ql9xeT5wDONo7BaVCnlXOYQ=
5,15,yPxD6hE5PEhgXxNcgNVEvXcXElw=,ZsLyVZz34QQr0rSRWz14g56415k=
9,15,yPxD6hE5PEhgXxNcgNVEvXcXElw=,ohE4Ql9xeT5wDONo7BaVCnlXOYQ=
9,12,G6hdiZWaWIn1XT5NV0UQ7h4BlUM=,ohE4Ql9xeT5wDONo7BaVCnlXOYQ=
0,11,G6hdiZWaWIn1XT5NV0UQ7h4BlUM=,ZsLyVZz34QQr0rSRWz14g56415k=
0,4,G6hdiZWaWIn1XT5NV0UQ7h4BlUM=,TYx+zoEa3GieVneSqIZxG8jyXFQ=
8,14,G6hdiZWaWIn1XT5NV0UQ7h4BlUM=,ohE4Ql9xeT5wDONo7BaVCnlXOYQ=
8,12,yPxD6hE5PEhgXxNcgNVEvXcXElw=,ohE4Ql9xeT5wDONo7BaVCnlXOYQ=
5,5,G6hdiZWaWIn1XT5NV0UQ7h4BlUM=,TYx+zoEa3GieVneSqIZxG8jyXFQ=
15,0,G6hdiZWaWIn1XT5NV0UQ7h4BlUM=,GoW/YkkWwvUZ2n2JbHgh4V6EmUc=
0,5,iSFoIzsWZMRQ7j2dygEJ5hO3Ryw=,TYx+zoEa3GieVneSqIZxG8jyXFQ=
7,5,DsrbIZUIz926/sgAZaAjAs2BAyE=,TYx+zoEa3GieVneSqIZxG8jyXFQ=
8,13,iSFoIzsWZMRQ7j2dygEJ5hO3Ryw=,ohE4Ql9xeT5wDONo7BaVCnlXOYQ=
11,14,G6hdiZWaWIn1XT5NV0UQ7h4BlUM=,ohE4Ql9xeT5wDONo7BaVCnlXOYQ=
15,4,G6hdiZWaWIn1XT5NV0UQ7h4BlUM=,GoW/YkkWwvUZ2n2JbHgh4V6EmUc=
10,14,G6hdiZWaWIn1XT5NV0UQ7h4BlUM=,ohE4Ql9xeT5wDONo7BaVCnlXOYQ=
1,10,G6hdiZWaWIn1XT5NV0UQ7h4BlUM=,ZsLyVZz34QQr0rSRWz14g56415k=
11,0,G6hdiZWaWIn1XT5NV0UQ7h4BlUM=,GoW/YkkWwvUZ2n2JbHgh4V6EmUc=
4,15,G6hdiZWaWIn1XT5NV0UQ7h4BlUM=,ZsLyVZz34QQr0rSRWz14g56415k=
14,0,G6hdiZWaWIn1XT5NV0UQ7h4BlUM=,GoW/YkkWwvUZ2n2JbHgh4V6EmUc=
9,14,G6hdiZWaWIn1XT5NV0UQ7h4BlUM=,ohE4Ql9xeT5wDONo7BaVCnlXOYQ=
7,12,iSFoIzsWZMRQ7j2dygEJ5hO3Ryw=,ZsLyVZz34QQr0rSRWz14g56415k=
11,13,G6hdiZWaWIn1XT5NV0UQ7h4BlUM=,ohE4Ql9xeT5wDONo7BaVCnlXOYQ=
0,7,G6hdiZWaWIn1XT5NV0UQ7h4BlUM=,TYx+zoEa3GieVneSqIZxG8jyXFQ=
6,5,G6hdiZWaWIn1XT5NV0UQ7h4BlUM=,TYx+zoEa3GieVneSqIZxG8jyXFQ=
7,4,DsrbIZUIz926/sgAZaAjAs2BAyE=,TYx+zoEa3GieVneSqIZxG8jyXFQ=
0,0,G6hdiZWaWIn1XT5NV0UQ7h4BlUM=,TYx+zoEa3GieVneSqIZxG8jyXFQ=
0,6,G6hdiZWaWIn1XT5NV0UQ7h4BlUM=,TYx+zoEa3GieVneSqIZxG8jyXFQ=
6,12,G6hdiZWaWIn1XT5NV0UQ7h4BlUM=,ZsLyVZz34QQr0rSRWz14g56415k=
11,12,G6hdiZWaWIn1XT5NV0UQ7h4BlUM=,ohE4Ql9xeT5wDONo7BaVCnlXOYQ=
0,3,G6hdiZWaWIn1XT5NV0UQ7h4BlUM=,TYx+zoEa3GieVneSqIZxG8jyXFQ=
0,1,G6hdiZWaWIn1XT5NV0UQ7h4BlUM=,TYx+zoEa3GieVneSqIZxG8jyXFQ=
13,0,G6hdiZWaWIn1XT5NV0UQ7h4BlUM=,GoW/YkkWwvUZ2n2JbHgh4V6EmUc=
6,3,G6hdiZWaWIn1XT5NV0UQ7h4BlUM=,TYx+zoEa3GieVneSqIZxG8jyXFQ=
15,5,G6hdiZWaWIn1XT5NV0UQ7h4BlUM=,GoW/YkkWwvUZ2n2JbHgh4V6EmUc=
3,15,G6hdiZWaWIn1XT5NV0UQ7h4BlUM=,ZsLyVZz34QQr0rSRWz14g56415k=
2,2,G6hdiZWaWIn1XT5NV0UQ7h4BlUM=,TYx+zoEa3GieVneSqIZxG8jyXFQ=
6,13,iSFoIzsWZMRQ7j2dygEJ5hO3Ryw=,ZsLyVZz34QQr0rSRWz14g56415k=
1,6,G6hdiZWaWIn1XT5NV0UQ7h4BlUM=,TYx+zoEa3GieVneSqIZxG8jyXFQ=
3,7,G6hdiZWaWIn1XT5NV0UQ7h4BlUM=,TYx+zoEa3GieVneSqIZxG8jyXFQ=
1,4,G6hdiZWaWIn1XT5NV0UQ7h4BlUM=,TYx+zoEa3GieVneSqIZxG8jyXFQ=
15,15,G6hdiZWaWIn1XT5NV0UQ7h4BlUM=,ohE4Ql9xeT5wDONo7BaVCnlXOYQ=
10,12,G6hdiZWaWIn1XT5NV0UQ7h4BlUM=,ohE4Ql9xeT5wDONo7BaVCnlXOYQ=
8,2,G6hdiZWaWIn1XT5NV0UQ7h4BlUM=,GoW/YkkWwvUZ2n2JbHgh4V6EmUc=
9,13,G6hdiZWaWIn1XT5NV0UQ7h4BlUM=,ohE4Ql9xeT5wDONo7BaVCnlXOYQ=
15,13,G6hdiZWaWIn1XT5NV0UQ7h4BlUM=,ohE4Ql9xeT5wDONo7BaVCnlXOYQ=
4,0,G6hdiZWaWIn1XT5NV0UQ7h4BlUM=,TYx+zoEa3GieVneSqIZxG8jyXFQ=
9,2,G6hdiZWaWIn1XT5NV0UQ7h4BlUM=,GoW/YkkWwvUZ2n2JbHgh4V6EmUc=
2,15,G6hdiZWaWIn1XT5NV0UQ7h4BlUM=,ZsLyVZz34QQr0rSRWz14g56415k=
10,13,G6hdiZWaWIn1XT5NV0UQ7h4BlUM=,ohE4Ql9xeT5wDONo7BaVCnlXOYQ=
6,2,G6hdiZWaWIn1XT5NV0UQ7h4BlUM=,TYx+zoEa3GieVneSqIZxG8jyXFQ=
7,1,G6hdiZWaWIn1XT5NV0UQ7h4BlUM=,TYx+zoEa3GieVneSqIZxG8jyXFQ=
7,2,G6hdiZWaWIn1XT5NV0UQ7h4BlUM=,TYx+zoEa3GieVneSqIZxG8jyXFQ=
11,1,G6hdiZWaWIn1XT5NV0UQ7h4BlUM=,GoW/YkkWwvUZ2n2JbHgh4V6EmUc=
1,15,G6hdiZWaWIn1XT5NV0UQ7h4BlUM=,ZsLyVZz34QQr0rSRWz14g56415k=
10,3,G6hdiZWaWIn1XT5NV0UQ7h4BlUM=,GoW/YkkWwvUZ2n2JbHgh4V6EmUc=
3,0,G6hdiZWaWIn1XT5NV0UQ7h4BlUM=,TYx+zoEa3GieVneSqIZxG8jyXFQ=
6,4,G6hdiZWaWIn1XT5NV0UQ7h4BlUM=,TYx+zoEa3GieVneSqIZxG8jyXFQ=
2,0,G6hdiZWaWIn1XT5NV0UQ7h4BlUM=,TYx+zoEa3GieVneSqIZxG8jyXFQ=
9,3,G6hdiZWaWIn1XT5NV0UQ7h4BlUM=,GoW/YkkWwvUZ2n2JbHgh4V6EmUc=
1,0,G6hdiZWaWIn1XT5NV0UQ7h4BlUM=,TYx+zoEa3GieVneSqIZxG8jyXFQ=
14,4,G6hdiZWaWIn1XT5NV0UQ7h4BlUM=,GoW/YkkWwvUZ2n2JbHgh4V6EmUc=
0,12,G6hdiZWaWIn1XT5NV0UQ7h4BlUM=,ZsLyVZz34QQr0rSRWz14g56415k=
0,2,G6hdiZWaWIn1XT5NV0UQ7h4BlUM=,TYx+zoEa3GieVneSqIZxG8jyXFQ=
10,1,G6hdiZWaWIn1XT5NV0UQ7h4BlUM=,GoW/YkkWwvUZ2n2JbHgh4V6EmUc=
12,0,G6hdiZWaWIn1XT5NV0UQ7h4BlUM=,GoW/YkkWwvUZ2n2JbHgh4V6EmUc=
4,1,G6hdiZWaWIn1XT5NV0UQ7h4BlUM=,TYx+zoEa3GieVneSqIZxG8jyXFQ=
6,0,G6hdiZWaWIn1XT5NV0UQ7h4BlUM=,TYx+zoEa3GieVneSqIZxG8jyXFQ=
15,12,G6hdiZWaWIn1XT5NV0UQ7h4BlUM=,ohE4Ql9xeT5wDONo7BaVCnlXOYQ=
5,12,G6hdiZWaWIn1XT5NV0UQ7h4BlUM=,ZsLyVZz34QQr0rSRWz14g56415k=
8,6,G6hdiZWaWIn1XT5NV0UQ7h4BlUM=,GoW/YkkWwvUZ2n2JbHgh4V6EmUc=
3,1,G6hdiZWaWIn1XT5NV0UQ7h4BlUM=,TYx+zoEa3GieVneSqIZxG8jyXFQ=
4,13,G6hdiZWaWIn1XT5NV0UQ7h4BlUM=,ZsLyVZz34QQr0rSRWz14g56415k=
13,6,G6hdiZWaWIn1XT5NV0UQ7h4BlUM=,GoW/YkkWwvUZ2n2JbHgh4V6EmUc=
15,10,G6hdiZWaWIn1XT5NV0UQ7h4BlUM=,ohE4Ql9xeT5wDONo7BaVCnlXOYQ=
4,7,DsrbIZUIz926/sgAZaAjAs2BAyE=,TYx+zoEa3GieVneSqIZxG8jyXFQ=
3,10,G6hdiZWaWIn1XT5NV0UQ7h4BlUM=,ZsLyVZz34QQr0rSRWz14g56415k=
5,13,G6hdiZWaWIn1XT5NV0UQ7h4BlUM=,ZsLyVZz34QQr0rSRWz14g56415k=
0,14,G6hdiZWaWIn1XT5NV0UQ7h4BlUM=,ZsLyVZz34QQr0rSRWz14g56415k=
1,2,G6hdiZWaWIn1XT5NV0UQ7h4BlUM=,TYx+zoEa3GieVneSqIZxG8jyXFQ=
2,1,G6hdiZWaWIn1XT5NV0UQ7h4BlUM=,TYx+zoEa3GieVneSqIZxG8jyXFQ=
1,1,G6hdiZWaWIn1XT5NV0UQ7h4BlUM=,TYx+zoEa3GieVneSqIZxG8jyXFQ=
7,13,VGQZ/miD/9I0avK05MozcxKkNc0=,ZsLyVZz34QQr0rSRWz14g56415k=
15,3,G6hdiZWaWIn1XT5NV0UQ7h4BlUM=,GoW/YkkWwvUZ2n2JbHgh4V6EmUc=
12,7,G6hdiZWaWIn1XT5NV0UQ7h4BlUM=,GoW/YkkWwvUZ2n2JbHgh4V6EmUc=
14,5,G6hdiZWaWIn1XT5NV0UQ7h4BlUM=,GoW/YkkWwvUZ2n2JbHgh4V6EmUc=
9,1,G6hdiZWaWIn1XT5NV0UQ7h4BlUM=,GoW/YkkWwvUZ2n2JbHgh4V6EmUc=
0,13,G6hdiZWaWIn1XT5NV0UQ7h4BlUM=,ZsLyVZz34QQr0rSRWz14g56415k=
15,2,G6hdiZWaWIn1XT5NV0UQ7h4BlUM=,GoW/YkkWwvUZ2n2JbHgh4V6EmUc=
11,3,G6hdiZWaWIn1XT5NV0UQ7h4BlUM=,GoW/YkkWwvUZ2n2JbHgh4V6EmUc=
12,6,G6hdiZWaWIn1XT5NV0UQ7h4BlUM=,GoW/YkkWwvUZ2n2JbHgh4V6EmUc=
3,2,G6hdiZWaWIn1XT5NV0UQ7h4BlUM=,TYx+zoEa3GieVneSqIZxG8jyXFQ=
15,8,G6hdiZWaWIn1XT5NV0UQ7h4BlUM=,ohE4Ql9xeT5wDONo7BaVCnlXOYQ=
11,2,G6hdiZWaWIn1XT5NV0UQ7h4BlUM=,GoW/YkkWwvUZ2n2JbHgh4V6EmUc=
13,7,G6hdiZWaWIn1XT5NV0UQ7h4BlUM=,GoW/YkkWwvUZ2n2JbHgh4V6EmUc=
12,15,G6hdiZWaWIn1XT5NV0UQ7h4BlUM=,ohE4Ql9xeT5wDONo7BaVCnlXOYQ=
13,15,G6hdiZWaWIn1XT5NV0UQ7h4BlUM=,ohE4Ql9xeT5wDONo7BaVCnlXOYQ=
15,1,G6hdiZWaWIn1XT5NV0UQ7h4BlUM=,GoW/YkkWwvUZ2n2JbHgh4V6EmUc=
2,10,G6hdiZWaWIn1XT5NV0UQ7h4BlUM=,ZsLyVZz34QQr0rSRWz14g56415k=
10,2,G6hdiZWaWIn1XT5NV0UQ7h4BlUM=,GoW/YkkWwvUZ2n2JbHgh4V6EmUc=
5,4,G6hdiZWaWIn1XT5NV0UQ7h4BlUM=,TYx+zoEa3GieVneSqIZxG8jyXFQ=
4,12,G6hdiZWaWIn1XT5NV0UQ7h4BlUM=,ZsLyVZz34QQr0rSRWz14g56415k=
13,5,G6hdiZWaWIn1XT5NV0UQ7h4BlUM=,GoW/YkkWwvUZ2n2JbHgh4V6EmUc=
12,5,G6hdiZWaWIn1XT5NV0UQ7h4BlUM=,GoW/YkkWwvUZ2n2JbHgh4V6EmUc=
12,2,G6hdiZWaWIn1XT5NV0UQ7h4BlUM=,GoW/YkkWwvUZ2n2JbHgh4V6EmUc=
15,9,G6hdiZWaWIn1XT5NV0UQ7h4BlUM=,ohE4Ql9xeT5wDONo7BaVCnlXOYQ=
7,14,G6hdiZWaWIn1XT5NV0UQ7h4BlUM=,ZsLyVZz34QQr0rSRWz14g56415k=
14,1,G6hdiZWaWIn1XT5NV0UQ7h4BlUM=,GoW/YkkWwvUZ2n2JbHgh4V6EmUc=
0,15,G6hdiZWaWIn1XT5NV0UQ7h4BlUM=,ZsLyVZz34QQr0rSRWz14g56415k=
2,11,G6hdiZWaWIn1XT5NV0UQ7h4BlUM=,ZsLyVZz34QQr0rSRWz14g56415k=
13,4,G6hdiZWaWIn1XT5NV0UQ7h4BlUM=,GoW/YkkWwvUZ2n2JbHgh4V6EmUc=
11,8,G6hdiZWaWIn1XT5NV0UQ7h4BlUM=,ohE4Ql9xeT5wDONo7BaVCnlXOYQ=
3,12,G6hdiZWaWIn1XT5NV0UQ7h4BlUM=,ZsLyVZz34QQr0rSRWz14g56415k=
1,9,G6hdiZWaWIn1XT5NV0UQ7h4BlUM=,ZsLyVZz34QQr0rSRWz14g56415k=
1,12,G6hdiZWaWIn1XT5NV0UQ7h4BlUM=,ZsLyVZz34QQr0rSRWz14g56415k=
14,7,G6hdiZWaWIn1XT5NV0UQ7h4BlUM=,GoW/YkkWwvUZ2n2JbHgh4V6EmUc=
4,14,G6hdiZWaWIn1XT5NV0UQ7h4BlUM=,ZsLyVZz34QQr0rSRWz14g56415k=
15,14,G6hdiZWaWIn1XT5NV0UQ7h4BlUM=,ohE4Ql9xeT5wDONo7BaVCnlXOYQ=
12,4,G6hdiZWaWIn1XT5NV0UQ7h4BlUM=,GoW/YkkWwvUZ2n2JbHgh4V6EmUc=
6,14,G6hdiZWaWIn1XT5NV0UQ7h4BlUM=,ZsLyVZz34QQr0rSRWz14g56415k=
2,12,G6hdiZWaWIn1XT5NV0UQ7h4BlUM=,ZsLyVZz34QQr0rSRWz14g56415k=
4,5,G6hdiZWaWIn1XT5NV0UQ7h4BlUM=,TYx+zoEa3GieVneSqIZxG8jyXFQ=
1,14,G6hdiZWaWIn1XT5NV0UQ7h4BlUM=,ZsLyVZz34QQr0rSRWz14g56415k=
3,11,G6hdiZWaWIn1XT5NV0UQ7h4BlUM=,ZsLyVZz34QQr0rSRWz14g56415k=
5,14,yPxD6hE5PEhgXxNcgNVEvXcXElw=,ZsLyVZz34QQr0rSRWz14g56415k=
13,2,G6hdiZWaWIn1XT5NV0UQ7h4BlUM=,GoW/YkkWwvUZ2n2JbHgh4V6EmUc=
2,9,G6hdiZWaWIn1XT5NV0UQ7h4BlUM=,ZsLyVZz34QQr0rSRWz14g56415k=
2,14,G6hdiZWaWIn1XT5NV0UQ7h4BlUM=,ZsLyVZz34QQr0rSRWz14g56415k=
14,2,G6hdiZWaWIn1XT5NV0UQ7h4BlUM=,GoW/YkkWwvUZ2n2JbHgh4V6EmUc=
13,1,G6hdiZWaWIn1XT5NV0UQ7h4BlUM=,GoW/YkkWwvUZ2n2JbHgh4V6EmUc=
7,6,VGQZ/miD/9I0avK05MozcxKkNc0=,TYx+zoEa3GieVneSqIZxG8jyXFQ=
12,14,G6hdiZWaWIn1XT5NV0UQ7h4BlUM=,ohE4Ql9xeT5wDONo7BaVCnlXOYQ=
2,5,G6hdiZWaWIn1XT5NV0UQ7h4BlUM=,TYx+zoEa3GieVneSqIZxG8jyXFQ=
3,14,G6hdiZWaWIn1XT5NV0UQ7h4BlUM=,ZsLyVZz34QQr0rSRWz14g56415k=
1,13,G6hdiZWaWIn1XT5NV0UQ7h4BlUM=,ZsLyVZz34QQr0rSRWz14g56415k=
3,9,G6hdiZWaWIn1XT5NV0UQ7h4BlUM=,ZsLyVZz34QQr0rSRWz14g56415k=
15,11,G6hdiZWaWIn1XT5NV0UQ7h4BlUM=,ohE4Ql9xeT5wDONo7BaVCnlXOYQ=
11,4,G6hdiZWaWIn1XT5NV0UQ7h4BlUM=,GoW/YkkWwvUZ2n2JbHgh4V6EmUc=
4,6,G6hdiZWaWIn1XT5NV0UQ7h4BlUM=,TYx+zoEa3GieVneSqIZxG8jyXFQ=
3,8,G6hdiZWaWIn1XT5NV0UQ7h4BlUM=,ZsLyVZz34QQr0rSRWz14g56415k=
2,13,G6hdiZWaWIn1XT5NV0UQ7h4BlUM=,ZsLyVZz34QQr0rSRWz14g56415k=
4,8,iSFoIzsWZMRQ7j2dygEJ5hO3Ryw=,ZsLyVZz34QQr0rSRWz14g56415k=
4,3,G6hdiZWaWIn1XT5NV0UQ7h4BlUM=,TYx+zoEa3GieVneSqIZxG8jyXFQ=
10,4,G6hdiZWaWIn1XT5NV0UQ7h4BlUM=,GoW/YkkWwvUZ2n2JbHgh4V6EmUc=
3,5,G6hdiZWaWIn1XT5NV0UQ7h4BlUM=,TYx+zoEa3GieVneSqIZxG8jyXFQ=
3,6,G6hdiZWaWIn1XT5NV0UQ7h4BlUM=,TYx+zoEa3GieVneSqIZxG8jyXFQ=
14,3,G6hdiZWaWIn1XT5NV0UQ7h4BlUM=,GoW/YkkWwvUZ2n2JbHgh4V6EmUc=
14,15,G6hdiZWaWIn1XT5NV0UQ7h4BlUM=,ohE4Ql9xeT5wDONo7BaVCnlXOYQ=
1,5,G6hdiZWaWIn1XT5NV0UQ7h4BlUM=,TYx+zoEa3GieVneSqIZxG8jyXFQ=
9,4,G6hdiZWaWIn1XT5NV0UQ7h4BlUM=,GoW/YkkWwvUZ2n2JbHgh4V6EmUc=
2,8,G6hdiZWaWIn1XT5NV0UQ7h4BlUM=,ZsLyVZz34QQr0rSRWz14g56415k=
2,3,G6hdiZWaWIn1XT5NV0UQ7h4BlUM=,TYx+zoEa3GieVneSqIZxG8jyXFQ=
3,13,G6hdiZWaWIn1XT5NV0UQ7h4BlUM=,ZsLyVZz34QQr0rSRWz14g56415k=
1,3,G6hdiZWaWIn1XT5NV0UQ7h4BlUM=,TYx+zoEa3GieVneSqIZxG8jyXFQ=
2,4,G6hdiZWaWIn1XT5NV0UQ7h4BlUM=,TYx+zoEa3GieVneSqIZxG8jyXFQ=
8,3,G6hdiZWaWIn1XT5NV0UQ7h4BlUM=,GoW/YkkWwvUZ2n2JbHgh4V6EmUc=
5,1,G6hdiZWaWIn1XT5NV0UQ7h4BlUM=,TYx+zoEa3GieVneSqIZxG8jyXFQ=
6,1,G6hdiZWaWIn1XT5NV0UQ7h4BlUM=,TYx+zoEa3GieVneSqIZxG8jyXFQ=
5,3,G6hdiZWaWIn1XT5NV0UQ7h4BlUM=,TYx+zoEa3GieVneSqIZxG8jyXFQ=
9,10,G6hdiZWaWIn1XT5NV0UQ7h4BlUM=,ohE4Ql9xeT5wDONo7BaVCnlXOYQ=
12,1,G6hdiZWaWIn1XT5NV0UQ7h4BlUM=,GoW/YkkWwvUZ2n2JbHgh4V6EmUc=
2,6,G6hdiZWaWIn1XT5NV0UQ7h4BlUM=,TYx+zoEa3GieVneSqIZxG8jyXFQ=
8,7,G6hdiZWaWIn1XT5NV0UQ7h4BlUM=,GoW/YkkWwvUZ2n2JbHgh4V6EmUc=
11,10,G6hdiZWaWIn1XT5NV0UQ7h4BlUM=,ohE4Ql9xeT5wDONo7BaVCnlXOYQ=
9,9,G6hdiZWaWIn1XT5NV0UQ7h4BlUM=,ohE4Ql9xeT5wDONo7BaVCnlXOYQ=
3,4,G6hdiZWaWIn1XT5NV0UQ7h4BlUM=,TYx+zoEa3GieVneSqIZxG8jyXFQ=
11,9,G6hdiZWaWIn1XT5NV0UQ7h4BlUM=,ohE4Ql9xeT5wDONo7BaVCnlXOYQ=
12,3,G6hdiZWaWIn1XT5NV0UQ7h4BlUM=,GoW/YkkWwvUZ2n2JbHgh4V6EmUc=
6,6,G6hdiZWaWIn1XT5NV0UQ7h4BlUM=,TYx+zoEa3GieVneSqIZxG8jyXFQ=
8,9,G6hdiZWaWIn1XT5NV0UQ7h4BlUM=,ohE4Ql9xeT5wDONo7BaVCnlXOYQ=
10,11,G6hdiZWaWIn1XT5NV0UQ7h4BlUM=,ohE4Ql9xeT5wDONo7BaVCnlXOYQ=
8,1,G6hdiZWaWIn1XT5NV0UQ7h4BlUM=,GoW/YkkWwvUZ2n2JbHgh4V6EmUc=
13,11,G6hdiZWaWIn1XT5NV0UQ7h4BlUM=,ohE4Ql9xeT5wDONo7BaVCnlXOYQ=
14,8,G6hdiZWaWIn1XT5NV0UQ7h4BlUM=,ohE4Ql9xeT5wDONo7BaVCnlXOYQ=
8,10,G6hdiZWaWIn1XT5NV0UQ7h4BlUM=,ohE4Ql9xeT5wDONo7BaVCnlXOYQ=
5,6,G6hdiZWaWIn1XT5NV0UQ7h4BlUM=,TYx+zoEa3GieVneSqIZxG8jyXFQ=
7,11,iSFoIzsWZMRQ7j2dygEJ5hO3Ryw=,ZsLyVZz34QQr0rSRWz14g56415k=
10,10,G6hdiZWaWIn1XT5NV0UQ7h4BlUM=,ohE4Ql9xeT5wDONo7BaVCnlXOYQ=
11,11,G6hdiZWaWIn1XT5NV0UQ7h4BlUM=,ohE4Ql9xeT5wDONo7BaVCnlXOYQ=
3,3,G6hdiZWaWIn1XT5NV0UQ7h4BlUM=,TYx+zoEa3GieVneSqIZxG8jyXFQ=
10,8,G6hdiZWaWIn1XT5NV0UQ7h4BlUM=,ohE4Ql9xeT5wDONo7BaVCnlXOYQ=
13,3,G6hdiZWaWIn1XT5NV0UQ7h4BlUM=,GoW/YkkWwvUZ2n2JbHgh4V6EmUc=
4,9,iSFoIzsWZMRQ7j2dygEJ5hO3Ryw=,ZsLyVZz34QQr0rSRWz14g56415k=
10,9,G6hdiZWaWIn1XT5NV0UQ7h4BlUM=,ohE4Ql9xeT5wDONo7BaVCnlXOYQ=
9,11,G6hdiZWaWIn1XT5NV0UQ7h4BlUM=,ohE4Ql9xeT5wDONo7BaVCnlXOYQ=
8,11,G6hdiZWaWIn1XT5NV0UQ7h4BlUM=,ohE4Ql9xeT5wDONo7BaVCnlXOYQ=
13,8,G6hdiZWaWIn1XT5NV0UQ7h4BlUM=,ohE4Ql9xeT5wDONo7BaVCnlXOYQ=
9,6,G6hdiZWaWIn1XT5NV0UQ7h4BlUM=,GoW/YkkWwvUZ2n2JbHgh4V6EmUc=
6,10,yPxD6hE5PEhgXxNcgNVEvXcXElw=,ZsLyVZz34QQr0rSRWz14g56415k=
9,5,G6hdiZWaWIn1XT5NV0UQ7h4BlUM=,GoW/YkkWwvUZ2n2JbHgh4V6EmUc=
12,8,G6hdiZWaWIn1XT5NV0UQ7h4BlUM=,ohE4Ql9xeT5wDONo7BaVCnlXOYQ=
14,10,G6hdiZWaWIn1XT5NV0UQ7h4BlUM=,ohE4Ql9xeT5wDONo7BaVCnlXOYQ=
5,9,G6hdiZWaWIn1XT5NV0UQ7h4BlUM=,ZsLyVZz34QQr0rSRWz14g56415k=
5,11,G6hdiZWaWIn1XT5NV0UQ7h4BlUM=,ZsLyVZz34QQr0rSRWz14g56415k=
9,8,G6hdiZWaWIn1XT5NV0UQ7h4BlUM=,ohE4Ql9xeT5wDONo7BaVCnlXOYQ=
14,12,G6hdiZWaWIn1XT5NV0UQ7h4BlUM=,ohE4Ql9xeT5wDONo7BaVCnlXOYQ=
1,8,G6hdiZWaWIn1XT5NV0UQ7h4BlUM=,ZsLyVZz34QQr0rSRWz14g56415k=
12,11,G6hdiZWaWIn1XT5NV0UQ7h4BlUM=,ohE4Ql9xeT5wDONo7BaVCnlXOYQ=
13,14,G6hdiZWaWIn1XT5NV0UQ7h4BlUM=,ohE4Ql9xeT5wDONo7BaVCnlXOYQ=
6,11,G6hdiZWaWIn1XT5NV0UQ7h4BlUM=,ZsLyVZz34QQr0rSRWz14g56415k=
13,10,G6hdiZWaWIn1XT5NV0UQ7h4BlUM=,ohE4Ql9xeT5wDONo7BaVCnlXOYQ=
5,10,G6hdiZWaWIn1XT5NV0UQ7h4BlUM=,ZsLyVZz34QQr0rSRWz14g56415k=
14,9,G6hdiZWaWIn1XT5NV0UQ7h4BlUM=,ohE4Ql9xeT5wDONo7BaVCnlXOYQ=
7,9,G6hdiZWaWIn1XT5NV0UQ7h4BlUM=,ZsLyVZz34QQr0rSRWz14g56415k=
14,11,G6hdiZWaWIn1XT5NV0UQ7h4BlUM=,ohE4Ql9xeT5wDONo7BaVCnlXOYQ=
13,13,G6hdiZWaWIn1XT5NV0UQ7h4BlUM=,ohE4Ql9xeT5wDONo7BaVCnlXOYQ=
11,7,G6hdiZWaWIn1XT5NV0UQ7h4BlUM=,GoW/YkkWwvUZ2n2JbHgh4V6EmUc=
14,14,G6hdiZWaWIn1XT5NV0UQ7h4BlUM=,ohE4Ql9xeT5wDONo7BaVCnlXOYQ=
12,9,G6hdiZWaWIn1XT5NV0UQ7h4BlUM=,ohE4Ql9xeT5wDONo7BaVCnlXOYQ=
13,9,G6hdiZWaWIn1XT5NV0UQ7h4BlUM=,ohE4Ql9xeT5wDONo7BaVCnlXOYQ=
10,7,G6hdiZWaWIn1XT5NV0UQ7h4BlUM=,GoW/YkkWwvUZ2n2JbHgh4V6EmUc=
11,6,G6hdiZWaWIn1XT5NV0UQ7h4BlUM=,GoW/YkkWwvUZ2n2JbHgh4V6EmUc=
14,13,G6hdiZWaWIn1XT5NV0UQ7h4BlUM=,ohE4Ql9xeT5wDONo7BaVCnlXOYQ=
12,13,G6hdiZWaWIn1XT5NV0UQ7h4BlUM=,ohE4Ql9xeT5wDONo7BaVCnlXOYQ=
10,5,G6hdiZWaWIn1XT5NV0UQ7h4BlUM=,GoW/YkkWwvUZ2n2JbHgh4V6EmUc=
12,10,G6hdiZWaWIn1XT5NV0UQ7h4BlUM=,ohE4Ql9xeT5wDONo7BaVCnlXOYQ=
7,10,G6hdiZWaWIn1XT5NV0UQ7h4BlUM=,ZsLyVZz34QQr0rSRWz14g56415k=
4,10,G6hdiZWaWIn1XT5NV0UQ7h4BlUM=,ZsLyVZz34QQr0rSRWz14g56415k=
12,12,G6hdiZWaWIn1XT5NV0UQ7h4BlUM=,ohE4Ql9xeT5wDONo7BaVCnlXOYQ=
11,5,G6hdiZWaWIn1XT5NV0UQ7h4BlUM=,GoW/YkkWwvUZ2n2JbHgh4V6EmUc=
10,6,G6hdiZWaWIn1XT5NV0UQ7h4BlUM=,GoW/YkkWwvUZ2n2JbHgh4V6EmUc=
9,7,G6hdiZWaWIn1XT5NV0UQ7h4BlUM=,GoW/YkkWwvUZ2n2JbHgh4V6EmUc=
13,12,G6hdiZWaWIn1XT5NV0UQ7h4BlUM=,ohE4Ql9xeT5wDONo7BaVCnlXOYQ=
6,9,G6hdiZWaWIn1XT5NV0UQ7h4BlUM=,ZsLyVZz34QQr0rSRWz14g56415k=
4,11,G6hdiZWaWIn1XT5NV0UQ7h4BlUM=,ZsLyVZz34QQr0rSRWz14g56415k=
4,26,eUk4LIDuIG1y9kL4i230vphYg0M=,S/X3i4PGnR0ClI36Xfu9p9TKvNM=
5,26,Dv+BxCAldjbV2yxPOQQzWHPRCs4=,S/X3i4PGnR0ClI36Xfu9p9TKvNM=
4,25,Dv+BxCAldjbV2yxPOQQzWHPRCs4=,S/X3i4PGnR0ClI36Xfu9p9TKvNM=
5,27,Dv+BxCAldjbV2yxPOQQzWHPRCs4=,S/X3i4PGnR0ClI36Xfu9p9TKvNM=
5,25,Dv+BxCAldjbV2yxPOQQzWHPRCs4=,S/X3i4PGnR0ClI36Xfu9p9TKvNM=
4,24,Dv+BxCAldjbV2yxPOQQzWHPRCs4=,S/X3i4PGnR0ClI36Xfu9p9TKvNM=
5,24,Dv+BxCAldjbV2yxPOQQzWHPRCs4=,S/X3i4PGnR0ClI36Xfu9p9TKvNM=
6,25,Dv+BxCAldjbV2yxPOQQzWHPRCs4=,S/X3i4PGnR0ClI36Xfu9p9TKvNM=
6,23,Dv+BxCAldjbV2yxPOQQzWHPRCs4=,t80GLC0XtGWEE9LWUfYzEPGiirI=
4,27,Dv+BxCAldjbV2yxPOQQzWHPRCs4=,S/X3i4PGnR0ClI36Xfu9p9TKvNM=
6,27,Dv+BxCAldjbV2yxPOQQzWHPRCs4=,S/X3i4PGnR0ClI36Xfu9p9TKvNM=
7,23,dTNU6Ik06KlS7U1r30V0Z8Eodzc=,t80GLC0XtGWEE9LWUfYzEPGiirI=
9,20,dTNU6Ik06KlS7U1r30V0Z8Eodzc=,xFJbGJAQA6tX7u7o9/0cTSLik7U=
5,23,Dv+BxCAldjbV2yxPOQQzWHPRCs4=,t80GLC0XtGWEE9LWUfYzEPGiirI=
8,23,SQmb10Hm1P0iy/MQ9ia7qBZzsTQ=,xFJbGJAQA6tX7u7o9/0cTSLik7U=
7,25,Dv+BxCAldjbV2yxPOQQzWHPRCs4=,S/X3i4PGnR0ClI36Xfu9p9TKvNM=
9,27,Dv+BxCAldjbV2yxPOQQzWHPRCs4=,Qd0hwmcR608TUV/5ggQWt+17TNY=
8,24,SQmb10Hm1P0iy/MQ9ia7qBZzsTQ=,Qd0hwmcR608TUV/5ggQWt+17TNY=
6,22,Dv+BxCAldjbV2yxPOQQzWHPRCs4=,t80GLC0XtGWEE9LWUfYzEPGiirI=
5,22,Dv+BxCAldjbV2yxPOQQzWHPRCs4=,t80GLC0XtGWEE9LWUfYzEPGiirI=
11,27,Dv+BxCAldjbV2yxPOQQzWHPRCs4=,Qd0hwmcR608TUV/5ggQWt+17TNY=
6,20,Dv+BxCAldjbV2yxPOQQzWHPRCs4=,t80GLC0XtGWEE9LWUfYzEPGiirI=
5,20,Dv+BxCAldjbV2yxPOQQzWHPRCs4=,t80GLC0XtGWEE9LWUfYzEPGiirI=
7,21,Dv+BxCAldjbV2yxPOQQzWHPRCs4=,t80GLC0XtGWEE9LWUfYzEPGiirI=
4,23,Dv+BxCAldjbV2yxPOQQzWHPRCs4=,t80GLC0XtGWEE9LWUfYzEPGiirI=
4,22,Dv+BxCAldjbV2yxPOQQzWHPRCs4=,t80GLC0XtGWEE9LWUfYzEPGiirI=
10,27,Dv+BxCAldjbV2yxPOQQzWHPRCs4=,Qd0hwmcR608TUV/5ggQWt+17TNY=
8,21,Dv+BxCAldjbV2yxPOQQzWHPRCs4=,xFJbGJAQA6tX7u7o9/0cTSLik7U=
6,26,Dv+BxCAldjbV2yxPOQQzWHPRCs4=,S/X3i4PGnR0ClI36Xfu9p9TKvNM=
7,20,Dv+BxCAldjbV2yxPOQQzWHPRCs4=,t80GLC0XtGWEE9LWUfYzEPGiirI=
11,23,Dv+BxCAldjbV2yxPOQQzWHPRCs4=,xFJbGJAQA6tX7u7o9/0cTSLik7U=
7,24,Dv+BxCAldjbV2yxPOQQzWHPRCs4=,S/X3i4PGnR0ClI36Xfu9p9TKvNM=
7,22,Dv+BxCAldjbV2yxPOQQzWHPRCs4=,t80GLC0XtGWEE9LWUfYzEPGiirI=
5,21,SQmb10Hm1P0iy/MQ9ia7qBZzsTQ=,t80GLC0XtGWEE9LWUfYzEPGiirI=
8,20,Dv+BxCAldjbV2yxPOQQzWHPRCs4=,xFJbGJAQA6tX7u7o9/0cTSLik7U=
9,22,dTNU6Ik06KlS7U1r30V0Z8Eodzc=,xFJbGJAQA6tX7u7o9/0cTSLik7U=
6,21,dTNU6Ik06KlS7U1r30V0Z8Eodzc=,t80GLC0XtGWEE9LWUfYzEPGiirI=
9,21,dTNU6Ik06KlS7U1r30V0Z8Eodzc=,xFJbGJAQA6tX7u7o9/0cTSLik7U=
6,24,Dv+BxCAldjbV2yxPOQQzWHPRCs4=,S/X3i4PGnR0ClI36Xfu9p9TKvNM=
8,22,Dv+BxCAldjbV2yxPOQQzWHPRCs4=,xFJbGJAQA6tX7u7o9/0cTSLik7U=
11,22,Dv+BxCAldjbV2yxPOQQzWHPRCs4=,xFJbGJAQA6tX7u7o9/0cTSLik7U=
10,22,Dv+BxCAldjbV2yxPOQQzWHPRCs4=,xFJbGJAQA6tX7u7o9/0cTSLik7U=
10,23,Dv+BxCAldjbV2yxPOQQzWHPRCs4=,xFJbGJAQA6tX7u7o9/0cTSLik7U=
7,26,Dv+BxCAldjbV2yxPOQQzWHPRCs4=,S/X3i4PGnR0ClI36Xfu9p9TKvNM=
11,21,dTNU6Ik06KlS7U1r30V0Z8Eodzc=,xFJbGJAQA6tX7u7o9/0cTSLik7U=
9,24,Dv+BxCAldjbV2yxPOQQzWHPRCs4=,Qd0hwmcR608TUV/5ggQWt+17TNY=
11,20,Dv+BxCAldjbV2yxPOQQzWHPRCs4=,xFJbGJAQA6tX7u7o9/0cTSLik7U=
7,27,Dv+BxCAldjbV2yxPOQQzWHPRCs4=,S/X3i4PGnR0ClI36Xfu9p9TKvNM=
8,27,Dv+BxCAldjbV2yxPOQQzWHPRCs4=,Qd0hwmcR608TUV/5ggQWt+17TNY=
4,21,Dv+BxCAldjbV2yxPOQQzWHPRCs4=,t80GLC0XtGWEE9LWUfYzEPGiirI=
10,20,dTNU6Ik06KlS7U1r30V0Z8Eodzc=,xFJbGJAQA6tX7u7o9/0cTSLik7U=
4,20,Dv+BxCAldjbV2yxPOQQzWHPRCs4=,t80GLC0XtGWEE9LWUfYzEPGiirI=
9,23,Dv+BxCAldjbV2yxPOQQzWHPRCs4=,xFJbGJAQA6tX7u7o9/0cTSLik7U=
10,21,Dv+BxCAldjbV2yxPOQQzWHPRCs4=,xFJbGJAQA6tX7u7o9/0cTSLik7U=
10,24,Dv+BxCAldjbV2yxPOQQzWHPRCs4=,Qd0hwmcR608TUV/5ggQWt+17TNY=
15,24,Dv+BxCAldjbV2yxPOQQzWHPRCs4=,Qd0hwmcR608TUV/5ggQWt+17TNY=
11,25,Dv+BxCAldjbV2yxPOQQzWHPRCs4=,Qd0hwmcR608TUV/5ggQWt+17TNY=
15,25,Dv+BxCAldjbV2yxPOQQzWHPRCs4=,Qd0hwmcR608TUV/5ggQWt+17TNY=
9,25,Dv+BxCAldjbV2yxPOQQzWHPRCs4=,Qd0hwmcR608TUV/5ggQWt+17TNY=
8,25,Dv+BxCAldjbV2yxPOQQzWHPRCs4=,Qd0hwmcR608TUV/5ggQWt+17TNY=
10,17,Dv+BxCAldjbV2yxPOQQzWHPRCs4=,xFJbGJAQA6tX7u7o9/0cTSLik7U=
11,17,Dv+BxCAldjbV2yxPOQQzWHPRCs4=,xFJbGJAQA6tX7u7o9/0cTSLik7U=
11,24,Dv+BxCAldjbV2yxPOQQzWHPRCs4=,Qd0hwmcR608TUV/5ggQWt+17TNY=
11,26,Dv+BxCAldjbV2yxPOQQzWHPRCs4=,Qd0hwmcR608TUV/5ggQWt+17TNY=
9,17,Dv+BxCAldjbV2yxPOQQzWHPRCs4=,xFJbGJAQA6tX7u7o9/0cTSLik7U=
7,16,Dv+BxCAldjbV2yxPOQQzWHPRCs4=,t80GLC0XtGWEE9LWUfYzEPGiirI=
8,26,Dv+BxCAldjbV2yxPOQQzWHPRCs4=,Qd0hwmcR608TUV/5ggQWt+17TNY=
9,26,Dv+BxCAldjbV2yxPOQQzWHPRCs4=,Qd0hwmcR608TUV/5ggQWt+17TNY=
13,16,Dv+BxCAldjbV2yxPOQQzWHPRCs4=,xFJbGJAQA6tX7u7o9/0cTSLik7U=
13,17,Dv+BxCAldjbV2yxPOQQzWHPRCs4=,xFJbGJAQA6tX7u7o9/0cTSLik7U=
12,17,Dv+BxCAldjbV2yxPOQQzWHPRCs4=,xFJbGJAQA6tX7u7o9/0cTSLik7U=
11,18,Dv+BxCAldjbV2yxPOQQzWHPRCs4=,xFJbGJAQA6tX7u7o9/0cTSLik7U=
7,31,Dv+BxCAldjbV2yxPOQQzWHPRCs4=,S/X3i4PGnR0ClI36Xfu9p9TKvNM=
10,18,Dv+BxCAldjbV2yxPOQQzWHPRCs4=,xFJbGJAQA6tX7u7o9/0cTSLik7U=
5,16,Dv+BxCAldjbV2yxPOQQzWHPRCs4=,t80GLC0XtGWEE9LWUfYzEPGiirI=
10,26,Dv+BxCAldjbV2yxPOQQzWHPRCs4=,Qd0hwmcR608TUV/5ggQWt+17TNY=
15,16,Dv+BxCAldjbV2yxPOQQzWHPRCs4=,xFJbGJAQA6tX7u7o9/0cTSLik7U=
8,19,Dv+BxCAldjbV2yxPOQQzWHPRCs4=,xFJbGJAQA6tX7u7o9/0cTSLik7U=
9,18,Dv+BxCAldjbV2yxPOQQzWHPRCs4=,xFJbGJAQA6tX7u7o9/0cTSLik7U=
15,22,Dv+BxCAldjbV2yxPOQQzWHPRCs4=,xFJbGJAQA6tX7u7o9/0cTSLik7U=
6,31,Dv+BxCAldjbV2yxPOQQzWHPRCs4=,S/X3i4PGnR0ClI36Xfu9p9TKvNM=
6,16,Dv+BxCAldjbV2yxPOQQzWHPRCs4=,t80GLC0XtGWEE9LWUfYzEPGiirI=
15,27,Dv+BxCAldjbV2yxPOQQzWHPRCs4=,Qd0hwmcR608TUV/5ggQWt+17TNY=
9,19,Dv+BxCAldjbV2yxPOQQzWHPRCs4=,xFJbGJAQA6tX7u7o9/0cTSLik7U=
8,17,Dv+BxCAldjbV2yxPOQQzWHPRCs4=,xFJbGJAQA6tX7u7o9/0cTSLik7U=
10,25,Dv+BxCAldjbV2yxPOQQzWHPRCs4=,Qd0hwmcR608TUV/5ggQWt+17TNY=
15,26,Dv+BxCAldjbV2yxPOQQzWHPRCs4=,Qd0hwmcR608TUV/5ggQWt+17TNY=
12,24,Dv+BxCAldjbV2yxPOQQzWHPRCs4=,Qd0hwmcR608TUV/5ggQWt+17TNY=
15,21,AEzhV86wZQ4KOm0V3/SHe3xpld4=,xFJbGJAQA6tX7u7o9/0cTSLik7U=
13,24,Dv+BxCAldjbV2yxPOQQzWHPRCs4=,Qd0hwmcR608TUV/5ggQWt+17TNY=
8,18,Dv+BxCAldjbV2yxPOQQzWHPRCs4=,xFJbGJAQA6tX7u7o9/0cTSLik7U=
5,31,Dv+BxCAldjbV2yxPOQQzWHPRCs4=,S/X3i4PGnR0ClI36Xfu9p9TKvNM=
10,19,Dv+BxCAldjbV2yxPOQQzWHPRCs4=,xFJbGJAQA6tX7u7o9/0cTSLik7U=
4,16,Dv+BxCAldjbV2yxPOQQzWHPRCs4=,t80GLC0XtGWEE9LWUfYzEPGiirI=
12,16,Dv+BxCAldjbV2yxPOQQzWHPRCs4=,xFJbGJAQA6tX7u7o9/0cTSLik7U=
11,19,Dv+BxCAldjbV2yxPOQQzWHPRCs4=,xFJbGJAQA6tX7u7o9/0cTSLik7U=
11,16,Dv+BxCAldjbV2yxPOQQzWHPRCs4=,xFJbGJAQA6tX7u7o9/0cTSLik7U=
15,20,dTNU6Ik06KlS7U1r30V0Z8Eodzc=,xFJbGJAQA6tX7u7o9/0cTSLik7U=
14,24,Dv+BxCAldjbV2yxPOQQzWHPRCs4=,Qd0hwmcR608TUV/5ggQWt+17TNY=
15,19,Dv+BxCAldjbV2yxPOQQzWHPRCs4=,xFJbGJAQA6tX7u7o9/0cTSLik7U=
12,25,Dv+BxCAldjbV2yxPOQQzWHPRCs4=,Qd0hwmcR608TUV/5ggQWt+17TNY=
4,31,Dv+BxCAldjbV2yxPOQQzWHPRCs4=,S/X3i4PGnR0ClI36Xfu9p9TKvNM=
7,17,Dv+BxCAldjbV2yxPOQQzWHPRCs4=,t80GLC0XtGWEE9LWUfYzEPGiirI=
15,18,Dv+BxCAldjbV2yxPOQQzWHPRCs4=,xFJbGJAQA6tX7u7o9/0cTSLik7U=
11,31,Dv+BxCAldjbV2yxPOQQzWHPRCs4=,Qd0hwmcR608TUV/5ggQWt+17TNY=
0,20,Dv+BxCAldjbV2yxPOQQzWHPRCs4=,t80GLC0XtGWEE9LWUfYzEPGiirI=
6,17,Dv+BxCAldjbV2yxPOQQzWHPRCs4=,t80GLC0XtGWEE9LWUfYzEPGiirI=
15,23,Dv+BxCAldjbV2yxPOQQzWHPRCs4=,xFJbGJAQA6tX7u7o9/0cTSLik7U=
0,31,Dv+BxCAldjbV2yxPOQQzWHPRCs4=,S/X3i4PGnR0ClI36Xfu9p9TKvNM=
13,25,Dv+BxCAldjbV2yxPOQQzWHPRCs4=,Qd0hwmcR608TUV/5ggQWt+17TNY=
12,18,Dv+BxCAldjbV2yxPOQQzWHPRCs4=,xFJbGJAQA6tX7u7o9/0cTSLik7U=
10,31,Dv+BxCAldjbV2yxPOQQzWHPRCs4=,Qd0hwmcR608TUV/5ggQWt+17TNY=
10,16,Dv+BxCAldjbV2yxPOQQzWHPRCs4=,xFJbGJAQA6tX7u7o9/0cTSLik7U=
5,17,Dv+BxCAldjbV2yxPOQQzWHPRCs4=,t80GLC0XtGWEE9LWUfYzEPGiirI=
3,26,Dv+BxCAldjbV2yxPOQQzWHPRCs4=,S/X3i4PGnR0ClI36Xfu9p9TKvNM=
9,31,Dv+BxCAldjbV2yxPOQQzWHPRCs4=,Qd0hwmcR608TUV/5ggQWt+17TNY=
15,31,wPy5uEznIRsLTJikUQMJ+QXQo68=,Qd0hwmcR608TUV/5ggQWt+17TNY=
12,28,Dv+BxCAldjbV2yxPOQQzWHPRCs4=,Qd0hwmcR608TUV/5ggQWt+17TNY=
15,30,Dv+BxCAldjbV2yxPOQQzWHPRCs4=,Qd0hwmcR608TUV/5ggQWt+17TNY=
15,29,Dv+BxCAldjbV2yxPOQQzWHPRCs4=,Qd0hwmcR608TUV/5ggQWt+17TNY=
4,17,Dv+BxCAldjbV2yxPOQQzWHPRCs4=,t80GLC0XtGWEE9LWUfYzEPGiirI=
1,26,Dv+BxCAldjbV2yxPOQQzWHPRCs4=,S/X3i4PGnR0ClI36Xfu9p9TKvNM=
14,25,Dv+BxCAldjbV2yxPOQQzWHPRCs4=,Qd0hwmcR608TUV/5ggQWt+17TNY=
9,16,Dv+BxCAldjbV2yxPOQQzWHPRCs4=,xFJbGJAQA6tX7u7o9/0cTSLik7U=
8,16,Dv+BxCAldjbV2yxPOQQzWHPRCs4=,xFJbGJAQA6tX7u7o9/0cTSLik7U=
0,16,Dv+BxCAldjbV2yxPOQQzWHPRCs4=,t80GLC0XtGWEE9LWUfYzEPGiirI=
2,26,Dv+BxCAldjbV2yxPOQQzWHPRCs4=,S/X3i4PGnR0ClI36Xfu9p9TKvNM=
0,19,Dv+BxCAldjbV2yxPOQQzWHPRCs4=,t80GLC0XtGWEE9LWUfYzEPGiirI=
0,30,Dv+BxCAldjbV2yxPOQQzWHPRCs4=,S/X3i4PGnR0ClI36Xfu9p9TKvNM=
0,18,Dv+BxCAldjbV2yxPOQQzWHPRCs4=,t80GLC0XtGWEE9LWUfYzEPGiirI=
14,27,Dv+BxCAldjbV2yxPOQQzWHPRCs4=,Qd0hwmcR608TUV/5ggQWt+17TNY=
3,27,Dv+BxCAldjbV2yxPOQQzWHPRCs4=,S/X3i4PGnR0ClI36Xfu9p9TKvNM=
15,17,Dv+BxCAldjbV2yxPOQQzWHPRCs4=,xFJbGJAQA6tX7u7o9/0cTSLik7U=
13,27,Dv+BxCAldjbV2yxPOQQzWHPRCs4=,Qd0hwmcR608TUV/5ggQWt+17TNY=
13,28,Dv+BxCAldjbV2yxPOQQzWHPRCs4=,Qd0hwmcR608TUV/5ggQWt+17TNY=
2,27,Dv+BxCAldjbV2yxPOQQzWHPRCs4=,S/X3i4PGnR0ClI36Xfu9p9TKvNM=
14,17,Dv+BxCAldjbV2yxPOQQzWHPRCs4=,xFJbGJAQA6tX7u7o9/0cTSLik7U=
0,17,Dv+BxCAldjbV2yxPOQQzWHPRCs4=,t80GLC0XtGWEE9LWUfYzEPGiirI=
12,27,Dv+BxCAldjbV2yxPOQQzWHPRCs4=,Qd0hwmcR608TUV/5ggQWt+17TNY=
2,25,Dv+BxCAldjbV2yxPOQQzWHPRCs4=,S/X3i4PGnR0ClI36Xfu9p9TKvNM=
1,27,Dv+BxCAldjbV2yxPOQQzWHPRCs4=,S/X3i4PGnR0ClI36Xfu9p9TKvNM=
14,18,Dv+BxCAldjbV2yxPOQQzWHPRCs4=,xFJbGJAQA6tX7u7o9/0cTSLik7U=
14,26,Dv+BxCAldjbV2yxPOQQzWHPRCs4=,Qd0hwmcR608TUV/5ggQWt+17TNY=
11,29,Dv+BxCAldjbV2yxPOQQzWHPRCs4=,Qd0hwmcR608TUV/5ggQWt+17TNY=
13,18,Dv+BxCAldjbV2yxPOQQzWHPRCs4=,xFJbGJAQA6tX7u7o9/0cTSLik7U=
12,26,Dv+BxCAldjbV2yxPOQQzWHPRCs4=,Qd0hwmcR608TUV/5ggQWt+17TNY=
14,30,Dv+BxCAldjbV2yxPOQQzWHPRCs4=,Qd0hwmcR608TUV/5ggQWt+17TNY=
13,30,Dv+BxCAldjbV2yxPOQQzWHPRCs4=,Qd0hwmcR608TUV/5ggQWt+17TNY=
4,19,Dv+BxCAldjbV2yxPOQQzWHPRCs4=,t80GLC0XtGWEE9LWUfYzEPGiirI=
0,22,Dv+BxCAldjbV2yxPOQQzWHPRCs4=,t80GLC0XtGWEE9LWUfYzEPGiirI=
13,26,Dv+BxCAldjbV2yxPOQQzWHPRCs4=,Qd0hwmcR608TUV/5ggQWt+17TNY=
3,25,Dv+BxCAldjbV2yxPOQQzWHPRCs4=,S/X3i4PGnR0ClI36Xfu9p9TKvNM=
1,17,Dv+BxCAldjbV2yxPOQQzWHPRCs4=,t80GLC0XtGWEE9LWUfYzEPGiirI=
1,23,Dv+BxCAldjbV2yxPOQQzWHPRCs4=,t80GLC0XtGWEE9LWUfYzEPGiirI=
12,30,Dv+BxCAldjbV2yxPOQQzWHPRCs4=,Qd0hwmcR608TUV/5ggQWt+17TNY=
7,18,Dv+BxCAldjbV2yxPOQQzWHPRCs4=,t80GLC0XtGWEE9LWUfYzEPGiirI=
3,28,Dv+BxCAldjbV2yxPOQQzWHPRCs4=,S/X3i4PGnR0ClI36Xfu9p9TKvNM=
6,18,Dv+BxCAldjbV2yxPOQQzWHPRCs4=,t80GLC0XtGWEE9LWUfYzEPGiirI=
2,23,Dv+BxCAldjbV2yxPOQQzWHPRCs4=,t80GLC0XtGWEE9LWUfYzEPGiirI=
5,18,Dv+BxCAldjbV2yxPOQQzWHPRCs4=,t80GLC0XtGWEE9LWUfYzEPGiirI=
2,24,Dv+BxCAldjbV2yxPOQQzWHPRCs4=,S/X3i4PGnR0ClI36Xfu9p9TKvNM=
1,24,Dv+BxCAldjbV2yxPOQQzWHPRCs4=,S/X3i4PGnR0ClI36Xfu9p9TKvNM=
13,29,AEzhV86wZQ4KOm0V3/SHe3xpld4=,Qd0hwmcR608TUV/5ggQWt+17TNY=
8,30,Dv+BxCAldjbV2yxPOQQzWHPRCs4=,Qd0hwmcR608TUV/5ggQWt+17TNY=
14,29,Dv+BxCAldjbV2yxPOQQzWHPRCs4=,Qd0hwmcR608TUV/5ggQWt+17TNY=
12,29,dTNU6Ik06KlS7U1r30V0Z8Eodzc=,Qd0hwmcR608TUV/5ggQWt+17TNY=
4,18,Dv+BxCAldjbV2yxPOQQzWHPRCs4=,t80GLC0XtGWEE9LWUfYzEPGiirI=
12,31,dTNU6Ik06KlS7U1r30V0Z8Eodzc=,Qd0hwmcR608TUV/5ggQWt+17TNY=
14,16,Dv+BxCAldjbV2yxPOQQzWHPRCs4=,xFJbGJAQA6tX7u7o9/0cTSLik7U=
14,19,Dv+BxCAldjbV2yxPOQQzWHPRCs4=,xFJbGJAQA6tX7u7o9/0cTSLik7U=
15,28,Dv+BxCAldjbV2yxPOQQzWHPRCs4=,Qd0hwmcR608TUV/5ggQWt+17TNY=
14,31,wPy5uEznIRsLTJikUQMJ+QXQo68=,Qd0hwmcR608TUV/5ggQWt+17TNY=
13,31,dTNU6Ik06KlS7U1r30V0Z8Eodzc=,Qd0hwmcR608TUV/5ggQWt+17TNY=
1,25,Dv+BxCAldjbV2yxPOQQzWHPRCs4=,S/X3i4PGnR0ClI36Xfu9p9TKvNM=
7,19,Dv+BxCAldjbV2yxPOQQzWHPRCs4=,t80GLC0XtGWEE9LWUfYzEPGiirI=
3,24,Dv+BxCAldjbV2yxPOQQzWHPRCs4=,S/X3i4PGnR0ClI36Xfu9p9TKvNM=
14,28,Dv+BxCAldjbV2yxPOQQzWHPRCs4=,Qd0hwmcR608TUV/5ggQWt+17TNY=
9,30,Dv+BxCAldjbV2yxPOQQzWHPRCs4=,Qd0hwmcR608TUV/5ggQWt+17TNY=
1,21,Dv+BxCAldjbV2yxPOQQzWHPRCs4=,t80GLC0XtGWEE9LWUfYzEPGiirI=
1,28,Dv+BxCAldjbV2yxPOQQzWHPRCs4=,S/X3i4PGnR0ClI36Xfu9p9TKvNM=
2,17,Dv+BxCAldjbV2yxPOQQzWHPRCs4=,t80GLC0XtGWEE9LWUfYzEPGiirI=
3,16,Dv+BxCAldjbV2yxPOQQzWHPRCs4=,t80GLC0XtGWEE9LWUfYzEPGiirI=
0,29,Dv+BxCAldjbV2yxPOQQzWHPRCs4=,S/X3i4PGnR0ClI36Xfu9p9TKvNM=
12,19,Dv+BxCAldjbV2yxPOQQzWHPRCs4=,xFJbGJAQA6tX7u7o9/0cTSLik7U=
1,16,Dv+BxCAldjbV2yxPOQQzWHPRCs4=,t80GLC0XtGWEE9LWUfYzEPGiirI=
10,30,Dv+BxCAldjbV2yxPOQQzWHPRCs4=,Qd0hwmcR608TUV/5ggQWt+17TNY=
14,23,Dv+BxCAldjbV2yxPOQQzWHPRCs4=,xFJbGJAQA6tX7u7o9/0cTSLik7U=
2,16,Dv+BxCAldjbV2yxPOQQzWHPRCs4=,t80GLC0XtGWEE9LWUfYzEPGiirI=
1,19,Dv+BxCAldjbV2yxPOQQzWHPRCs4=,t80GLC0XtGWEE9LWUfYzEPGiirI=
2,28,Dv+BxCAldjbV2yxPOQQzWHPRCs4=,S/X3i4PGnR0ClI36Xfu9p9TKvNM=
3,17,Dv+BxCAldjbV2yxPOQQzWHPRCs4=,t80GLC0XtGWEE9LWUfYzEPGiirI=
1,22,Dv+BxCAldjbV2yxPOQQzWHPRCs4=,t80GLC0XtGWEE9LWUfYzEPGiirI=
3,29,Dv+BxCAldjbV2yxPOQQzWHPRCs4=,S/X3i4PGnR0ClI36Xfu9p9TKvNM=
0,21,Dv+BxCAldjbV2yxPOQQzWHPRCs4=,t80GLC0XtGWEE9LWUfYzEPGiirI=
3,18,Dv+BxCAldjbV2yxPOQQzWHPRCs4=,t80GLC0XtGWEE9LWUfYzEPGiirI=
6,19,Dv+BxCAldjbV2yxPOQQzWHPRCs4=,t80GLC0XtGWEE9LWUfYzEPGiirI=
5,19,Dv+BxCAldjbV2yxPOQQzWHPRCs4=,t80GLC0XtGWEE9LWUfYzEPGiirI=
2,18,Dv+BxCAldjbV2yxPOQQzWHPRCs4=,t80GLC0XtGWEE9LWUfYzEPGiirI=
1,18,Dv+BxCAldjbV2yxPOQQzWHPRCs4=,t80GLC0XtGWEE9LWUfYzEPGiirI=
3,19,Dv+BxCAldjbV2yxPOQQzWHPRCs4=,t80GLC0XtGWEE9LWUfYzEPGiirI=
13,19,Dv+BxCAldjbV2yxPOQQzWHPRCs4=,xFJbGJAQA6tX7u7o9/0cTSLik7U=
2,29,Dv+BxCAldjbV2yxPOQQzWHPRCs4=,S/X3i4PGnR0ClI36Xfu9p9TKvNM=
2,22,Dv+BxCAldjbV2yxPOQQzWHPRCs4=,t80GLC0XtGWEE9LWUfYzEPGiirI=
11,30,Dv+BxCAldjbV2yxPOQQzWHPRCs4=,Qd0hwmcR608TUV/5ggQWt+17TNY=
14,20,SQmb10Hm1P0iy/MQ9ia7qBZzsTQ=,xFJbGJAQA6tX7u7o9/0cTSLik7U=
7,29,Dv+BxCAldjbV2yxPOQQzWHPRCs4=,S/X3i4PGnR0ClI36Xfu9p9TKvNM=
9,29,Dv+BxCAldjbV2yxPOQQzWHPRCs4=,Qd0hwmcR608TUV/5ggQWt+17TNY=
7,30,Dv+BxCAldjbV2yxPOQQzWHPRCs4=,S/X3i4PGnR0ClI36Xfu9p9TKvNM=
12,21,AEzhV86wZQ4KOm0V3/SHe3xpld4=,xFJbGJAQA6tX7u7o9/0cTSLik7U=
12,20,Dv+BxCAldjbV2yxPOQQzWHPRCs4=,xFJbGJAQA6tX7u7o9/0cTSLik7U=
10,29,Dv+BxCAldjbV2yxPOQQzWHPRCs4=,Qd0hwmcR608TUV/5ggQWt+17TNY=
5,29,Dv+BxCAldjbV2yxPOQQzWHPRCs4=,S/X3i4PGnR0ClI36Xfu9p9TKvNM=
13,21,Dv+BxCAldjbV2yxPOQQzWHPRCs4=,xFJbGJAQA6tX7u7o9/0cTSLik7U=
4,29,Dv+BxCAldjbV2yxPOQQzWHPRCs4=,S/X3i4PGnR0ClI36Xfu9p9TKvNM=
6,30,Dv+BxCAldjbV2yxPOQQzWHPRCs4=,S/X3i4PGnR0ClI36Xfu9p9TKvNM=
1,29,Dv+BxCAldjbV2yxPOQQzWHPRCs4=,S/X3i4PGnR0ClI36Xfu9p9TKvNM=
4,28,Dv+BxCAldjbV2yxPOQQzWHPRCs4=,S/X3i4PGnR0ClI36Xfu9p9TKvNM=
8,29,Dv+BxCAldjbV2yxPOQQzWHPRCs4=,Qd0hwmcR608TUV/5ggQWt+17TNY=
5,28,Dv+BxCAldjbV2yxPOQQzWHPRCs4=,S/X3i4PGnR0ClI36Xfu9p9TKvNM=
4,30,Dv+BxCAldjbV2yxPOQQzWHPRCs4=,S/X3i4PGnR0ClI36Xfu9p9TKvNM=
8,28,Dv+BxCAldjbV2yxPOQQzWHPRCs4=,Qd0hwmcR608TUV/5ggQWt+17TNY=
6,29,Dv+BxCAldjbV2yxPOQQzWHPRCs4=,S/X3i4PGnR0ClI36Xfu9p9TKvNM=
2,19,Dv+BxCAldjbV2yxPOQQzWHPRCs4=,t80GLC0XtGWEE9LWUfYzEPGiirI=
13,20,Dv+BxCAldjbV2yxPOQQzWHPRCs4=,xFJbGJAQA6tX7u7o9/0cTSLik7U=
12,23,Dv+BxCAldjbV2yxPOQQzWHPRCs4=,xFJbGJAQA6tX7u7o9/0cTSLik7U=
8,31,Dv+BxCAldjbV2yxPOQQzWHPRCs4=,Qd0hwmcR608TUV/5ggQWt+17TNY=
0,28,Dv+BxCAldjbV2yxPOQQzWHPRCs4=,S/X3i4PGnR0ClI36Xfu9p9TKvNM=
0,24,Dv+BxCAldjbV2yxPOQQzWHPRCs4=,S/X3i4PGnR0ClI36Xfu9p9TKvNM=
5,30,Dv+BxCAldjbV2yxPOQQzWHPRCs4=,S/X3i4PGnR0ClI36Xfu9p9TKvNM=
6,28,Dv+BxCAldjbV2yxPOQQzWHPRCs4=,S/X3i4PGnR0ClI36Xfu9p9TKvNM=
3,31,Dv+BxCAldjbV2yxPOQQzWHPRCs4=,S/X3i4PGnR0ClI36Xfu9p9TKvNM=
12,22,Dv+BxCAldjbV2yxPOQQzWHPRCs4=,xFJbGJAQA6tX7u7o9/0cTSLik7U=
0,25,Dv+BxCAldjbV2yxPOQQzWHPRCs4=,S/X3i4PGnR0ClI36Xfu9p9TKvNM=
14,22,Dv+BxCAldjbV2yxPOQQzWHPRCs4=,xFJbGJAQA6tX7u7o9/0cTSLik7U=
3,21,Dv+BxCAldjbV2yxPOQQzWHPRCs4=,t80GLC0XtGWEE9LWUfYzEPGiirI=
2,31,Dv+BxCAldjbV2yxPOQQzWHPRCs4=,S/X3i4PGnR0ClI36Xfu9p9TKvNM=
11,28,Dv+BxCAldjbV2yxPOQQzWHPRCs4=,Qd0hwmcR608TUV/5ggQWt+17TNY=
3,20,Dv+BxCAldjbV2yxPOQQzWHPRCs4=,t80GLC0XtGWEE9LWUfYzEPGiirI=
0,23,Dv+BxCAldjbV2yxPOQQzWHPRCs4=,t80GLC0XtGWEE9LWUfYzEPGiirI=
13,23,Dv+BxCAldjbV2yxPOQQzWHPRCs4=,xFJbGJAQA6tX7u7o9/0cTSLik7U=
7,28,Dv+BxCAldjbV2yxPOQQzWHPRCs4=,S/X3i4PGnR0ClI36Xfu9p9TKvNM=
2,21,Dv+BxCAldjbV2yxPOQQzWHPRCs4=,t80GLC0XtGWEE9LWUfYzEPGiirI=
3,30,Dv+BxCAldjbV2yxPOQQzWHPRCs4=,S/X3i4PGnR0ClI36Xfu9p9TKvNM=
10,28,Dv+BxCAldjbV2yxPOQQzWHPRCs4=,Qd0hwmcR608TUV/5ggQWt+17TNY=
1,20,Dv+BxCAldjbV2yxPOQQzWHPRCs4=,t80GLC0XtGWEE9LWUfYzEPGiirI=
9,28,Dv+BxCAldjbV2yxPOQQzWHPRCs4=,Qd0hwmcR608TUV/5ggQWt+17TNY=
0,26,Dv+BxCAldjbV2yxPOQQzWHPRCs4=,S/X3i4PGnR0ClI36Xfu9p9TKvNM=
3,23,Dv+BxCAldjbV2yxPOQQzWHPRCs4=,t80GLC0XtGWEE9LWUfYzEPGiirI=
14,21,AEzhV86wZQ4KOm0V3/SHe3xpld4=,xFJbGJAQA6tX7u7o9/0cTSLik7U=
3,22,Dv+BxCAldjbV2yxPOQQzWHPRCs4=,t80GLC0XtGWEE9LWUfYzEPGiirI=
2,20,Dv+BxCAldjbV2yxPOQQzWHPRCs4=,t80GLC0XtGWEE9LWUfYzEPGiirI=
2,30,Dv+BxCAldjbV2yxPOQQzWHPRCs4=,S/X3i4PGnR0ClI36Xfu9p9TKvNM=
13,22,Dv+BxCAldjbV2yxPOQQzWHPRCs4=,xFJbGJAQA6tX7u7o9/0cTSLik7U=
0,27,Dv+BxCAldjbV2yxPOQQzWHPRCs4=,S/X3i4PGnR0ClI36Xfu9p9TKvNM=
1,30,Dv+BxCAldjbV2yxPOQQzWHPRCs4=,S/X3i4PGnR0ClI36Xfu9p9TKvNM=
1,31,Dv+BxCAldjbV2yxPOQQzWHPRCs4=,S/X3i4PGnR0ClI36Xfu9p9TKvNM=
26,17,+deDq7njMr3KpKhekm507rr/7nU=,HzA3oTcGXAriO/Bgigv2AojaM/k=
27,17,I3cj+oyjqccFBLCptMRdgdaeWoY=,HzA3oTcGXAriO/Bgigv2AojaM/k=
28,17,I3cj+oyjqccFBLCptMRdgdaeWoY=,HzA3oTcGXAriO/Bgigv2AojaM/k=
30,17,I3cj+oyjqccFBLCptMRdgdaeWoY=,HzA3oTcGXAriO/Bgigv2AojaM/k=
29,17,I3cj+oyjqccFBLCptMRdgdaeWoY=,HzA3oTcGXAriO/Bgigv2AojaM/k=
28,18,+deDq7njMr3KpKhekm507rr/7nU=,HzA3oTcGXAriO/Bgigv2AojaM/k=
30,19,I3cj+oyjqccFBLCptMRdgdaeWoY=,HzA3oTcGXAriO/Bgigv2AojaM/k=
29,19,+deDq7njMr3KpKhekm507rr/7nU=,HzA3oTcGXAriO/Bgigv2AojaM/k=
30,20,+deDq7njMr3KpKhekm507rr/7nU=,HzA3oTcGXAriO/Bgigv2AojaM/k=
30,18,+deDq7njMr3KpKhekm507rr/7nU=,HzA3oTcGXAriO/Bgigv2AojaM/k=
29,18,+deDq7njMr3KpKhekm507rr/7nU=,HzA3oTcGXAriO/Bgigv2AojaM/k=
22,20,3miLU0gjUzKdzs0pAovWoBToRqM=,y7bXkZQsbwyxYspxGsa391CWFQA=
24,22,kql6ARL+DXr9RJcoC9828/yGYJI=,HzA3oTcGXAriO/Bgigv2AojaM/k=
21,20,3miLU0gjUzKdzs0pAovWoBToRqM=,y7bXkZQsbwyxYspxGsa391CWFQA=
24,21,jtPmRCVtiSOZkvKscd5wknL6uTg=,HzA3oTcGXAriO/Bgigv2AojaM/k=
24,20,3miLU0gjUzKdzs0pAovWoBToRqM=,HzA3oTcGXAriO/Bgigv2AojaM/k=
25,16,kql6ARL+DXr9RJcoC9828/yGYJI=,HzA3oTcGXAriO/Bgigv2AojaM/k=
26,16,kql6ARL+DXr9RJcoC9828/yGYJI=,HzA3oTcGXAriO/Bgigv2AojaM/k=
27,16,kql6ARL+DXr9RJcoC9828/yGYJI=,HzA3oTcGXAriO/Bgigv2AojaM/k=
28,16,kql6ARL+DXr9RJcoC9828/yGYJI=,HzA3oTcGXAriO/Bgigv2AojaM/k=
29,16,kql6ARL+DXr9RJcoC9828/yGYJI=,HzA3oTcGXAriO/Bgigv2AojaM/k=
30,16,kql6ARL+DXr9RJcoC9828/yGYJI=,HzA3oTcGXAriO/Bgigv2AojaM/k=
31,17,I3cj+oyjqccFBLCptMRdgdaeWoY=,HzA3oTcGXAriO/Bgigv2AojaM/k=
31,18,+deDq7njMr3KpKhekm507rr/7nU=,HzA3oTcGXAriO/Bgigv2AojaM/k=
31,22,+deDq7njMr3KpKhekm507rr/7nU=,HzA3oTcGXAriO/Bgigv2AojaM/k=
24,23,3miLU0gjUzKdzs0pAovWoBToRqM=,HzA3oTcGXAriO/Bgigv2AojaM/k=
29,20,3miLU0gjUzKdzs0pAovWoBToRqM=,HzA3oTcGXAriO/Bgigv2AojaM/k=
30,21,jtPmRCVtiSOZkvKscd5wknL6uTg=,HzA3oTcGXAriO/Bgigv2AojaM/k=
28,22,jtPmRCVtiSOZkvKscd5wknL6uTg=,HzA3oTcGXAriO/Bgigv2AojaM/k=
31,19,+deDq7njMr3KpKhekm507rr/7nU=,HzA3oTcGXAriO/Bgigv2AojaM/k=
31,21,+deDq7njMr3KpKhekm507rr/7nU=,HzA3oTcGXAriO/Bgigv2AojaM/k=
31,20,+deDq7njMr3KpKhekm507rr/7nU=,HzA3oTcGXAriO/Bgigv2AojaM/k=
31,16,3miLU0gjUzKdzs0pAovWoBToRqM=,HzA3oTcGXAriO/Bgigv2AojaM/k=
31,24,3miLU0gjUzKdzs0pAovWoBToRqM=,OteOijKTJE5U1FFwUE9XGsqQgLA=
29,23,3miLU0gjUzKdzs0pAovWoBToRqM=,HzA3oTcGXAriO/Bgigv2AojaM/k=
31,27,jtPmRCVtiSOZkvKscd5wknL6uTg=,OteOijKTJE5U1FFwUE9XGsqQgLA=
23,16,3miLU0gjUzKdzs0pAovWoBToRqM=,y7bXkZQsbwyxYspxGsa391CWFQA=
28,21,jtPmRCVtiSOZkvKscd5wknL6uTg=,HzA3oTcGXAriO/Bgigv2AojaM/k=
24,16,3miLU0gjUzKdzs0pAovWoBToRqM=,HzA3oTcGXAriO/Bgigv2AojaM/k=
28,20,3miLU0gjUzKdzs0pAovWoBToRqM=,HzA3oTcGXAriO/Bgigv2AojaM/k=
31,23,3miLU0gjUzKdzs0pAovWoBToRqM=,HzA3oTcGXAriO/Bgigv2AojaM/k=
28,23,3miLU0gjUzKdzs0pAovWoBToRqM=,HzA3oTcGXAriO/Bgigv2AojaM/k=
29,21,3miLU0gjUzKdzs0pAovWoBToRqM=,HzA3oTcGXAriO/Bgigv2AojaM/k=
28,19,3miLU0gjUzKdzs0pAovWoBToRqM=,HzA3oTcGXAriO/Bgigv2AojaM/k=
31,26,jtPmRCVtiSOZkvKscd5wknL6uTg=,OteOijKTJE5U1FFwUE9XGsqQgLA=
22,16,3miLU0gjUzKdzs0pAovWoBToRqM=,y7bXkZQsbwyxYspxGsa391CWFQA=
31,25,3miLU0gjUzKdzs0pAovWoBToRqM=,OteOijKTJE5U1FFwUE9XGsqQgLA=
30,27,3miLU0gjUzKdzs0pAovWoBToRqM=,OteOijKTJE5U1FFwUE9XGsqQgLA=
30,23,3miLU0gjUzKdzs0pAovWoBToRqM=,HzA3oTcGXAriO/Bgigv2AojaM/k=
20,23,kql6ARL+DXr9RJcoC9828/yGYJI=,y7bXkZQsbwyxYspxGsa391CWFQA=
28,24,3miLU0gjUzKdzs0pAovWoBToRqM=,OteOijKTJE5U1FFwUE9XGsqQgLA=
19,23,3miLU0gjUzKdzs0pAovWoBToRqM=,y7bXkZQsbwyxYspxGsa391CWFQA=
21,16,3miLU0gjUzKdzs0pAovWoBToRqM=,y7bXkZQsbwyxYspxGsa391CWFQA=
29,27,3miLU0gjUzKdzs0pAovWoBToRqM=,OteOijKTJE5U1FFwUE9XGsqQgLA=
29,22,3miLU0gjUzKdzs0pAovWoBToRqM=,HzA3oTcGXAriO/Bgigv2AojaM/k=
19,20,3miLU0gjUzKdzs0pAovWoBToRqM=,y7bXkZQsbwyxYspxGsa391CWFQA=
16,21,3miLU0gjUzKdzs0pAovWoBToRqM=,y7bXkZQsbwyxYspxGsa391CWFQA=
18,20,3miLU0gjUzKdzs0pAovWoBToRqM=,y7bXkZQsbwyxYspxGsa391CWFQA=
18,23,3miLU0gjUzKdzs0pAovWoBToRqM=,y7bXkZQsbwyxYspxGsa391CWFQA=
30,22,3miLU0gjUzKdzs0pAovWoBToRqM=,HzA3oTcGXAriO/Bgigv2AojaM/k=
20,27,3miLU0gjUzKdzs0pAovWoBToRqM=,o4CX5tr2ZOwJclR0qDSeIA7zc20=
23,23,jtPmRCVtiSOZkvKscd5wknL6uTg=,y7bXkZQsbwyxYspxGsa391CWFQA=
21,27,3miLU0gjUzKdzs0pAovWoBToRqM=,o4CX5tr2ZOwJclR0qDSeIA7zc20=
16,23,3miLU0gjUzKdzs0pAovWoBToRqM=,y7bXkZQsbwyxYspxGsa391CWFQA=
16,20,3miLU0gjUzKdzs0pAovWoBToRqM=,y7bXkZQsbwyxYspxGsa391CWFQA=
28,27,3miLU0gjUzKdzs0pAovWoBToRqM=,OteOijKTJE5U1FFwUE9XGsqQgLA=
21,23,3miLU0gjUzKdzs0pAovWoBToRqM=,y7bXkZQsbwyxYspxGsa391CWFQA=
30,26,3miLU0gjUzKdzs0pAovWoBToRqM=,OteOijKTJE5U1FFwUE9XGsqQgLA=
18,27,3miLU0gjUzKdzs0pAovWoBToRqM=,o4CX5tr2ZOwJclR0qDSeIA7zc20=
19,27,3miLU0gjUzKdzs0pAovWoBToRqM=,o4CX5tr2ZOwJclR0qDSeIA7zc20=
22,19,3miLU0gjUzKdzs0pAovWoBToRqM=,y7bXkZQsbwyxYspxGsa391CWFQA=
22,23,jtPmRCVtiSOZkvKscd5wknL6uTg=,y7bXkZQsbwyxYspxGsa391CWFQA=
16,17,3miLU0gjUzKdzs0pAovWoBToRqM=,y7bXkZQsbwyxYspxGsa391CWFQA=
22,27,3miLU0gjUzKdzs0pAovWoBToRqM=,o4CX5tr2ZOwJclR0qDSeIA7zc20=
25,27,3miLU0gjUzKdzs0pAovWoBToRqM=,OteOijKTJE5U1FFwUE9XGsqQgLA=
25,28,3miLU0gjUzKdzs0pAovWoBToRqM=,OteOijKTJE5U1FFwUE9XGsqQgLA=
24,26,3miLU0gjUzKdzs0pAovWoBToRqM=,OteOijKTJE5U1FFwUE9XGsqQgLA=
17,20,3miLU0gjUzKdzs0pAovWoBToRqM=,y7bXkZQsbwyxYspxGsa391CWFQA=
29,26,3miLU0gjUzKdzs0pAovWoBToRqM=,OteOijKTJE5U1FFwUE9XGsqQgLA=
29,24,3miLU0gjUzKdzs0pAovWoBToRqM=,OteOijKTJE5U1FFwUE9XGsqQgLA=
19,22,3miLU0gjUzKdzs0pAovWoBToRqM=,y7bXkZQsbwyxYspxGsa391CWFQA=
27,27,3miLU0gjUzKdzs0pAovWoBToRqM=,OteOijKTJE5U1FFwUE9XGsqQgLA=
27,25,3miLU0gjUzKdzs0pAovWoBToRqM=,OteOijKTJE5U1FFwUE9XGsqQgLA=
18,22,3miLU0gjUzKdzs0pAovWoBToRqM=,y7bXkZQsbwyxYspxGsa391CWFQA=
25,29,3miLU0gjUzKdzs0pAovWoBToRqM=,OteOijKTJE5U1FFwUE9XGsqQgLA=
20,16,3miLU0gjUzKdzs0pAovWoBToRqM=,y7bXkZQsbwyxYspxGsa391CWFQA=
21,19,3miLU0gjUzKdzs0pAovWoBToRqM=,y7bXkZQsbwyxYspxGsa391CWFQA=
26,28,3miLU0gjUzKdzs0pAovWoBToRqM=,OteOijKTJE5U1FFwUE9XGsqQgLA=
17,22,3miLU0gjUzKdzs0pAovWoBToRqM=,y7bXkZQsbwyxYspxGsa391CWFQA=
26,29,3miLU0gjUzKdzs0pAovWoBToRqM=,OteOijKTJE5U1FFwUE9XGsqQgLA=
19,21,3miLU0gjUzKdzs0pAovWoBToRqM=,y7bXkZQsbwyxYspxGsa391CWFQA=
18,16,3miLU0gjUzKdzs0pAovWoBToRqM=,y7bXkZQsbwyxYspxGsa391CWFQA=
18,21,3miLU0gjUzKdzs0pAovWoBToRqM=,y7bXkZQsbwyxYspxGsa391CWFQA=
16,19,3miLU0gjUzKdzs0pAovWoBToRqM=,y7bXkZQsbwyxYspxGsa391CWFQA=
17,21,3miLU0gjUzKdzs0pAovWoBToRqM=,y7bXkZQsbwyxYspxGsa391CWFQA=
16,18,3miLU0gjUzKdzs0pAovWoBToRqM=,y7bXkZQsbwyxYspxGsa391CWFQA=
27,28,3miLU0gjUzKdzs0pAovWoBToRqM=,OteOijKTJE5U1FFwUE9XGsqQgLA=
25,26,3miLU0gjUzKdzs0pAovWoBToRqM=,OteOijKTJE5U1FFwUE9XGsqQgLA=
26,27,3miLU0gjUzKdzs0pAovWoBToRqM=,OteOijKTJE5U1FFwUE9XGsqQgLA=
17,18,3miLU0gjUzKdzs0pAovWoBToRqM=,y7bXkZQsbwyxYspxGsa391CWFQA=
16,22,3miLU0gjUzKdzs0pAovWoBToRqM=,y7bXkZQsbwyxYspxGsa391CWFQA=
25,30,3miLU0gjUzKdzs0pAovWoBToRqM=,OteOijKTJE5U1FFwUE9XGsqQgLA=
19,19,3miLU0gjUzKdzs0pAovWoBToRqM=,y7bXkZQsbwyxYspxGsa391CWFQA=
16,16,3miLU0gjUzKdzs0pAovWoBToRqM=,y7bXkZQsbwyxYspxGsa391CWFQA=
26,26,3miLU0gjUzKdzs0pAovWoBToRqM=,OteOijKTJE5U1FFwUE9XGsqQgLA=
18,18,3miLU0gjUzKdzs0pAovWoBToRqM=,y7bXkZQsbwyxYspxGsa391CWFQA=
27,29,3miLU0gjUzKdzs0pAovWoBToRqM=,OteOijKTJE5U1FFwUE9XGsqQgLA=
18,19,3miLU0gjUzKdzs0pAovWoBToRqM=,y7bXkZQsbwyxYspxGsa391CWFQA=
25,25,3miLU0gjUzKdzs0pAovWoBToRqM=,OteOijKTJE5U1FFwUE9XGsqQgLA=
27,26,3miLU0gjUzKdzs0pAovWoBToRqM=,OteOijKTJE5U1FFwUE9XGsqQgLA=
17,19,3miLU0gjUzKdzs0pAovWoBToRqM=,y7bXkZQsbwyxYspxGsa391CWFQA=
23,27,3miLU0gjUzKdzs0pAovWoBToRqM=,o4CX5tr2ZOwJclR0qDSeIA7zc20=
22,18,3miLU0gjUzKdzs0pAovWoBToRqM=,y7bXkZQsbwyxYspxGsa391CWFQA=
28,26,3miLU0gjUzKdzs0pAovWoBToRqM=,OteOijKTJE5U1FFwUE9XGsqQgLA=
24,27,3miLU0gjUzKdzs0pAovWoBToRqM=,OteOijKTJE5U1FFwUE9XGsqQgLA=
30,25,3miLU0gjUzKdzs0pAovWoBToRqM=,OteOijKTJE5U1FFwUE9XGsqQgLA=
24,28,3miLU0gjUzKdzs0pAovWoBToRqM=,OteOijKTJE5U1FFwUE9XGsqQgLA=
24,29,3miLU0gjUzKdzs0pAovWoBToRqM=,OteOijKTJE5U1FFwUE9XGsqQgLA=
29,25,3miLU0gjUzKdzs0pAovWoBToRqM=,OteOijKTJE5U1FFwUE9XGsqQgLA=
20,19,3miLU0gjUzKdzs0pAovWoBToRqM=,y7bXkZQsbwyxYspxGsa391CWFQA=
24,30,3miLU0gjUzKdzs0pAovWoBToRqM=,OteOijKTJE5U1FFwUE9XGsqQgLA=
30,24,3miLU0gjUzKdzs0pAovWoBToRqM=,OteOijKTJE5U1FFwUE9XGsqQgLA=
19,18,3miLU0gjUzKdzs0pAovWoBToRqM=,y7bXkZQsbwyxYspxGsa391CWFQA=
24,31,3miLU0gjUzKdzs0pAovWoBToRqM=,OteOijKTJE5U1FFwUE9XGsqQgLA=
27,24,3miLU0gjUzKdzs0pAovWoBToRqM=,OteOijKTJE5U1FFwUE9XGsqQgLA=
26,31,3miLU0gjUzKdzs0pAovWoBToRqM=,OteOijKTJE5U1FFwUE9XGsqQgLA=
31,31,3miLU0gjUzKdzs0pAovWoBToRqM=,OteOijKTJE5U1FFwUE9XGsqQgLA=
26,30,3miLU0gjUzKdzs0pAovWoBToRqM=,OteOijKTJE5U1FFwUE9XGsqQgLA=
26,25,3miLU0gjUzKdzs0pAovWoBToRqM=,OteOijKTJE5U1FFwUE9XGsqQgLA=
24,25,3miLU0gjUzKdzs0pAovWoBToRqM=,OteOijKTJE5U1FFwUE9XGsqQgLA=
27,31,3miLU0gjUzKdzs0pAovWoBToRqM=,OteOijKTJE5U1FFwUE9XGsqQgLA=
25,31,3miLU0gjUzKdzs0pAovWoBToRqM=,OteOijKTJE5U1FFwUE9XGsqQgLA=
26,22,3miLU0gjUzKdzs0pAovWoBToRqM=,HzA3oTcGXAriO/Bgigv2AojaM/k=
27,22,3miLU0gjUzKdzs0pAovWoBToRqM=,HzA3oTcGXAriO/Bgigv2AojaM/k=
25,22,3miLU0gjUzKdzs0pAovWoBToRqM=,HzA3oTcGXAriO/Bgigv2AojaM/k=
25,21,3miLU0gjUzKdzs0pAovWoBToRqM=,HzA3oTcGXAriO/Bgigv2AojaM/k=
26,24,3miLU0gjUzKdzs0pAovWoBToRqM=,OteOijKTJE5U1FFwUE9XGsqQgLA=
27,21,3miLU0gjUzKdzs0pAovWoBToRqM=,HzA3oTcGXAriO/Bgigv2AojaM/k=
25,20,3miLU0gjUzKdzs0pAovWoBToRqM=,HzA3oTcGXAriO/Bgigv2AojaM/k=
26,20,3miLU0gjUzKdzs0pAovWoBToRqM=,HzA3oTcGXAriO/Bgigv2AojaM/k=
19,16,3miLU0gjUzKdzs0pAovWoBToRqM=,y7bXkZQsbwyxYspxGsa391CWFQA=
19,17,3miLU0gjUzKdzs0pAovWoBToRqM=,y7bXkZQsbwyxYspxGsa391CWFQA=
26,21,3miLU0gjUzKdzs0pAovWoBToRqM=,HzA3oTcGXAriO/Bgigv2AojaM/k=
25,23,3miLU0gjUzKdzs0pAovWoBToRqM=,HzA3oTcGXAriO/Bgigv2AojaM/k=
20,21,3miLU0gjUzKdzs0pAovWoBToRqM=,y7bXkZQsbwyxYspxGsa391CWFQA=
26,23,3miLU0gjUzKdzs0pAovWoBToRqM=,HzA3oTcGXAriO/Bgigv2AojaM/k=
21,21,3miLU0gjUzKdzs0pAovWoBToRqM=,y7bXkZQsbwyxYspxGsa391CWFQA=
27,23,3miLU0gjUzKdzs0pAovWoBToRqM=,HzA3oTcGXAriO/Bgigv2AojaM/k=
17,17,3miLU0gjUzKdzs0pAovWoBToRqM=,y7bXkZQsbwyxYspxGsa391CWFQA=
22,21,3miLU0gjUzKdzs0pAovWoBToRqM=,y7bXkZQsbwyxYspxGsa391CWFQA=
22,17,3miLU0gjUzKdzs0pAovWoBToRqM=,y7bXkZQsbwyxYspxGsa391CWFQA=
25,24,3miLU0gjUzKdzs0pAovWoBToRqM=,OteOijKTJE5U1FFwUE9XGsqQgLA=
27,30,3miLU0gjUzKdzs0pAovWoBToRqM=,OteOijKTJE5U1FFwUE9XGsqQgLA=
27,20,3miLU0gjUzKdzs0pAovWoBToRqM=,HzA3oTcGXAriO/Bgigv2AojaM/k=
18,17,3miLU0gjUzKdzs0pAovWoBToRqM=,y7bXkZQsbwyxYspxGsa391CWFQA=
17,28,3miLU0gjUzKdzs0pAovWoBToRqM=,o4CX5tr2ZOwJclR0qDSeIA7zc20=
23,21,3miLU0gjUzKdzs0pAovWoBToRqM=,y7bXkZQsbwyxYspxGsa391CWFQA=
20,22,kql6ARL+DXr9RJcoC9828/yGYJI=,y7bXkZQsbwyxYspxGsa391CWFQA=
24,24,3miLU0gjUzKdzs0pAovWoBToRqM=,OteOijKTJE5U1FFwUE9XGsqQgLA=
17,16,3miLU0gjUzKdzs0pAovWoBToRqM=,y7bXkZQsbwyxYspxGsa391CWFQA=
25,17,3miLU0gjUzKdzs0pAovWoBToRqM=,HzA3oTcGXAriO/Bgigv2AojaM/k=
21,22,I3cj+oyjqccFBLCptMRdgdaeWoY=,y7bXkZQsbwyxYspxGsa391CWFQA=
23,22,I3cj+oyjqccFBLCptMRdgdaeWoY=,y7bXkZQsbwyxYspxGsa391CWFQA=
28,25,3miLU0gjUzKdzs0pAovWoBToRqM=,OteOijKTJE5U1FFwUE9XGsqQgLA=
22,22,I3cj+oyjqccFBLCptMRdgdaeWoY=,y7bXkZQsbwyxYspxGsa391CWFQA=
18,28,3miLU0gjUzKdzs0pAovWoBToRqM=,o4CX5tr2ZOwJclR0qDSeIA7zc20=
20,20,3miLU0gjUzKdzs0pAovWoBToRqM=,y7bXkZQsbwyxYspxGsa391CWFQA=
25,18,3miLU0gjUzKdzs0pAovWoBToRqM=,HzA3oTcGXAriO/Bgigv2AojaM/k=
21,17,3miLU0gjUzKdzs0pAovWoBToRqM=,y7bXkZQsbwyxYspxGsa391CWFQA=
26,18,3miLU0gjUzKdzs0pAovWoBToRqM=,HzA3oTcGXAriO/Bgigv2AojaM/k=
18,26,3miLU0gjUzKdzs0pAovWoBToRqM=,o4CX5tr2ZOwJclR0qDSeIA7zc20=
27,18,3miLU0gjUzKdzs0pAovWoBToRqM=,HzA3oTcGXAriO/Bgigv2AojaM/k=
22,31,3miLU0gjUzKdzs0pAovWoBToRqM=,o4CX5tr2ZOwJclR0qDSeIA7zc20=
19,26,3miLU0gjUzKdzs0pAovWoBToRqM=,o4CX5tr2ZOwJclR0qDSeIA7zc20=
21,18,3miLU0gjUzKdzs0pAovWoBToRqM=,y7bXkZQsbwyxYspxGsa391CWFQA=
22,26,3miLU0gjUzKdzs0pAovWoBToRqM=,o4CX5tr2ZOwJclR0qDSeIA7zc20=
20,17,3miLU0gjUzKdzs0pAovWoBToRqM=,y7bXkZQsbwyxYspxGsa391CWFQA=
23,26,3miLU0gjUzKdzs0pAovWoBToRqM=,o4CX5tr2ZOwJclR0qDSeIA7zc20=
27,19,3miLU0gjUzKdzs0pAovWoBToRqM=,HzA3oTcGXAriO/Bgigv2AojaM/k=
17,26,3miLU0gjUzKdzs0pAovWoBToRqM=,o4CX5tr2ZOwJclR0qDSeIA7zc20=
18,31,3miLU0gjUzKdzs0pAovWoBToRqM=,o4CX5tr2ZOwJclR0qDSeIA7zc20=
21,26,3miLU0gjUzKdzs0pAovWoBToRqM=,o4CX5tr2ZOwJclR0qDSeIA7zc20=
26,19,3miLU0gjUzKdzs0pAovWoBToRqM=,HzA3oTcGXAriO/Bgigv2AojaM/k=
16,25,3miLU0gjUzKdzs0pAovWoBToRqM=,o4CX5tr2ZOwJclR0qDSeIA7zc20=
17,24,3miLU0gjUzKdzs0pAovWoBToRqM=,o4CX5tr2ZOwJclR0qDSeIA7zc20=
20,26,3miLU0gjUzKdzs0pAovWoBToRqM=,o4CX5tr2ZOwJclR0qDSeIA7zc20=
23,31,3miLU0gjUzKdzs0pAovWoBToRqM=,o4CX5tr2ZOwJclR0qDSeIA7zc20=
30,31,3miLU0gjUzKdzs0pAovWoBToRqM=,OteOijKTJE5U1FFwUE9XGsqQgLA=
17,27,3miLU0gjUzKdzs0pAovWoBToRqM=,o4CX5tr2ZOwJclR0qDSeIA7zc20=
16,29,3miLU0gjUzKdzs0pAovWoBToRqM=,o4CX5tr2ZOwJclR0qDSeIA7zc20=
17,31,3miLU0gjUzKdzs0pAovWoBToRqM=,o4CX5tr2ZOwJclR0qDSeIA7zc20=
23,30,3miLU0gjUzKdzs0pAovWoBToRqM=,o4CX5tr2ZOwJclR0qDSeIA7zc20=
18,24,3miLU0gjUzKdzs0pAovWoBToRqM=,o4CX5tr2ZOwJclR0qDSeIA7zc20=
16,26,3miLU0gjUzKdzs0pAovWoBToRqM=,o4CX5tr2ZOwJclR0qDSeIA7zc20=
16,31,3miLU0gjUzKdzs0pAovWoBToRqM=,o4CX5tr2ZOwJclR0qDSeIA7zc20=
25,19,3miLU0gjUzKdzs0pAovWoBToRqM=,HzA3oTcGXAriO/Bgigv2AojaM/k=
21,31,3miLU0gjUzKdzs0pAovWoBToRqM=,o4CX5tr2ZOwJclR0qDSeIA7zc20=
23,20,3miLU0gjUzKdzs0pAovWoBToRqM=,y7bXkZQsbwyxYspxGsa391CWFQA=
20,31,3miLU0gjUzKdzs0pAovWoBToRqM=,o4CX5tr2ZOwJclR0qDSeIA7zc20=
22,25,3miLU0gjUzKdzs0pAovWoBToRqM=,o4CX5tr2ZOwJclR0qDSeIA7zc20=
18,25,3miLU0gjUzKdzs0pAovWoBToRqM=,o4CX5tr2ZOwJclR0qDSeIA7zc20=
29,28,3miLU0gjUzKdzs0pAovWoBToRqM=,OteOijKTJE5U1FFwUE9XGsqQgLA=
23,25,3miLU0gjUzKdzs0pAovWoBToRqM=,o4CX5tr2ZOwJclR0qDSeIA7zc20=
19,25,3miLU0gjUzKdzs0pAovWoBToRqM=,o4CX5tr2ZOwJclR0qDSeIA7zc20=
19,30,3miLU0gjUzKdzs0pAovWoBToRqM=,o4CX5tr2ZOwJclR0qDSeIA7zc20=
23,29,3miLU0gjUzKdzs0pAovWoBToRqM=,o4CX5tr2ZOwJclR0qDSeIA7zc20=
21,30,3miLU0gjUzKdzs0pAovWoBToRqM=,o4CX5tr2ZOwJclR0qDSeIA7zc20=
16,24,3miLU0gjUzKdzs0pAovWoBToRqM=,o4CX5tr2ZOwJclR0qDSeIA7zc20=
19,24,3miLU0gjUzKdzs0pAovWoBToRqM=,o4CX5tr2ZOwJclR0qDSeIA7zc20=
17,30,3miLU0gjUzKdzs0pAovWoBToRqM=,o4CX5tr2ZOwJclR0qDSeIA7zc20=
20,30,3miLU0gjUzKdzs0pAovWoBToRqM=,o4CX5tr2ZOwJclR0qDSeIA7zc20=
23,24,kql6ARL+DXr9RJcoC9828/yGYJI=,o4CX5tr2ZOwJclR0qDSeIA7zc20=
16,28,3miLU0gjUzKdzs0pAovWoBToRqM=,o4CX5tr2ZOwJclR0qDSeIA7zc20=
17,23,3miLU0gjUzKdzs0pAovWoBToRqM=,y7bXkZQsbwyxYspxGsa391CWFQA=
18,30,3miLU0gjUzKdzs0pAovWoBToRqM=,o4CX5tr2ZOwJclR0qDSeIA7zc20=
19,29,3miLU0gjUzKdzs0pAovWoBToRqM=,o4CX5tr2ZOwJclR0qDSeIA7zc20=
19,28,3miLU0gjUzKdzs0pAovWoBToRqM=,o4CX5tr2ZOwJclR0qDSeIA7zc20=
22,30,3miLU0gjUzKdzs0pAovWoBToRqM=,o4CX5tr2ZOwJclR0qDSeIA7zc20=
17,25,3miLU0gjUzKdzs0pAovWoBToRqM=,o4CX5tr2ZOwJclR0qDSeIA7zc20=
20,18,3miLU0gjUzKdzs0pAovWoBToRqM=,y7bXkZQsbwyxYspxGsa391CWFQA=
21,25,3miLU0gjUzKdzs0pAovWoBToRqM=,o4CX5tr2ZOwJclR0qDSeIA7zc20=
16,27,3miLU0gjUzKdzs0pAovWoBToRqM=,o4CX5tr2ZOwJclR0qDSeIA7zc20=
16,30,3miLU0gjUzKdzs0pAovWoBToRqM=,o4CX5tr2ZOwJclR0qDSeIA7zc20=
20,28,3miLU0gjUzKdzs0pAovWoBToRqM=,o4CX5tr2ZOwJclR0qDSeIA7zc20=
22,28,3miLU0gjUzKdzs0pAovWoBToRqM=,o4CX5tr2ZOwJclR0qDSeIA7zc20=
20,29,3miLU0gjUzKdzs0pAovWoBToRqM=,o4CX5tr2ZOwJclR0qDSeIA7zc20=
28,28,3miLU0gjUzKdzs0pAovWoBToRqM=,OteOijKTJE5U1FFwUE9XGsqQgLA=
21,29,3miLU0gjUzKdzs0pAovWoBToRqM=,o4CX5tr2ZOwJclR0qDSeIA7zc20=
24,18,3miLU0gjUzKdzs0pAovWoBToRqM=,HzA3oTcGXAriO/Bgigv2AojaM/k=
22,29,3miLU0gjUzKdzs0pAovWoBToRqM=,o4CX5tr2ZOwJclR0qDSeIA7zc20=
21,28,3miLU0gjUzKdzs0pAovWoBToRqM=,o4CX5tr2ZOwJclR0qDSeIA7zc20=
30,28,3miLU0gjUzKdzs0pAovWoBToRqM=,OteOijKTJE5U1FFwUE9XGsqQgLA=
24,19,3miLU0gjUzKdzs0pAovWoBToRqM=,HzA3oTcGXAriO/Bgigv2AojaM/k=
24,17,3miLU0gjUzKdzs0pAovWoBToRqM=,HzA3oTcGXAriO/Bgigv2AojaM/k=
30,29,3miLU0gjUzKdzs0pAovWoBToRqM=,OteOijKTJE5U1FFwUE9XGsqQgLA=
19,31,3miLU0gjUzKdzs0pAovWoBToRqM=,o4CX5tr2ZOwJclR0qDSeIA7zc20=
23,28,3miLU0gjUzKdzs0pAovWoBToRqM=,o4CX5tr2ZOwJclR0qDSeIA7zc20=
21,24,jtPmRCVtiSOZkvKscd5wknL6uTg=,o4CX5tr2ZOwJclR0qDSeIA7zc20=
22,24,3miLU0gjUzKdzs0pAovWoBToRqM=,o4CX5tr2ZOwJclR0qDSeIA7zc20=
23,17,3miLU0gjUzKdzs0pAovWoBToRqM=,y7bXkZQsbwyxYspxGsa391CWFQA=
31,30,3miLU0gjUzKdzs0pAovWoBToRqM=,OteOijKTJE5U1FFwUE9XGsqQgLA=
31,28,3miLU0gjUzKdzs0pAovWoBToRqM=,OteOijKTJE5U1FFwUE9XGsqQgLA=
31,29,3miLU0gjUzKdzs0pAovWoBToRqM=,OteOijKTJE5U1FFwUE9XGsqQgLA=
29,31,3miLU0gjUzKdzs0pAovWoBToRqM=,OteOijKTJE5U1FFwUE9XGsqQgLA=
17,29,3miLU0gjUzKdzs0pAovWoBToRqM=,o4CX5tr2ZOwJclR0qDSeIA7zc20=
29,29,3miLU0gjUzKdzs0pAovWoBToRqM=,OteOijKTJE5U1FFwUE9XGsqQgLA=
23,18,3miLU0gjUzKdzs0pAovWoBToRqM=,y7bXkZQsbwyxYspxGsa391CWFQA=
23,19,3miLU0gjUzKdzs0pAovWoBToRqM=,y7bXkZQsbwyxYspxGsa391CWFQA=
28,29,3miLU0gjUzKdzs0pAovWoBToRqM=,OteOijKTJE5U1FFwUE9XGsqQgLA=
18,29,3miLU0gjUzKdzs0pAovWoBToRqM=,o4CX5tr2ZOwJclR0qDSeIA7zc20=
30,30,3miLU0gjUzKdzs0pAovWoBToRqM=,OteOijKTJE5U1FFwUE9XGsqQgLA=
20,25,3miLU0gjUzKdzs0pAovWoBToRqM=,o4CX5tr2ZOwJclR0qDSeIA7zc20=
20,24,3miLU0gjUzKdzs0pAovWoBToRqM=,o4CX5tr2ZOwJclR0qDSeIA7zc20=
28,30,3miLU0gjUzKdzs0pAovWoBToRqM=,OteOijKTJE5U1FFwUE9XGsqQgLA=
28,31,3miLU0gjUzKdzs0pAovWoBToRqM=,OteOijKTJE5U1FFwUE9XGsqQgLA=
29,30,3miLU0gjUzKdzs0pAovWoBToRqM=,OteOijKTJE5U1FFwUE9XGsqQgLA=
28,10,4p0FdoSHx6LoKxCwZa5Is8j0L1k=,Av5Ki/cmw8lH8+ZOWO9gY1ulsds=
22,5,4p0FdoSHx6LoKxCwZa5Is8j0L1k=,G9za1z/YieQL+Ap/9dO2dsuJ1Yg=
23,5,4p0FdoSHx6LoKxCwZa5Is8j0L1k=,G9za1z/YieQL+Ap/9dO2dsuJ1Yg=
17,6,4p0FdoSHx6LoKxCwZa5Is8j0L1k=,G9za1z/YieQL+Ap/9dO2dsuJ1Yg=
18,6,4p0FdoSHx6LoKxCwZa5Is8j0L1k=,G9za1z/YieQL+Ap/9dO2dsuJ1Yg=
19,6,4p0FdoSHx6LoKxCwZa5Is8j0L1k=,G9za1z/YieQL+Ap/9dO2dsuJ1Yg=
18,3,4p0FdoSHx6LoKxCwZa5Is8j0L1k=,G9za1z/YieQL+Ap/9dO2dsuJ1Yg=
19,3,4p0FdoSHx6LoKxCwZa5Is8j0L1k=,G9za1z/YieQL+Ap/9dO2dsuJ1Yg=
20,4,7Mi4jY+vGt2Gr/04vtgenu3RxMQ=,G9za1z/YieQL+Ap/9dO2dsuJ1Yg=
21,4,7Mi4jY+vGt2Gr/04vtgenu3RxMQ=,G9za1z/YieQL+Ap/9dO2dsuJ1Yg=
20,6,4p0FdoSHx6LoKxCwZa5Is8j0L1k=,G9za1z/YieQL+Ap/9dO2dsuJ1Yg=
17,2,7Mi4jY+vGt2Gr/04vtgenu3RxMQ=,G9za1z/YieQL+Ap/9dO2dsuJ1Yg=
18,2,7Mi4jY+vGt2Gr/04vtgenu3RxMQ=,G9za1z/YieQL+Ap/9dO2dsuJ1Yg=
22,4,4p0FdoSHx6LoKxCwZa5Is8j0L1k=,G9za1z/YieQL+Ap/9dO2dsuJ1Yg=
23,4,4p0FdoSHx6LoKxCwZa5Is8j0L1k=,G9za1z/YieQL+Ap/9dO2dsuJ1Yg=
20,3,4p0FdoSHx6LoKxCwZa5Is8j0L1k=,G9za1z/YieQL+Ap/9dO2dsuJ1Yg=
19,2,4p0FdoSHx6LoKxCwZa5Is8j0L1k=,G9za1z/YieQL+Ap/9dO2dsuJ1Yg=
20,2,4p0FdoSHx6LoKxCwZa5Is8j0L1k=,G9za1z/YieQL+Ap/9dO2dsuJ1Yg=
21,2,4p0FdoSHx6LoKxCwZa5Is8j0L1k=,G9za1z/YieQL+Ap/9dO2dsuJ1Yg=
21,3,4p0FdoSHx6LoKxCwZa5Is8j0L1k=,G9za1z/YieQL+Ap/9dO2dsuJ1Yg=
22,2,4p0FdoSHx6LoKxCwZa5Is8j0L1k=,G9za1z/YieQL+Ap/9dO2dsuJ1Yg=
17,5,4p0FdoSHx6LoKxCwZa5Is8j0L1k=,G9za1z/YieQL+Ap/9dO2dsuJ1Yg=
23,2,4p0FdoSHx6LoKxCwZa5Is8j0L1k=,G9za1z/YieQL+Ap/9dO2dsuJ1Yg=
18,5,4p0FdoSHx6LoKxCwZa5Is8j0L1k=,G9za1z/YieQL+Ap/9dO2dsuJ1Yg=
19,5,4p0FdoSHx6LoKxCwZa5Is8j0L1k=,G9za1z/YieQL+Ap/9dO2dsuJ1Yg=
17,1,4p0FdoSHx6LoKxCwZa5Is8j0L1k=,G9za1z/YieQL+Ap/9dO2dsuJ1Yg=
18,4,4p0FdoSHx6LoKxCwZa5Is8j0L1k=,G9za1z/YieQL+Ap/9dO2dsuJ1Yg=
21,6,4p0FdoSHx6LoKxCwZa5Is8j0L1k=,G9za1z/YieQL+Ap/9dO2dsuJ1Yg=
20,5,4p0FdoSHx6LoKxCwZa5Is8j0L1k=,G9za1z/YieQL+Ap/9dO2dsuJ1Yg=
18,1,4p0FdoSHx6LoKxCwZa5Is8j0L1k=,G9za1z/YieQL+Ap/9dO2dsuJ1Yg=
22,3,4p0FdoSHx6LoKxCwZa5Is8j0L1k=,G9za1z/YieQL+Ap/9dO2dsuJ1Yg=
23,3,4p0FdoSHx6LoKxCwZa5Is8j0L1k=,G9za1z/YieQL+Ap/9dO2dsuJ1Yg=
19,1,4p0FdoSHx6LoKxCwZa5Is8j0L1k=,G9za1z/YieQL+Ap/9dO2dsuJ1Yg=
22,6,7Mi4jY+vGt2Gr/04vtgenu3RxMQ=,G9za1z/YieQL+Ap/9dO2dsuJ1Yg=
20,1,4p0FdoSHx6LoKxCwZa5Is8j0L1k=,G9za1z/YieQL+Ap/9dO2dsuJ1Yg=
17,3,4p0FdoSHx6LoKxCwZa5Is8j0L1k=,G9za1z/YieQL+Ap/9dO2dsuJ1Yg=
21,5,4p0FdoSHx6LoKxCwZa5Is8j0L1k=,G9za1z/YieQL+Ap/9dO2dsuJ1Yg=
17,4,4p0FdoSHx6LoKxCwZa5Is8j0L1k=,G9za1z/YieQL+Ap/9dO2dsuJ1Yg=
21,1,4p0FdoSHx6LoKxCwZa5Is8j0L1k=,G9za1z/YieQL+Ap/9dO2dsuJ1Yg=
22,1,4p0FdoSHx6LoKxCwZa5Is8j0L1k=,G9za1z/YieQL+Ap/9dO2dsuJ1Yg=
19,4,4p0FdoSHx6LoKxCwZa5Is8j0L1k=,G9za1z/YieQL+Ap/9dO2dsuJ1Yg=
23,1,4p0FdoSHx6LoKxCwZa5Is8j0L1k=,G9za1z/YieQL+Ap/9dO2dsuJ1Yg=
23,6,4p0FdoSHx6LoKxCwZa5Is8j0L1k=,G9za1z/YieQL+Ap/9dO2dsuJ1Yg=
25,10,4p0FdoSHx6LoKxCwZa5Is8j0L1k=,Av5Ki/cmw8lH8+ZOWO9gY1ulsds=
30,9,4p0FdoSHx6LoKxCwZa5Is8j0L1k=,Av5Ki/cmw8lH8+ZOWO9gY1ulsds=
29,9,4p0FdoSHx6LoKxCwZa5Is8j0L1k=,Av5Ki/cmw8lH8+ZOWO9gY1ulsds=
28,9,7Mi4jY+vGt2Gr/04vtgenu3RxMQ=,Av5Ki/cmw8lH8+ZOWO9gY1ulsds=
27,9,7Mi4jY+vGt2Gr/04vtgenu3RxMQ=,Av5Ki/cmw8lH8+ZOWO9gY1ulsds=
26,9,7Mi4jY+vGt2Gr/04vtgenu3RxMQ=,Av5Ki/cmw8lH8+ZOWO9gY1ulsds=
25,9,7Mi4jY+vGt2Gr/04vtgenu3RxMQ=,Av5Ki/cmw8lH8+ZOWO9gY1ulsds=
30,8,4p0FdoSHx6LoKxCwZa5Is8j0L1k=,Av5Ki/cmw8lH8+ZOWO9gY1ulsds=
29,8,4p0FdoSHx6LoKxCwZa5Is8j0L1k=,Av5Ki/cmw8lH8+ZOWO9gY1ulsds=
30,14,7Mi4jY+vGt2Gr/04vtgenu3RxMQ=,Av5Ki/cmw8lH8+ZOWO9gY1ulsds=
29,14,7Mi4jY+vGt2Gr/04vtgenu3RxMQ=,Av5Ki/cmw8lH8+ZOWO9gY1ulsds=
28,14,4p0FdoSHx6LoKxCwZa5Is8j0L1k=,Av5Ki/cmw8lH8+ZOWO9gY1ulsds=
28,8,4p0FdoSHx6LoKxCwZa5Is8j0L1k=,Av5Ki/cmw8lH8+ZOWO9gY1ulsds=
27,8,4p0FdoSHx6LoKxCwZa5Is8j0L1k=,Av5Ki/cmw8lH8+ZOWO9gY1ulsds=
26,8,4p0FdoSHx6LoKxCwZa5Is8j0L1k=,Av5Ki/cmw8lH8+ZOWO9gY1ulsds=
27,14,4p0FdoSHx6LoKxCwZa5Is8j0L1k=,Av5Ki/cmw8lH8+ZOWO9gY1ulsds=
25,8,4p0FdoSHx6LoKxCwZa5Is8j0L1k=,Av5Ki/cmw8lH8+ZOWO9gY1ulsds=
26,14,4p0FdoSHx6LoKxCwZa5Is8j0L1k=,Av5Ki/cmw8lH8+ZOWO9gY1ulsds=
25,14,4p0FdoSHx6LoKxCwZa5Is8j0L1k=,Av5Ki/cmw8lH8+ZOWO9gY1ulsds=
30,13,4p0FdoSHx6LoKxCwZa5Is8j0L1k=,Av5Ki/cmw8lH8+ZOWO9gY1ulsds=
29,13,4p0FdoSHx6LoKxCwZa5Is8j0L1k=,Av5Ki/cmw8lH8+ZOWO9gY1ulsds=
28,13,4p0FdoSHx6LoKxCwZa5Is8j0L1k=,Av5Ki/cmw8lH8+ZOWO9gY1ulsds=
27,13,4p0FdoSHx6LoKxCwZa5Is8j0L1k=,Av5Ki/cmw8lH8+ZOWO9gY1ulsds=
26,13,4p0FdoSHx6LoKxCwZa5Is8j0L1k=,Av5Ki/cmw8lH8+ZOWO9gY1ulsds=
25,13,4p0FdoSHx6LoKxCwZa5Is8j0L1k=,Av5Ki/cmw8lH8+ZOWO9gY1ulsds=
30,12,4p0FdoSHx6LoKxCwZa5Is8j0L1k=,Av5Ki/cmw8lH8+ZOWO9gY1ulsds=
29,12,4p0FdoSHx6LoKxCwZa5Is8j0L1k=,Av5Ki/cmw8lH8+ZOWO9gY1ulsds=
28,12,4p0FdoSHx6LoKxCwZa5Is8j0L1k=,Av5Ki/cmw8lH8+ZOWO9gY1ulsds=
27,12,4p0FdoSHx6LoKxCwZa5Is8j0L1k=,Av5Ki/cmw8lH8+ZOWO9gY1ulsds=
26,12,4p0FdoSHx6LoKxCwZa5Is8j0L1k=,Av5Ki/cmw8lH8+ZOWO9gY1ulsds=
25,12,4p0FdoSHx6LoKxCwZa5Is8j0L1k=,Av5Ki/cmw8lH8+ZOWO9gY1ulsds=
30,11,4p0FdoSHx6LoKxCwZa5Is8j0L1k=,Av5Ki/cmw8lH8+ZOWO9gY1ulsds=
29,11,4p0FdoSHx6LoKxCwZa5Is8j0L1k=,Av5Ki/cmw8lH8+ZOWO9gY1ulsds=
28,11,4p0FdoSHx6LoKxCwZa5Is8j0L1k=,Av5Ki/cmw8lH8+ZOWO9gY1ulsds=
27,11,4p0FdoSHx6LoKxCwZa5Is8j0L1k=,Av5Ki/cmw8lH8+ZOWO9gY1ulsds=
26,11,4p0FdoSHx6LoKxCwZa5Is8j0L1k=,Av5Ki/cmw8lH8+ZOWO9gY1ulsds=
25,11,4p0FdoSHx6LoKxCwZa5Is8j0L1k=,Av5Ki/cmw8lH8+ZOWO9gY1ulsds=
30,10,4p0FdoSHx6LoKxCwZa5Is8j0L1k=,Av5Ki/cmw8lH8+ZOWO9gY1ulsds=
29,10,4p0FdoSHx6LoKxCwZa5Is8j0L1k=,Av5Ki/cmw8lH8+ZOWO9gY1ulsds=
27,10,4p0FdoSHx6LoKxCwZa5Is8j0L1k=,Av5Ki/cmw8lH8+ZOWO9gY1ulsds=
16,6,4p0FdoSHx6LoKxCwZa5Is8j0L1k=,G9za1z/YieQL+Ap/9dO2dsuJ1Yg=
16,2,4p0FdoSHx6LoKxCwZa5Is8j0L1k=,G9za1z/YieQL+Ap/9dO2dsuJ1Yg=
16,5,4p0FdoSHx6LoKxCwZa5Is8j0L1k=,G9za1z/YieQL+Ap/9dO2dsuJ1Yg=
16,3,4p0FdoSHx6LoKxCwZa5Is8j0L1k=,G9za1z/YieQL+Ap/9dO2dsuJ1Yg=
16,1,4p0FdoSHx6LoKxCwZa5Is8j0L1k=,G9za1z/YieQL+Ap/9dO2dsuJ1Yg=
16,4,4p0FdoSHx6LoKxCwZa5Is8j0L1k=,G9za1z/YieQL+Ap/9dO2dsuJ1Yg=
26,10,4p0FdoSHx6LoKxCwZa5Is8j0L1k=,Av5Ki/cmw8lH8+ZOWO9gY1ulsds=
25,15,4p0FdoSHx6LoKxCwZa5Is8j0L1k=,Av5Ki/cmw8lH8+ZOWO9gY1ulsds=
26,15,4p0FdoSHx6LoKxCwZa5Is8j0L1k=,Av5Ki/cmw8lH8+ZOWO9gY1ulsds=
27,15,4p0FdoSHx6LoKxCwZa5Is8j0L1k=,Av5Ki/cmw8lH8+ZOWO9gY1ulsds=
28,15,4p0FdoSHx6LoKxCwZa5Is8j0L1k=,Av5Ki/cmw8lH8+ZOWO9gY1ulsds=
29,15,4p0FdoSHx6LoKxCwZa5Is8j0L1k=,Av5Ki/cmw8lH8+ZOWO9gY1ulsds=
30,15,4p0FdoSHx6LoKxCwZa5Is8j0L1k=,Av5Ki/cmw8lH8+ZOWO9gY1ulsds=
31,10,4p0FdoSHx6LoKxCwZa5Is8j0L1k=,Av5Ki/cmw8lH8+ZOWO9gY1ulsds=
31,11,4p0FdoSHx6LoKxCwZa5Is8j0L1k=,Av5Ki/cmw8lH8+ZOWO9gY1ulsds=
31,12,4p0FdoSHx6LoKxCwZa5Is8j0L1k=,Av5Ki/cmw8lH8+ZOWO9gY1ulsds=
31,13,4p0FdoSHx6LoKxCwZa5Is8j0L1k=,Av5Ki/cmw8lH8+ZOWO9gY1ulsds=
31,14,4p0FdoSHx6LoKxCwZa5Is8j0L1k=,Av5Ki/cmw8lH8+ZOWO9gY1ulsds=
31,9,4p0FdoSHx6LoKxCwZa5Is8j0L1k=,Av5Ki/cmw8lH8+ZOWO9gY1ulsds=
19,10,4p0FdoSHx6LoKxCwZa5Is8j0L1k=,ebcaE5aKiTac0uDluiO6D5mvkf8=
20,10,4p0FdoSHx6LoKxCwZa5Is8j0L1k=,ebcaE5aKiTac0uDluiO6D5mvkf8=
21,10,4p0FdoSHx6LoKxCwZa5Is8j0L1k=,ebcaE5aKiTac0uDluiO6D5mvkf8=
24,11,4p0FdoSHx6LoKxCwZa5Is8j0L1k=,Av5Ki/cmw8lH8+ZOWO9gY1ulsds=
22,10,4p0FdoSHx6LoKxCwZa5Is8j0L1k=,ebcaE5aKiTac0uDluiO6D5mvkf8=
23,10,4p0FdoSHx6LoKxCwZa5Is8j0L1k=,ebcaE5aKiTac0uDluiO6D5mvkf8=
20,11,4p0FdoSHx6LoKxCwZa5Is8j0L1k=,ebcaE5aKiTac0uDluiO6D5mvkf8=
21,11,4p0FdoSHx6LoKxCwZa5Is8j0L1k=,ebcaE5aKiTac0uDluiO6D5mvkf8=
22,11,4p0FdoSHx6LoKxCwZa5Is8j0L1k=,ebcaE5aKiTac0uDluiO6D5mvkf8=
23,11,4p0FdoSHx6LoKxCwZa5Is8j0L1k=,ebcaE5aKiTac0uDluiO6D5mvkf8=
21,12,4p0FdoSHx6LoKxCwZa5Is8j0L1k=,ebcaE5aKiTac0uDluiO6D5mvkf8=
22,12,4p0FdoSHx6LoKxCwZa5Is8j0L1k=,ebcaE5aKiTac0uDluiO6D5mvkf8=
23,12,4p0FdoSHx6LoKxCwZa5Is8j0L1k=,ebcaE5aKiTac0uDluiO6D5mvkf8=
17,7,4p0FdoSHx6LoKxCwZa5Is8j0L1k=,G9za1z/YieQL+Ap/9dO2dsuJ1Yg=
18,7,4p0FdoSHx6LoKxCwZa5Is8j0L1k=,G9za1z/YieQL+Ap/9dO2dsuJ1Yg=
24,12,4p0FdoSHx6LoKxCwZa5Is8j0L1k=,Av5Ki/cmw8lH8+ZOWO9gY1ulsds=
19,7,4p0FdoSHx6LoKxCwZa5Is8j0L1k=,G9za1z/YieQL+Ap/9dO2dsuJ1Yg=
22,13,4p0FdoSHx6LoKxCwZa5Is8j0L1k=,ebcaE5aKiTac0uDluiO6D5mvkf8=
23,13,4p0FdoSHx6LoKxCwZa5Is8j0L1k=,ebcaE5aKiTac0uDluiO6D5mvkf8=
24,13,4p0FdoSHx6LoKxCwZa5Is8j0L1k=,Av5Ki/cmw8lH8+ZOWO9gY1ulsds=
17,8,4p0FdoSHx6LoKxCwZa5Is8j0L1k=,ebcaE5aKiTac0uDluiO6D5mvkf8=
20,7,4p0FdoSHx6LoKxCwZa5Is8j0L1k=,G9za1z/YieQL+Ap/9dO2dsuJ1Yg=
23,14,4p0FdoSHx6LoKxCwZa5Is8j0L1k=,ebcaE5aKiTac0uDluiO6D5mvkf8=
18,9,4p0FdoSHx6LoKxCwZa5Is8j0L1k=,ebcaE5aKiTac0uDluiO6D5mvkf8=
24,8,4p0FdoSHx6LoKxCwZa5Is8j0L1k=,Av5Ki/cmw8lH8+ZOWO9gY1ulsds=
24,14,4p0FdoSHx6LoKxCwZa5Is8j0L1k=,Av5Ki/cmw8lH8+ZOWO9gY1ulsds=
21,7,4p0FdoSHx6LoKxCwZa5Is8j0L1k=,G9za1z/YieQL+Ap/9dO2dsuJ1Yg=
19,9,4p0FdoSHx6LoKxCwZa5Is8j0L1k=,ebcaE5aKiTac0uDluiO6D5mvkf8=
20,9,4p0FdoSHx6LoKxCwZa5Is8j0L1k=,ebcaE5aKiTac0uDluiO6D5mvkf8=
22,7,4p0FdoSHx6LoKxCwZa5Is8j0L1k=,G9za1z/YieQL+Ap/9dO2dsuJ1Yg=
21,9,4p0FdoSHx6LoKxCwZa5Is8j0L1k=,ebcaE5aKiTac0uDluiO6D5mvkf8=
23,7,4p0FdoSHx6LoKxCwZa5Is8j0L1k=,G9za1z/YieQL+Ap/9dO2dsuJ1Yg=
24,9,4p0FdoSHx6LoKxCwZa5Is8j0L1k=,Av5Ki/cmw8lH8+ZOWO9gY1ulsds=
22,9,4p0FdoSHx6LoKxCwZa5Is8j0L1k=,ebcaE5aKiTac0uDluiO6D5mvkf8=
18,8,4p0FdoSHx6LoKxCwZa5Is8j0L1k=,ebcaE5aKiTac0uDluiO6D5mvkf8=
19,8,4p0FdoSHx6LoKxCwZa5Is8j0L1k=,ebcaE5aKiTac0uDluiO6D5mvkf8=
20,8,4p0FdoSHx6LoKxCwZa5Is8j0L1k=,ebcaE5aKiTac0uDluiO6D5mvkf8=
21,8,4p0FdoSHx6LoKxCwZa5Is8j0L1k=,ebcaE5aKiTac0uDluiO6D5mvkf8=
22,8,4p0FdoSHx6LoKxCwZa5Is8j0L1k=,ebcaE5aKiTac0uDluiO6D5mvkf8=
23,8,4p0FdoSHx6LoKxCwZa5Is8j0L1k=,ebcaE5aKiTac0uDluiO6D5mvkf8=
24,10,4p0FdoSHx6LoKxCwZa5Is8j0L1k=,Av5Ki/cmw8lH8+ZOWO9gY1ulsds=
23,9,4p0FdoSHx6LoKxCwZa5Is8j0L1k=,ebcaE5aKiTac0uDluiO6D5mvkf8=
22,0,4p0FdoSHx6LoKxCwZa5Is8j0L1k=,G9za1z/YieQL+Ap/9dO2dsuJ1Yg=
18,0,4p0FdoSHx6LoKxCwZa5Is8j0L1k=,G9za1z/YieQL+Ap/9dO2dsuJ1Yg=
20,0,4p0FdoSHx6LoKxCwZa5Is8j0L1k=,G9za1z/YieQL+Ap/9dO2dsuJ1Yg=
19,0,4p0FdoSHx6LoKxCwZa5Is8j0L1k=,G9za1z/YieQL+Ap/9dO2dsuJ1Yg=
17,0,4p0FdoSHx6LoKxCwZa5Is8j0L1k=,G9za1z/YieQL+Ap/9dO2dsuJ1Yg=
21,0,4p0FdoSHx6LoKxCwZa5Is8j0L1k=,G9za1z/YieQL+Ap/9dO2dsuJ1Yg=
23,0,4p0FdoSHx6LoKxCwZa5Is8j0L1k=,G9za1z/YieQL+Ap/9dO2dsuJ1Yg=
31,15,4p0FdoSHx6LoKxCwZa5Is8j0L1k=,Av5Ki/cmw8lH8+ZOWO9gY1ulsds=
31,8,4p0FdoSHx6LoKxCwZa5Is8j0L1k=,Av5Ki/cmw8lH8+ZOWO9gY1ulsds=
21,15,4p0FdoSHx6LoKxCwZa5Is8j0L1k=,ebcaE5aKiTac0uDluiO6D5mvkf8=
24,15,4p0FdoSHx6LoKxCwZa5Is8j0L1k=,Av5Ki/cmw8lH8+ZOWO9gY1ulsds=
16,7,4p0FdoSHx6LoKxCwZa5Is8j0L1k=,G9za1z/YieQL+Ap/9dO2dsuJ1Yg=
16,9,4p0FdoSHx6LoKxCwZa5Is8j0L1k=,ebcaE5aKiTac0uDluiO6D5mvkf8=
22,14,4p0FdoSHx6LoKxCwZa5Is8j0L1k=,ebcaE5aKiTac0uDluiO6D5mvkf8=
20,14,4p0FdoSHx6LoKxCwZa5Is8j0L1k=,ebcaE5aKiTac0uDluiO6D5mvkf8=
16,8,4p0FdoSHx6LoKxCwZa5Is8j0L1k=,ebcaE5aKiTac0uDluiO6D5mvkf8=
18,10,4p0FdoSHx6LoKxCwZa5Is8j0L1k=,ebcaE5aKiTac0uDluiO6D5mvkf8=
21,13,4p0FdoSHx6LoKxCwZa5Is8j0L1k=,ebcaE5aKiTac0uDluiO6D5mvkf8=
17,11,4p0FdoSHx6LoKxCwZa5Is8j0L1k=,ebcaE5aKiTac0uDluiO6D5mvkf8=
20,13,4p0FdoSHx6LoKxCwZa5Is8j0L1k=,ebcaE5aKiTac0uDluiO6D5mvkf8=
17,12,4p0FdoSHx6LoKxCwZa5Is8j0L1k=,ebcaE5aKiTac0uDluiO6D5mvkf8=
19,11,4p0FdoSHx6LoKxCwZa5Is8j0L1k=,ebcaE5aKiTac0uDluiO6D5mvkf8=
18,12,4p0FdoSHx6LoKxCwZa5Is8j0L1k=,ebcaE5aKiTac0uDluiO6D5mvkf8=
22,15,4p0FdoSHx6LoKxCwZa5Is8j0L1k=,ebcaE5aKiTac0uDluiO6D5mvkf8=
20,12,4p0FdoSHx6LoKxCwZa5Is8j0L1k=,ebcaE5aKiTac0uDluiO6D5mvkf8=
17,13,4p0FdoSHx6LoKxCwZa5Is8j0L1k=,ebcaE5aKiTac0uDluiO6D5mvkf8=
17,9,4p0FdoSHx6LoKxCwZa5Is8j0L1k=,ebcaE5aKiTac0uDluiO6D5mvkf8=
17,14,4p0FdoSHx6LoKxCwZa5Is8j0L1k=,ebcaE5aKiTac0uDluiO6D5mvkf8=
19,14,4p0FdoSHx6LoKxCwZa5Is8j0L1k=,ebcaE5aKiTac0uDluiO6D5mvkf8=
18,13,4p0FdoSHx6LoKxCwZa5Is8j0L1k=,ebcaE5aKiTac0uDluiO6D5mvkf8=
16,14,4p0FdoSHx6LoKxCwZa5Is8j0L1k=,ebcaE5aKiTac0uDluiO6D5mvkf8=
20,15,4p0FdoSHx6LoKxCwZa5Is8j0L1k=,ebcaE5aKiTac0uDluiO6D5mvkf8=
18,14,4p0FdoSHx6LoKxCwZa5Is8j0L1k=,ebcaE5aKiTac0uDluiO6D5mvkf8=
17,10,4p0FdoSHx6LoKxCwZa5Is8j0L1k=,ebcaE5aKiTac0uDluiO6D5mvkf8=
21,14,4p0FdoSHx6LoKxCwZa5Is8j0L1k=,ebcaE5aKiTac0uDluiO6D5mvkf8=
16,0,4p0FdoSHx6LoKxCwZa5Is8j0L1k=,G9za1z/YieQL+Ap/9dO2dsuJ1Yg=
23,15,4p0FdoSHx6LoKxCwZa5Is8j0L1k=,ebcaE5aKiTac0uDluiO6D5mvkf8=
16,15,4p0FdoSHx6LoKxCwZa5Is8j0L1k=,ebcaE5aKiTac0uDluiO6D5mvkf8=
18,11,4p0FdoSHx6LoKxCwZa5Is8j0L1k=,ebcaE5aKiTac0uDluiO6D5mvkf8=
16,11,4p0FdoSHx6LoKxCwZa5Is8j0L1k=,ebcaE5aKiTac0uDluiO6D5mvkf8=
16,10,4p0FdoSHx6LoKxCwZa5Is8j0L1k=,ebcaE5aKiTac0uDluiO6D5mvkf8=
17,15,4p0FdoSHx6LoKxCwZa5Is8j0L1k=,ebcaE5aKiTac0uDluiO6D5mvkf8=
19,15,4p0FdoSHx6LoKxCwZa5Is8j0L1k=,ebcaE5aKiTac0uDluiO6D5mvkf8=
16,12,4p0FdoSHx6LoKxCwZa5Is8j0L1k=,ebcaE5aKiTac0uDluiO6D5mvkf8=
18,15,4p0FdoSHx6LoKxCwZa5Is8j0L1k=,ebcaE5aKiTac0uDluiO6D5mvkf8=
19,13,4p0FdoSHx6LoKxCwZa5Is8j0L1k=,ebcaE5aKiTac0uDluiO6D5mvkf8=
16,13,4p0FdoSHx6LoKxCwZa5Is8j0L1k=,ebcaE5aKiTac0uDluiO6D5mvkf8=
19,12,4p0FdoSHx6LoKxCwZa5Is8j0L1k=,ebcaE5aKiTac0uDluiO6D5mvkf8=
