-18,1,HLcvYPvitnUpxWka5cbE/jgkWqI=,+QVBZ7SrRCAhZ2Quk7doBvg+n3Q=
-20,14,HLcvYPvitnUpxWka5cbE/jgkWqI=,/X0rlqlTzDlS9AsnVFiSymOQZ0U=
-18,13,HLcvYPvitnUpxWka5cbE/jgkWqI=,/X0rlqlTzDlS9AsnVFiSymOQZ0U=
-18,12,HLcvYPvitnUpxWka5cbE/jgkWqI=,/X0rlqlTzDlS9AsnVFiSymOQZ0U=
-20,12,HLcvYPvitnUpxWka5cbE/jgkWqI=,/X0rlqlTzDlS9AsnVFiSymOQZ0U=
-20,15,HLcvYPvitnUpxWka5cbE/jgkWqI=,/X0rlqlTzDlS9AsnVFiSymOQZ0U=
-19,14,HLcvYPvitnUpxWka5cbE/jgkWqI=,/X0rlqlTzDlS9AsnVFiSymOQZ0U=
-18,14,HLcvYPvitnUpxWka5cbE/jgkWqI=,/X0rlqlTzDlS9AsnVFiSymOQZ0U=
-19,12,HLcvYPvitnUpxWka5cbE/jgkWqI=,/X0rlqlTzDlS9AsnVFiSymOQZ0U=
-19,15,HLcvYPvitnUpxWka5cbE/jgkWqI=,/X0rlqlTzDlS9AsnVFiSymOQZ0U=
-18,15,HLcvYPvitnUpxWka5cbE/jgkWqI=,/X0rlqlTzDlS9AsnVFiSymOQZ0U=
-20,13,HLcvYPvitnUpxWka5cbE/jgkWqI=,/X0rlqlTzDlS9AsnVFiSymOQZ0U=
-19,13,HLcvYPvitnUpxWka5cbE/jgkWqI=,/X0rlqlTzDlS9AsnVFiSymOQZ0U=
-18,2,HLcvYPvitnUpxWka5cbE/jgkWqI=,+QVBZ7SrRCAhZ2Quk7doBvg+n3Q=
-19,3,HLcvYPvitnUpxWka5cbE/jgkWqI=,+QVBZ7SrRCAhZ2Quk7doBvg+n3Q=
-18,3,HLcvYPvitnUpxWka5cbE/jgkWqI=,+QVBZ7SrRCAhZ2Quk7doBvg+n3Q=
-19,0,HLcvYPvitnUpxWka5cbE/jgkWqI=,+QVBZ7SrRCAhZ2Quk7doBvg+n3Q=
-18,0,HLcvYPvitnUpxWka5cbE/jgkWqI=,+QVBZ7SrRCAhZ2Quk7doBvg+n3Q=
-19,1,HLcvYPvitnUpxWka5cbE/jgkWqI=,+QVBZ7SrRCAhZ2Quk7doBvg+n3Q=
-19,2,HLcvYPvitnUpxWka5cbE/jgkWqI=,+QVBZ7SrRCAhZ2Quk7doBvg+n3Q=
-20,2,HLcvYPvitnUpxWka5cbE/jgkWqI=,+QVBZ7SrRCAhZ2Quk7doBvg+n3Q=
-20,1,HLcvYPvitnUpxWka5cbE/jgkWqI=,+QVBZ7SrRCAhZ2Quk7doBvg+n3Q=
-20,3,HLcvYPvitnUpxWka5cbE/jgkWqI=,+QVBZ7SrRCAhZ2Quk7doBvg+n3Q=
-20,0,HLcvYPvitnUpxWka5cbE/jgkWqI=,+QVBZ7SrRCAhZ2Quk7doBvg+n3Q=
-17,14,HLcvYPvitnUpxWka5cbE/jgkWqI=,/X0rlqlTzDlS9AsnVFiSymOQZ0U=
-17,12,HLcvYPvitnUpxWka5cbE/jgkWqI=,/X0rlqlTzDlS9AsnVFiSymOQZ0U=
-17,15,HLcvYPvitnUpxWka5cbE/jgkWqI=,/X0rlqlTzDlS9AsnVFiSymOQZ0U=
-17,13,HLcvYPvitnUpxWka5cbE/jgkWqI=,/X0rlqlTzDlS9AsnVFiSymOQZ0U=
-17,1,HLcvYPvitnUpxWka5cbE/jgkWqI=,+QVBZ7SrRCAhZ2Quk7doBvg+n3Q=
-17,0,HLcvYPvitnUpxWka5cbE/jgkWqI=,+QVBZ7SrRCAhZ2Quk7doBvg+n3Q=
-17,2,HLcvYPvitnUpxWka5cbE/jgkWqI=,+QVBZ7SrRCAhZ2Quk7doBvg+n3Q=
-17,3,HLcvYPvitnUpxWka5cbE/jgkWqI=,+QVBZ7SrRCAhZ2Quk7doBvg+n3Q=
-7,17,ou0OlOffZsIzq9frYTwiEi5vT/U=,BILxymwzL0SZ4b/rwYBM5htuWlk=
-7,23,ou0OlOffZsIzq9frYTwiEi5vT/U=,35lOSsbT90hfdPZ0w+MKy9oWNqE=
-6,23,ou0OlOffZsIzq9frYTwiEi5vT/U=,35lOSsbT90hfdPZ0w+MKy9oWNqE=
-7,20,ou0OlOffZsIzq9frYTwiEi5vT/U=,35lOSsbT90hfdPZ0w+MKy9oWNqE=
-6,20,ou0OlOffZsIzq9frYTwiEi5vT/U=,35lOSsbT90hfdPZ0w+MKy9oWNqE=
-7,21,ou0OlOffZsIzq9frYTwiEi5vT/U=,35lOSsbT90hfdPZ0w+MKy9oWNqE=
-6,21,ou0OlOffZsIzq9frYTwiEi5vT/U=,35lOSsbT90hfdPZ0w+MKy9oWNqE=
-7,19,ou0OlOffZsIzq9frYTwiEi5vT/U=,BILxymwzL0SZ4b/rwYBM5htuWlk=
-6,19,ou0OlOffZsIzq9frYTwiEi5vT/U=,BILxymwzL0SZ4b/rwYBM5htuWlk=
-7,22,ou0OlOffZsIzq9frYTwiEi5vT/U=,35lOSsbT90hfdPZ0w+MKy9oWNqE=
-6,22,ou0OlOffZsIzq9frYTwiEi5vT/U=,35lOSsbT90hfdPZ0w+MKy9oWNqE=
-6,17,ou0OlOffZsIzq9frYTwiEi5vT/U=,BILxymwzL0SZ4b/rwYBM5htuWlk=
-7,18,ou0OlOffZsIzq9frYTwiEi5vT/U=,BILxymwzL0SZ4b/rwYBM5htuWlk=
-6,18,ou0OlOffZsIzq9frYTwiEi5vT/U=,BILxymwzL0SZ4b/rwYBM5htuWlk=
-2,29,ou0OlOffZsIzq9frYTwiEi5vT/U=,ZYQVIcAESSmvPJD4hAQRjfhWwbY=
-3,30,ou0OlOffZsIzq9frYTwiEi5vT/U=,ZYQVIcAESSmvPJD4hAQRjfhWwbY=
-2,30,ou0OlOffZsIzq9frYTwiEi5vT/U=,ZYQVIcAESSmvPJD4hAQRjfhWwbY=
-3,29,ou0OlOffZsIzq9frYTwiEi5vT/U=,ZYQVIcAESSmvPJD4hAQRjfhWwbY=
-5,21,ou0OlOffZsIzq9frYTwiEi5vT/U=,35lOSsbT90hfdPZ0w+MKy9oWNqE=
-5,22,ou0OlOffZsIzq9frYTwiEi5vT/U=,35lOSsbT90hfdPZ0w+MKy9oWNqE=
-4,24,ou0OlOffZsIzq9frYTwiEi5vT/U=,RY/SUH8BVA/EFMt6n0L2t/35tT4=
-4,25,ou0OlOffZsIzq9frYTwiEi5vT/U=,RY/SUH8BVA/EFMt6n0L2t/35tT4=
-5,23,ou0OlOffZsIzq9frYTwiEi5vT/U=,35lOSsbT90hfdPZ0w+MKy9oWNqE=
-4,23,ou0OlOffZsIzq9frYTwiEi5vT/U=,+d4qGCfgUkuo2SBrwxl3/uc0L2Y=
-3,28,ou0OlOffZsIzq9frYTwiEi5vT/U=,ZYQVIcAESSmvPJD4hAQRjfhWwbY=
-4,26,ou0OlOffZsIzq9frYTwiEi5vT/U=,RY/SUH8BVA/EFMt6n0L2t/35tT4=
-3,26,ou0OlOffZsIzq9frYTwiEi5vT/U=,RY/SUH8BVA/EFMt6n0L2t/35tT4=
-3,27,ou0OlOffZsIzq9frYTwiEi5vT/U=,RY/SUH8BVA/EFMt6n0L2t/35tT4=
-5,17,ou0OlOffZsIzq9frYTwiEi5vT/U=,BILxymwzL0SZ4b/rwYBM5htuWlk=
-5,20,ou0OlOffZsIzq9frYTwiEi5vT/U=,35lOSsbT90hfdPZ0w+MKy9oWNqE=
-5,18,ou0OlOffZsIzq9frYTwiEi5vT/U=,BILxymwzL0SZ4b/rwYBM5htuWlk=
-4,17,ou0OlOffZsIzq9frYTwiEi5vT/U=,cDQRSlHwkhF7Su9sPKADpO3mi+g=
-3,17,ou0OlOffZsIzq9frYTwiEi5vT/U=,cDQRSlHwkhF7Su9sPKADpO3mi+g=
-2,28,ou0OlOffZsIzq9frYTwiEi5vT/U=,ZYQVIcAESSmvPJD4hAQRjfhWwbY=
-2,27,ou0OlOffZsIzq9frYTwiEi5vT/U=,RY/SUH8BVA/EFMt6n0L2t/35tT4=
-4,22,ou0OlOffZsIzq9frYTwiEi5vT/U=,+d4qGCfgUkuo2SBrwxl3/uc0L2Y=
-3,25,ou0OlOffZsIzq9frYTwiEi5vT/U=,RY/SUH8BVA/EFMt6n0L2t/35tT4=
-3,16,ou0OlOffZsIzq9frYTwiEi5vT/U=,cDQRSlHwkhF7Su9sPKADpO3mi+g=
-4,16,ou0OlOffZsIzq9frYTwiEi5vT/U=,cDQRSlHwkhF7Su9sPKADpO3mi+g=
-7,16,ou0OlOffZsIzq9frYTwiEi5vT/U=,BILxymwzL0SZ4b/rwYBM5htuWlk=
-6,16,ou0OlOffZsIzq9frYTwiEi5vT/U=,BILxymwzL0SZ4b/rwYBM5htuWlk=
-5,16,ou0OlOffZsIzq9frYTwiEi5vT/U=,BILxymwzL0SZ4b/rwYBM5htuWlk=
-3,23,ou0OlOffZsIzq9frYTwiEi5vT/U=,+d4qGCfgUkuo2SBrwxl3/uc0L2Y=
-3,22,ou0OlOffZsIzq9frYTwiEi5vT/U=,+d4qGCfgUkuo2SBrwxl3/uc0L2Y=
-3,24,ou0OlOffZsIzq9frYTwiEi5vT/U=,RY/SUH8BVA/EFMt6n0L2t/35tT4=
-5,19,ou0OlOffZsIzq9frYTwiEi5vT/U=,BILxymwzL0SZ4b/rwYBM5htuWlk=
-1,29,ou0OlOffZsIzq9frYTwiEi5vT/U=,ZYQVIcAESSmvPJD4hAQRjfhWwbY=
-1,28,ou0OlOffZsIzq9frYTwiEi5vT/U=,ZYQVIcAESSmvPJD4hAQRjfhWwbY=
-1,27,ou0OlOffZsIzq9frYTwiEi5vT/U=,RY/SUH8BVA/EFMt6n0L2t/35tT4=
-1,30,ou0OlOffZsIzq9frYTwiEi5vT/U=,ZYQVIcAESSmvPJD4hAQRjfhWwbY=
-3,31,ou0OlOffZsIzq9frYTwiEi5vT/U=,ZYQVIcAESSmvPJD4hAQRjfhWwbY=
-2,31,ou0OlOffZsIzq9frYTwiEi5vT/U=,ZYQVIcAESSmvPJD4hAQRjfhWwbY=
-14,22,SIbbm4zOwbosGWOwae81XCWl+A4=,kHiM85CgCYHuqD0gVMwRlnk7o5Y=
-15,21,SIbbm4zOwbosGWOwae81XCWl+A4=,kHiM85CgCYHuqD0gVMwRlnk7o5Y=
-14,21,SIbbm4zOwbosGWOwae81XCWl+A4=,kHiM85CgCYHuqD0gVMwRlnk7o5Y=
-15,22,SIbbm4zOwbosGWOwae81XCWl+A4=,kHiM85CgCYHuqD0gVMwRlnk7o5Y=
-4,18,ou0OlOffZsIzq9frYTwiEi5vT/U=,cDQRSlHwkhF7Su9sPKADpO3mi+g=
-4,21,ou0OlOffZsIzq9frYTwiEi5vT/U=,+d4qGCfgUkuo2SBrwxl3/uc0L2Y=
-14,25,SIbbm4zOwbosGWOwae81XCWl+A4=,pfhkOtM5Ah8MV8GeYebYn4Tw1JY=
-15,24,SIbbm4zOwbosGWOwae81XCWl+A4=,pfhkOtM5Ah8MV8GeYebYn4Tw1JY=
-14,23,SIbbm4zOwbosGWOwae81XCWl+A4=,kHiM85CgCYHuqD0gVMwRlnk7o5Y=
-15,23,SIbbm4zOwbosGWOwae81XCWl+A4=,kHiM85CgCYHuqD0gVMwRlnk7o5Y=
-14,26,SIbbm4zOwbosGWOwae81XCWl+A4=,pfhkOtM5Ah8MV8GeYebYn4Tw1JY=
-14,24,SIbbm4zOwbosGWOwae81XCWl+A4=,pfhkOtM5Ah8MV8GeYebYn4Tw1JY=
-15,25,SIbbm4zOwbosGWOwae81XCWl+A4=,pfhkOtM5Ah8MV8GeYebYn4Tw1JY=
-15,26,SIbbm4zOwbosGWOwae81XCWl+A4=,pfhkOtM5Ah8MV8GeYebYn4Tw1JY=
-1,26,ou0OlOffZsIzq9frYTwiEi5vT/U=,RY/SUH8BVA/EFMt6n0L2t/35tT4=
-8,17,ou0OlOffZsIzq9frYTwiEi5vT/U=,BILxymwzL0SZ4b/rwYBM5htuWlk=
-8,18,ou0OlOffZsIzq9frYTwiEi5vT/U=,BILxymwzL0SZ4b/rwYBM5htuWlk=
-13,25,SIbbm4zOwbosGWOwae81XCWl+A4=,pfhkOtM5Ah8MV8GeYebYn4Tw1JY=
-12,25,SIbbm4zOwbosGWOwae81XCWl+A4=,iyTmLV7npcyXA7R2n/HjOtdx4d4=
-11,25,SIbbm4zOwbosGWOwae81XCWl+A4=,iyTmLV7npcyXA7R2n/HjOtdx4d4=
-10,25,SIbbm4zOwbosGWOwae81XCWl+A4=,iyTmLV7npcyXA7R2n/HjOtdx4d4=
-9,25,ou0OlOffZsIzq9frYTwiEi5vT/U=,iyTmLV7npcyXA7R2n/HjOtdx4d4=
-12,26,SIbbm4zOwbosGWOwae81XCWl+A4=,iyTmLV7npcyXA7R2n/HjOtdx4d4=
-13,26,SIbbm4zOwbosGWOwae81XCWl+A4=,pfhkOtM5Ah8MV8GeYebYn4Tw1JY=
-11,26,SIbbm4zOwbosGWOwae81XCWl+A4=,iyTmLV7npcyXA7R2n/HjOtdx4d4=
-10,26,SIbbm4zOwbosGWOwae81XCWl+A4=,iyTmLV7npcyXA7R2n/HjOtdx4d4=
-9,26,ou0OlOffZsIzq9frYTwiEi5vT/U=,iyTmLV7npcyXA7R2n/HjOtdx4d4=
-11,27,SIbbm4zOwbosGWOwae81XCWl+A4=,iyTmLV7npcyXA7R2n/HjOtdx4d4=
-10,27,SIbbm4zOwbosGWOwae81XCWl+A4=,iyTmLV7npcyXA7R2n/HjOtdx4d4=
-14,20,ou0OlOffZsIzq9frYTwiEi5vT/U=,kHiM85CgCYHuqD0gVMwRlnk7o5Y=
-15,20,ou0OlOffZsIzq9frYTwiEi5vT/U=,kHiM85CgCYHuqD0gVMwRlnk7o5Y=
-16,21,ou0OlOffZsIzq9frYTwiEi5vT/U=,kHiM85CgCYHuqD0gVMwRlnk7o5Y=
-16,22,ou0OlOffZsIzq9frYTwiEi5vT/U=,kHiM85CgCYHuqD0gVMwRlnk7o5Y=
-16,24,ou0OlOffZsIzq9frYTwiEi5vT/U=,pfhkOtM5Ah8MV8GeYebYn4Tw1JY=
-16,25,ou0OlOffZsIzq9frYTwiEi5vT/U=,pfhkOtM5Ah8MV8GeYebYn4Tw1JY=
-16,26,ou0OlOffZsIzq9frYTwiEi5vT/U=,pfhkOtM5Ah8MV8GeYebYn4Tw1JY=
-16,23,ou0OlOffZsIzq9frYTwiEi5vT/U=,kHiM85CgCYHuqD0gVMwRlnk7o5Y=
-15,27,ou0OlOffZsIzq9frYTwiEi5vT/U=,pfhkOtM5Ah8MV8GeYebYn4Tw1JY=
-14,27,ou0OlOffZsIzq9frYTwiEi5vT/U=,pfhkOtM5Ah8MV8GeYebYn4Tw1JY=
-13,27,ou0OlOffZsIzq9frYTwiEi5vT/U=,pfhkOtM5Ah8MV8GeYebYn4Tw1JY=
-12,27,ou0OlOffZsIzq9frYTwiEi5vT/U=,iyTmLV7npcyXA7R2n/HjOtdx4d4=
-16,27,ou0OlOffZsIzq9frYTwiEi5vT/U=,pfhkOtM5Ah8MV8GeYebYn4Tw1JY=
-8,16,ou0OlOffZsIzq9frYTwiEi5vT/U=,BILxymwzL0SZ4b/rwYBM5htuWlk=
-1,31,ou0OlOffZsIzq9frYTwiEi5vT/U=,ZYQVIcAESSmvPJD4hAQRjfhWwbY=
-4,30,ou0OlOffZsIzq9frYTwiEi5vT/U=,ZYQVIcAESSmvPJD4hAQRjfhWwbY=
-4,28,ou0OlOffZsIzq9frYTwiEi5vT/U=,ZYQVIcAESSmvPJD4hAQRjfhWwbY=
-4,27,ou0OlOffZsIzq9frYTwiEi5vT/U=,RY/SUH8BVA/EFMt6n0L2t/35tT4=
-4,29,ou0OlOffZsIzq9frYTwiEi5vT/U=,ZYQVIcAESSmvPJD4hAQRjfhWwbY=
-9,27,ou0OlOffZsIzq9frYTwiEi5vT/U=,iyTmLV7npcyXA7R2n/HjOtdx4d4=
-4,31,ou0OlOffZsIzq9frYTwiEi5vT/U=,ZYQVIcAESSmvPJD4hAQRjfhWwbY=
-16,20,ou0OlOffZsIzq9frYTwiEi5vT/U=,kHiM85CgCYHuqD0gVMwRlnk7o5Y=
-10,21,ou0OlOffZsIzq9frYTwiEi5vT/U=,5KR30kAIXb8hW+sxVtN2mNVDtAs=
-9,21,ou0OlOffZsIzq9frYTwiEi5vT/U=,5KR30kAIXb8hW+sxVtN2mNVDtAs=
-12,24,ou0OlOffZsIzq9frYTwiEi5vT/U=,iyTmLV7npcyXA7R2n/HjOtdx4d4=
-8,23,ou0OlOffZsIzq9frYTwiEi5vT/U=,35lOSsbT90hfdPZ0w+MKy9oWNqE=
-12,23,ou0OlOffZsIzq9frYTwiEi5vT/U=,5KR30kAIXb8hW+sxVtN2mNVDtAs=
-11,24,ou0OlOffZsIzq9frYTwiEi5vT/U=,iyTmLV7npcyXA7R2n/HjOtdx4d4=
-10,24,ou0OlOffZsIzq9frYTwiEi5vT/U=,iyTmLV7npcyXA7R2n/HjOtdx4d4=
-9,24,ou0OlOffZsIzq9frYTwiEi5vT/U=,iyTmLV7npcyXA7R2n/HjOtdx4d4=
-13,22,ou0OlOffZsIzq9frYTwiEi5vT/U=,kHiM85CgCYHuqD0gVMwRlnk7o5Y=
-8,20,ou0OlOffZsIzq9frYTwiEi5vT/U=,35lOSsbT90hfdPZ0w+MKy9oWNqE=
-11,23,ou0OlOffZsIzq9frYTwiEi5vT/U=,5KR30kAIXb8hW+sxVtN2mNVDtAs=
-10,20,ou0OlOffZsIzq9frYTwiEi5vT/U=,5KR30kAIXb8hW+sxVtN2mNVDtAs=
-12,22,ou0OlOffZsIzq9frYTwiEi5vT/U=,5KR30kAIXb8hW+sxVtN2mNVDtAs=
-9,20,ou0OlOffZsIzq9frYTwiEi5vT/U=,5KR30kAIXb8hW+sxVtN2mNVDtAs=
-12,21,ou0OlOffZsIzq9frYTwiEi5vT/U=,5KR30kAIXb8hW+sxVtN2mNVDtAs=
-11,22,ou0OlOffZsIzq9frYTwiEi5vT/U=,5KR30kAIXb8hW+sxVtN2mNVDtAs=
-8,21,ou0OlOffZsIzq9frYTwiEi5vT/U=,35lOSsbT90hfdPZ0w+MKy9oWNqE=
-12,20,ou0OlOffZsIzq9frYTwiEi5vT/U=,5KR30kAIXb8hW+sxVtN2mNVDtAs=
-10,23,ou0OlOffZsIzq9frYTwiEi5vT/U=,5KR30kAIXb8hW+sxVtN2mNVDtAs=
-13,21,ou0OlOffZsIzq9frYTwiEi5vT/U=,kHiM85CgCYHuqD0gVMwRlnk7o5Y=
-11,21,ou0OlOffZsIzq9frYTwiEi5vT/U=,5KR30kAIXb8hW+sxVtN2mNVDtAs=
-8,19,ou0OlOffZsIzq9frYTwiEi5vT/U=,BILxymwzL0SZ4b/rwYBM5htuWlk=
-13,20,ou0OlOffZsIzq9frYTwiEi5vT/U=,kHiM85CgCYHuqD0gVMwRlnk7o5Y=
-8,22,ou0OlOffZsIzq9frYTwiEi5vT/U=,35lOSsbT90hfdPZ0w+MKy9oWNqE=
-13,24,ou0OlOffZsIzq9frYTwiEi5vT/U=,pfhkOtM5Ah8MV8GeYebYn4Tw1JY=
-11,20,ou0OlOffZsIzq9frYTwiEi5vT/U=,5KR30kAIXb8hW+sxVtN2mNVDtAs=
-10,22,ou0OlOffZsIzq9frYTwiEi5vT/U=,5KR30kAIXb8hW+sxVtN2mNVDtAs=
-9,22,ou0OlOffZsIzq9frYTwiEi5vT/U=,5KR30kAIXb8hW+sxVtN2mNVDtAs=
-9,23,ou0OlOffZsIzq9frYTwiEi5vT/U=,5KR30kAIXb8hW+sxVtN2mNVDtAs=
-13,23,ou0OlOffZsIzq9frYTwiEi5vT/U=,kHiM85CgCYHuqD0gVMwRlnk7o5Y=
-3,18,ou0OlOffZsIzq9frYTwiEi5vT/U=,cDQRSlHwkhF7Su9sPKADpO3mi+g=
-1,22,ou0OlOffZsIzq9frYTwiEi5vT/U=,+d4qGCfgUkuo2SBrwxl3/uc0L2Y=
-3,21,ou0OlOffZsIzq9frYTwiEi5vT/U=,+d4qGCfgUkuo2SBrwxl3/uc0L2Y=
-2,18,ou0OlOffZsIzq9frYTwiEi5vT/U=,cDQRSlHwkhF7Su9sPKADpO3mi+g=
-3,20,ou0OlOffZsIzq9frYTwiEi5vT/U=,+d4qGCfgUkuo2SBrwxl3/uc0L2Y=
-2,17,ou0OlOffZsIzq9frYTwiEi5vT/U=,cDQRSlHwkhF7Su9sPKADpO3mi+g=
-1,20,ou0OlOffZsIzq9frYTwiEi5vT/U=,+d4qGCfgUkuo2SBrwxl3/uc0L2Y=
-2,22,ou0OlOffZsIzq9frYTwiEi5vT/U=,+d4qGCfgUkuo2SBrwxl3/uc0L2Y=
-2,16,ou0OlOffZsIzq9frYTwiEi5vT/U=,cDQRSlHwkhF7Su9sPKADpO3mi+g=
-1,19,ou0OlOffZsIzq9frYTwiEi5vT/U=,cDQRSlHwkhF7Su9sPKADpO3mi+g=
-1,18,ou0OlOffZsIzq9frYTwiEi5vT/U=,cDQRSlHwkhF7Su9sPKADpO3mi+g=
-2,23,ou0OlOffZsIzq9frYTwiEi5vT/U=,+d4qGCfgUkuo2SBrwxl3/uc0L2Y=
-1,21,ou0OlOffZsIzq9frYTwiEi5vT/U=,+d4qGCfgUkuo2SBrwxl3/uc0L2Y=
-2,25,ou0OlOffZsIzq9frYTwiEi5vT/U=,RY/SUH8BVA/EFMt6n0L2t/35tT4=
-1,23,ou0OlOffZsIzq9frYTwiEi5vT/U=,+d4qGCfgUkuo2SBrwxl3/uc0L2Y=
-2,19,ou0OlOffZsIzq9frYTwiEi5vT/U=,cDQRSlHwkhF7Su9sPKADpO3mi+g=
-4,19,ou0OlOffZsIzq9frYTwiEi5vT/U=,cDQRSlHwkhF7Su9sPKADpO3mi+g=
-2,24,ou0OlOffZsIzq9frYTwiEi5vT/U=,RY/SUH8BVA/EFMt6n0L2t/35tT4=
-3,19,ou0OlOffZsIzq9frYTwiEi5vT/U=,cDQRSlHwkhF7Su9sPKADpO3mi+g=
-2,26,ou0OlOffZsIzq9frYTwiEi5vT/U=,RY/SUH8BVA/EFMt6n0L2t/35tT4=
-2,21,ou0OlOffZsIzq9frYTwiEi5vT/U=,+d4qGCfgUkuo2SBrwxl3/uc0L2Y=
-4,20,ou0OlOffZsIzq9frYTwiEi5vT/U=,+d4qGCfgUkuo2SBrwxl3/uc0L2Y=
-1,16,ou0OlOffZsIzq9frYTwiEi5vT/U=,cDQRSlHwkhF7Su9sPKADpO3mi+g=
-2,20,ou0OlOffZsIzq9frYTwiEi5vT/U=,+d4qGCfgUkuo2SBrwxl3/uc0L2Y=
-1,25,ou0OlOffZsIzq9frYTwiEi5vT/U=,RY/SUH8BVA/EFMt6n0L2t/35tT4=
-1,17,ou0OlOffZsIzq9frYTwiEi5vT/U=,cDQRSlHwkhF7Su9sPKADpO3mi+g=
-1,24,ou0OlOffZsIzq9frYTwiEi5vT/U=,RY/SUH8BVA/EFMt6n0L2t/35tT4=
-10,7,eabnaCBhCg+XubVEJf5BiJgmfWI=,/uNSrvA07CmT9ogD3ceEBeTSVsU=
-10,8,eabnaCBhCg+XubVEJf5BiJgmfWI=,VvfBI52A2iHB1cHGaYpcQz73okk=
-10,9,eabnaCBhCg+XubVEJf5BiJgmfWI=,VvfBI52A2iHB1cHGaYpcQz73okk=
-9,6,eabnaCBhCg+XubVEJf5BiJgmfWI=,/uNSrvA07CmT9ogD3ceEBeTSVsU=
-7,6,qtGeVLsi/hDbhuw3yiR3NcWvGiw=,/hMIaqi6slMFhhKAY4ATBW3OgoA=
-8,5,eabnaCBhCg+XubVEJf5BiJgmfWI=,/hMIaqi6slMFhhKAY4ATBW3OgoA=
-9,5,qtGeVLsi/hDbhuw3yiR3NcWvGiw=,/uNSrvA07CmT9ogD3ceEBeTSVsU=
-7,5,qtGeVLsi/hDbhuw3yiR3NcWvGiw=,/hMIaqi6slMFhhKAY4ATBW3OgoA=
-8,6,qtGeVLsi/hDbhuw3yiR3NcWvGiw=,/hMIaqi6slMFhhKAY4ATBW3OgoA=
-10,6,5gvk7+yPhqx2TcxtGKbUWpbnIKw=,/uNSrvA07CmT9ogD3ceEBeTSVsU=
-9,7,5gvk7+yPhqx2TcxtGKbUWpbnIKw=,/uNSrvA07CmT9ogD3ceEBeTSVsU=
-7,9,wO9sAlUFMy0sHIgktQGNi5cLWsQ=,V6n4ltoXxavnJ5emdV4tD4v1gSk=
-8,7,wO9sAlUFMy0sHIgktQGNi5cLWsQ=,/hMIaqi6slMFhhKAY4ATBW3OgoA=
-7,7,5gvk7+yPhqx2TcxtGKbUWpbnIKw=,/hMIaqi6slMFhhKAY4ATBW3OgoA=
-9,9,5gvk7+yPhqx2TcxtGKbUWpbnIKw=,VvfBI52A2iHB1cHGaYpcQz73okk=
-5,10,5gvk7+yPhqx2TcxtGKbUWpbnIKw=,V6n4ltoXxavnJ5emdV4tD4v1gSk=
-4,10,5gvk7+yPhqx2TcxtGKbUWpbnIKw=,AEIdPyDm9uFQc+bUZrk3wn8fxMQ=
-8,9,wO9sAlUFMy0sHIgktQGNi5cLWsQ=,V6n4ltoXxavnJ5emdV4tD4v1gSk=
-9,8,5gvk7+yPhqx2TcxtGKbUWpbnIKw=,VvfBI52A2iHB1cHGaYpcQz73okk=
-6,10,5gvk7+yPhqx2TcxtGKbUWpbnIKw=,V6n4ltoXxavnJ5emdV4tD4v1gSk=
-7,8,wO9sAlUFMy0sHIgktQGNi5cLWsQ=,V6n4ltoXxavnJ5emdV4tD4v1gSk=
-7,14,5gvk7+yPhqx2TcxtGKbUWpbnIKw=,4CAGCDDnkt9XmNmpZBIyXJajgKo=
-6,14,5gvk7+yPhqx2TcxtGKbUWpbnIKw=,4CAGCDDnkt9XmNmpZBIyXJajgKo=
-7,13,5gvk7+yPhqx2TcxtGKbUWpbnIKw=,4CAGCDDnkt9XmNmpZBIyXJajgKo=
-7,12,5gvk7+yPhqx2TcxtGKbUWpbnIKw=,4CAGCDDnkt9XmNmpZBIyXJajgKo=
-6,13,5gvk7+yPhqx2TcxtGKbUWpbnIKw=,4CAGCDDnkt9XmNmpZBIyXJajgKo=
-6,12,5gvk7+yPhqx2TcxtGKbUWpbnIKw=,4CAGCDDnkt9XmNmpZBIyXJajgKo=
-8,8,wO9sAlUFMy0sHIgktQGNi5cLWsQ=,V6n4ltoXxavnJ5emdV4tD4v1gSk=
-8,12,5gvk7+yPhqx2TcxtGKbUWpbnIKw=,4CAGCDDnkt9XmNmpZBIyXJajgKo=
-11,11,5gvk7+yPhqx2TcxtGKbUWpbnIKw=,VvfBI52A2iHB1cHGaYpcQz73okk=
-11,14,5gvk7+yPhqx2TcxtGKbUWpbnIKw=,gI15PRYFRrDrQfN8FUiOseqwAPI=
-10,14,5gvk7+yPhqx2TcxtGKbUWpbnIKw=,gI15PRYFRrDrQfN8FUiOseqwAPI=
-9,14,5gvk7+yPhqx2TcxtGKbUWpbnIKw=,gI15PRYFRrDrQfN8FUiOseqwAPI=
-8,11,5gvk7+yPhqx2TcxtGKbUWpbnIKw=,V6n4ltoXxavnJ5emdV4tD4v1gSk=
-9,11,5gvk7+yPhqx2TcxtGKbUWpbnIKw=,VvfBI52A2iHB1cHGaYpcQz73okk=
-10,11,5gvk7+yPhqx2TcxtGKbUWpbnIKw=,VvfBI52A2iHB1cHGaYpcQz73okk=
-11,12,5gvk7+yPhqx2TcxtGKbUWpbnIKw=,gI15PRYFRrDrQfN8FUiOseqwAPI=
-7,11,5gvk7+yPhqx2TcxtGKbUWpbnIKw=,V6n4ltoXxavnJ5emdV4tD4v1gSk=
-8,13,5gvk7+yPhqx2TcxtGKbUWpbnIKw=,4CAGCDDnkt9XmNmpZBIyXJajgKo=
-8,10,5gvk7+yPhqx2TcxtGKbUWpbnIKw=,V6n4ltoXxavnJ5emdV4tD4v1gSk=
-5,8,5gvk7+yPhqx2TcxtGKbUWpbnIKw=,V6n4ltoXxavnJ5emdV4tD4v1gSk=
-6,9,5gvk7+yPhqx2TcxtGKbUWpbnIKw=,V6n4ltoXxavnJ5emdV4tD4v1gSk=
-6,8,5gvk7+yPhqx2TcxtGKbUWpbnIKw=,V6n4ltoXxavnJ5emdV4tD4v1gSk=
-5,9,5gvk7+yPhqx2TcxtGKbUWpbnIKw=,V6n4ltoXxavnJ5emdV4tD4v1gSk=
-7,10,5gvk7+yPhqx2TcxtGKbUWpbnIKw=,V6n4ltoXxavnJ5emdV4tD4v1gSk=
-9,10,5gvk7+yPhqx2TcxtGKbUWpbnIKw=,VvfBI52A2iHB1cHGaYpcQz73okk=
-10,10,5gvk7+yPhqx2TcxtGKbUWpbnIKw=,VvfBI52A2iHB1cHGaYpcQz73okk=
-10,12,5gvk7+yPhqx2TcxtGKbUWpbnIKw=,gI15PRYFRrDrQfN8FUiOseqwAPI=
-9,12,5gvk7+yPhqx2TcxtGKbUWpbnIKw=,gI15PRYFRrDrQfN8FUiOseqwAPI=
-11,13,5gvk7+yPhqx2TcxtGKbUWpbnIKw=,gI15PRYFRrDrQfN8FUiOseqwAPI=
-10,13,5gvk7+yPhqx2TcxtGKbUWpbnIKw=,gI15PRYFRrDrQfN8FUiOseqwAPI=
-8,14,5gvk7+yPhqx2TcxtGKbUWpbnIKw=,4CAGCDDnkt9XmNmpZBIyXJajgKo=
-9,13,5gvk7+yPhqx2TcxtGKbUWpbnIKw=,gI15PRYFRrDrQfN8FUiOseqwAPI=
-3,7,5gvk7+yPhqx2TcxtGKbUWpbnIKw=,GZOq4b/yYWWUSdvx05P4VtCc1nI=
-3,9,5gvk7+yPhqx2TcxtGKbUWpbnIKw=,AEIdPyDm9uFQc+bUZrk3wn8fxMQ=
-4,9,5gvk7+yPhqx2TcxtGKbUWpbnIKw=,AEIdPyDm9uFQc+bUZrk3wn8fxMQ=
-4,8,5gvk7+yPhqx2TcxtGKbUWpbnIKw=,AEIdPyDm9uFQc+bUZrk3wn8fxMQ=
-4,7,5gvk7+yPhqx2TcxtGKbUWpbnIKw=,GZOq4b/yYWWUSdvx05P4VtCc1nI=
-12,6,5gvk7+yPhqx2TcxtGKbUWpbnIKw=,/uNSrvA07CmT9ogD3ceEBeTSVsU=
-15,5,5gvk7+yPhqx2TcxtGKbUWpbnIKw=,szjAK4Jv+mP82/au0DRy2plzxsI=
-14,5,5gvk7+yPhqx2TcxtGKbUWpbnIKw=,szjAK4Jv+mP82/au0DRy2plzxsI=
-15,6,5gvk7+yPhqx2TcxtGKbUWpbnIKw=,szjAK4Jv+mP82/au0DRy2plzxsI=
-14,6,5gvk7+yPhqx2TcxtGKbUWpbnIKw=,szjAK4Jv+mP82/au0DRy2plzxsI=
-13,6,5gvk7+yPhqx2TcxtGKbUWpbnIKw=,szjAK4Jv+mP82/au0DRy2plzxsI=
-12,5,5gvk7+yPhqx2TcxtGKbUWpbnIKw=,/uNSrvA07CmT9ogD3ceEBeTSVsU=
-13,5,5gvk7+yPhqx2TcxtGKbUWpbnIKw=,szjAK4Jv+mP82/au0DRy2plzxsI=
-5,7,5gvk7+yPhqx2TcxtGKbUWpbnIKw=,/hMIaqi6slMFhhKAY4ATBW3OgoA=
-3,8,5gvk7+yPhqx2TcxtGKbUWpbnIKw=,AEIdPyDm9uFQc+bUZrk3wn8fxMQ=
-6,7,5gvk7+yPhqx2TcxtGKbUWpbnIKw=,/hMIaqi6slMFhhKAY4ATBW3OgoA=
-4,6,5gvk7+yPhqx2TcxtGKbUWpbnIKw=,GZOq4b/yYWWUSdvx05P4VtCc1nI=
-12,14,5gvk7+yPhqx2TcxtGKbUWpbnIKw=,gI15PRYFRrDrQfN8FUiOseqwAPI=
-14,13,5gvk7+yPhqx2TcxtGKbUWpbnIKw=,Q5l9ALP6MIbuMhsq9pPZ3bs/XX0=
-13,13,5gvk7+yPhqx2TcxtGKbUWpbnIKw=,Q5l9ALP6MIbuMhsq9pPZ3bs/XX0=
-14,14,5gvk7+yPhqx2TcxtGKbUWpbnIKw=,Q5l9ALP6MIbuMhsq9pPZ3bs/XX0=
-13,14,5gvk7+yPhqx2TcxtGKbUWpbnIKw=,Q5l9ALP6MIbuMhsq9pPZ3bs/XX0=
-6,5,eabnaCBhCg+XubVEJf5BiJgmfWI=,/hMIaqi6slMFhhKAY4ATBW3OgoA=
-6,6,5gvk7+yPhqx2TcxtGKbUWpbnIKw=,/hMIaqi6slMFhhKAY4ATBW3OgoA=
-5,4,5gvk7+yPhqx2TcxtGKbUWpbnIKw=,/hMIaqi6slMFhhKAY4ATBW3OgoA=
-14,1,5gvk7+yPhqx2TcxtGKbUWpbnIKw=,VVRFP14PPEgL2aN4UVXvAc8JcUk=
-14,3,5gvk7+yPhqx2TcxtGKbUWpbnIKw=,VVRFP14PPEgL2aN4UVXvAc8JcUk=
-14,2,5gvk7+yPhqx2TcxtGKbUWpbnIKw=,VVRFP14PPEgL2aN4UVXvAc8JcUk=
-15,4,5gvk7+yPhqx2TcxtGKbUWpbnIKw=,szjAK4Jv+mP82/au0DRy2plzxsI=
-14,4,5gvk7+yPhqx2TcxtGKbUWpbnIKw=,szjAK4Jv+mP82/au0DRy2plzxsI=
-15,2,5gvk7+yPhqx2TcxtGKbUWpbnIKw=,VVRFP14PPEgL2aN4UVXvAc8JcUk=
-15,3,5gvk7+yPhqx2TcxtGKbUWpbnIKw=,VVRFP14PPEgL2aN4UVXvAc8JcUk=
-6,2,BYpQJU7AseAg9UfZxqd5QUKJHv8=,RxMQhPx2EohKQ+uDuzaleiKpLM4=
-3,6,5gvk7+yPhqx2TcxtGKbUWpbnIKw=,GZOq4b/yYWWUSdvx05P4VtCc1nI=
-5,3,wO9sAlUFMy0sHIgktQGNi5cLWsQ=,RxMQhPx2EohKQ+uDuzaleiKpLM4=
-3,5,5gvk7+yPhqx2TcxtGKbUWpbnIKw=,GZOq4b/yYWWUSdvx05P4VtCc1nI=
-3,2,BYpQJU7AseAg9UfZxqd5QUKJHv8=,4FiN5myBW9eASRnoQegUzcWmFlY=
-6,4,5gvk7+yPhqx2TcxtGKbUWpbnIKw=,/hMIaqi6slMFhhKAY4ATBW3OgoA=
-3,4,BYpQJU7AseAg9UfZxqd5QUKJHv8=,GZOq4b/yYWWUSdvx05P4VtCc1nI=
-5,5,BYpQJU7AseAg9UfZxqd5QUKJHv8=,/hMIaqi6slMFhhKAY4ATBW3OgoA=
-5,6,5gvk7+yPhqx2TcxtGKbUWpbnIKw=,/hMIaqi6slMFhhKAY4ATBW3OgoA=
-4,3,eabnaCBhCg+XubVEJf5BiJgmfWI=,4FiN5myBW9eASRnoQegUzcWmFlY=
-6,3,5gvk7+yPhqx2TcxtGKbUWpbnIKw=,RxMQhPx2EohKQ+uDuzaleiKpLM4=
-4,5,5gvk7+yPhqx2TcxtGKbUWpbnIKw=,GZOq4b/yYWWUSdvx05P4VtCc1nI=
-5,2,5gvk7+yPhqx2TcxtGKbUWpbnIKw=,RxMQhPx2EohKQ+uDuzaleiKpLM4=
-14,7,5gvk7+yPhqx2TcxtGKbUWpbnIKw=,szjAK4Jv+mP82/au0DRy2plzxsI=
-16,9,5gvk7+yPhqx2TcxtGKbUWpbnIKw=,Oj8ZlQcDi9WS0XiiWuaLYNd9oQE=
-13,7,5gvk7+yPhqx2TcxtGKbUWpbnIKw=,szjAK4Jv+mP82/au0DRy2plzxsI=
-13,12,5gvk7+yPhqx2TcxtGKbUWpbnIKw=,Q5l9ALP6MIbuMhsq9pPZ3bs/XX0=
-3,3,5gvk7+yPhqx2TcxtGKbUWpbnIKw=,4FiN5myBW9eASRnoQegUzcWmFlY=
-4,2,BYpQJU7AseAg9UfZxqd5QUKJHv8=,4FiN5myBW9eASRnoQegUzcWmFlY=
-12,13,5gvk7+yPhqx2TcxtGKbUWpbnIKw=,gI15PRYFRrDrQfN8FUiOseqwAPI=
-14,12,5gvk7+yPhqx2TcxtGKbUWpbnIKw=,Q5l9ALP6MIbuMhsq9pPZ3bs/XX0=
-15,9,5gvk7+yPhqx2TcxtGKbUWpbnIKw=,Oj8ZlQcDi9WS0XiiWuaLYNd9oQE=
-14,9,5gvk7+yPhqx2TcxtGKbUWpbnIKw=,Oj8ZlQcDi9WS0XiiWuaLYNd9oQE=
-16,10,5gvk7+yPhqx2TcxtGKbUWpbnIKw=,Oj8ZlQcDi9WS0XiiWuaLYNd9oQE=
-15,8,5gvk7+yPhqx2TcxtGKbUWpbnIKw=,Oj8ZlQcDi9WS0XiiWuaLYNd9oQE=
-4,4,qtGeVLsi/hDbhuw3yiR3NcWvGiw=,GZOq4b/yYWWUSdvx05P4VtCc1nI=
-12,12,5gvk7+yPhqx2TcxtGKbUWpbnIKw=,gI15PRYFRrDrQfN8FUiOseqwAPI=
-15,10,5gvk7+yPhqx2TcxtGKbUWpbnIKw=,Oj8ZlQcDi9WS0XiiWuaLYNd9oQE=
-14,8,5gvk7+yPhqx2TcxtGKbUWpbnIKw=,Oj8ZlQcDi9WS0XiiWuaLYNd9oQE=
-15,7,5gvk7+yPhqx2TcxtGKbUWpbnIKw=,szjAK4Jv+mP82/au0DRy2plzxsI=
-13,8,5gvk7+yPhqx2TcxtGKbUWpbnIKw=,Oj8ZlQcDi9WS0XiiWuaLYNd9oQE=
-12,8,5gvk7+yPhqx2TcxtGKbUWpbnIKw=,VvfBI52A2iHB1cHGaYpcQz73okk=
-12,10,5gvk7+yPhqx2TcxtGKbUWpbnIKw=,VvfBI52A2iHB1cHGaYpcQz73okk=
-13,9,5gvk7+yPhqx2TcxtGKbUWpbnIKw=,Oj8ZlQcDi9WS0XiiWuaLYNd9oQE=
-13,10,5gvk7+yPhqx2TcxtGKbUWpbnIKw=,Oj8ZlQcDi9WS0XiiWuaLYNd9oQE=
-13,11,5gvk7+yPhqx2TcxtGKbUWpbnIKw=,Oj8ZlQcDi9WS0XiiWuaLYNd9oQE=
-14,10,5gvk7+yPhqx2TcxtGKbUWpbnIKw=,Oj8ZlQcDi9WS0XiiWuaLYNd9oQE=
-14,11,5gvk7+yPhqx2TcxtGKbUWpbnIKw=,Oj8ZlQcDi9WS0XiiWuaLYNd9oQE=
-12,7,5gvk7+yPhqx2TcxtGKbUWpbnIKw=,/uNSrvA07CmT9ogD3ceEBeTSVsU=
-12,9,5gvk7+yPhqx2TcxtGKbUWpbnIKw=,VvfBI52A2iHB1cHGaYpcQz73okk=
-11,10,5gvk7+yPhqx2TcxtGKbUWpbnIKw=,VvfBI52A2iHB1cHGaYpcQz73okk=
-11,8,5gvk7+yPhqx2TcxtGKbUWpbnIKw=,VvfBI52A2iHB1cHGaYpcQz73okk=
-11,9,5gvk7+yPhqx2TcxtGKbUWpbnIKw=,VvfBI52A2iHB1cHGaYpcQz73okk=
-11,7,5gvk7+yPhqx2TcxtGKbUWpbnIKw=,/uNSrvA07CmT9ogD3ceEBeTSVsU=
-14,0,5gvk7+yPhqx2TcxtGKbUWpbnIKw=,VVRFP14PPEgL2aN4UVXvAc8JcUk=
-13,3,5gvk7+yPhqx2TcxtGKbUWpbnIKw=,VVRFP14PPEgL2aN4UVXvAc8JcUk=
-13,4,5gvk7+yPhqx2TcxtGKbUWpbnIKw=,szjAK4Jv+mP82/au0DRy2plzxsI=
-13,0,5gvk7+yPhqx2TcxtGKbUWpbnIKw=,VVRFP14PPEgL2aN4UVXvAc8JcUk=
-13,2,5gvk7+yPhqx2TcxtGKbUWpbnIKw=,VVRFP14PPEgL2aN4UVXvAc8JcUk=
-13,1,5gvk7+yPhqx2TcxtGKbUWpbnIKw=,VVRFP14PPEgL2aN4UVXvAc8JcUk=
-11,6,5gvk7+yPhqx2TcxtGKbUWpbnIKw=,/uNSrvA07CmT9ogD3ceEBeTSVsU=
-12,11,5gvk7+yPhqx2TcxtGKbUWpbnIKw=,VvfBI52A2iHB1cHGaYpcQz73okk=
-8,4,5gvk7+yPhqx2TcxtGKbUWpbnIKw=,/hMIaqi6slMFhhKAY4ATBW3OgoA=
-6,0,5gvk7+yPhqx2TcxtGKbUWpbnIKw=,RxMQhPx2EohKQ+uDuzaleiKpLM4=
-5,1,5gvk7+yPhqx2TcxtGKbUWpbnIKw=,RxMQhPx2EohKQ+uDuzaleiKpLM4=
-8,0,5gvk7+yPhqx2TcxtGKbUWpbnIKw=,RxMQhPx2EohKQ+uDuzaleiKpLM4=
-6,1,5gvk7+yPhqx2TcxtGKbUWpbnIKw=,RxMQhPx2EohKQ+uDuzaleiKpLM4=
-12,4,5gvk7+yPhqx2TcxtGKbUWpbnIKw=,/uNSrvA07CmT9ogD3ceEBeTSVsU=
-12,3,5gvk7+yPhqx2TcxtGKbUWpbnIKw=,fMknvPzgCamLrDQgu/0efAc9mao=
-11,5,5gvk7+yPhqx2TcxtGKbUWpbnIKw=,/uNSrvA07CmT9ogD3ceEBeTSVsU=
-11,2,5gvk7+yPhqx2TcxtGKbUWpbnIKw=,fMknvPzgCamLrDQgu/0efAc9mao=
-11,3,5gvk7+yPhqx2TcxtGKbUWpbnIKw=,fMknvPzgCamLrDQgu/0efAc9mao=
-10,5,5gvk7+yPhqx2TcxtGKbUWpbnIKw=,/uNSrvA07CmT9ogD3ceEBeTSVsU=
-12,2,5gvk7+yPhqx2TcxtGKbUWpbnIKw=,fMknvPzgCamLrDQgu/0efAc9mao=
-10,2,5gvk7+yPhqx2TcxtGKbUWpbnIKw=,fMknvPzgCamLrDQgu/0efAc9mao=
-8,3,wO9sAlUFMy0sHIgktQGNi5cLWsQ=,RxMQhPx2EohKQ+uDuzaleiKpLM4=
-8,1,5gvk7+yPhqx2TcxtGKbUWpbnIKw=,RxMQhPx2EohKQ+uDuzaleiKpLM4=
-9,2,5gvk7+yPhqx2TcxtGKbUWpbnIKw=,fMknvPzgCamLrDQgu/0efAc9mao=
-3,0,5gvk7+yPhqx2TcxtGKbUWpbnIKw=,4FiN5myBW9eASRnoQegUzcWmFlY=
-4,0,5gvk7+yPhqx2TcxtGKbUWpbnIKw=,4FiN5myBW9eASRnoQegUzcWmFlY=
-3,1,5gvk7+yPhqx2TcxtGKbUWpbnIKw=,4FiN5myBW9eASRnoQegUzcWmFlY=
-4,1,5gvk7+yPhqx2TcxtGKbUWpbnIKw=,4FiN5myBW9eASRnoQegUzcWmFlY=
-5,0,5gvk7+yPhqx2TcxtGKbUWpbnIKw=,RxMQhPx2EohKQ+uDuzaleiKpLM4=
-10,1,5gvk7+yPhqx2TcxtGKbUWpbnIKw=,fMknvPzgCamLrDQgu/0efAc9mao=
-1,3,5gvk7+yPhqx2TcxtGKbUWpbnIKw=,4FiN5myBW9eASRnoQegUzcWmFlY=
-1,2,5gvk7+yPhqx2TcxtGKbUWpbnIKw=,4FiN5myBW9eASRnoQegUzcWmFlY=
-9,0,5gvk7+yPhqx2TcxtGKbUWpbnIKw=,fMknvPzgCamLrDQgu/0efAc9mao=
-9,3,5gvk7+yPhqx2TcxtGKbUWpbnIKw=,fMknvPzgCamLrDQgu/0efAc9mao=
-8,2,5gvk7+yPhqx2TcxtGKbUWpbnIKw=,RxMQhPx2EohKQ+uDuzaleiKpLM4=
-10,3,BYpQJU7AseAg9UfZxqd5QUKJHv8=,fMknvPzgCamLrDQgu/0efAc9mao=
-12,0,5gvk7+yPhqx2TcxtGKbUWpbnIKw=,fMknvPzgCamLrDQgu/0efAc9mao=
-12,1,5gvk7+yPhqx2TcxtGKbUWpbnIKw=,fMknvPzgCamLrDQgu/0efAc9mao=
-10,0,5gvk7+yPhqx2TcxtGKbUWpbnIKw=,fMknvPzgCamLrDQgu/0efAc9mao=
-11,0,5gvk7+yPhqx2TcxtGKbUWpbnIKw=,fMknvPzgCamLrDQgu/0efAc9mao=
-9,1,5gvk7+yPhqx2TcxtGKbUWpbnIKw=,fMknvPzgCamLrDQgu/0efAc9mao=
-11,1,5gvk7+yPhqx2TcxtGKbUWpbnIKw=,fMknvPzgCamLrDQgu/0efAc9mao=
-10,4,5gvk7+yPhqx2TcxtGKbUWpbnIKw=,/uNSrvA07CmT9ogD3ceEBeTSVsU=
-5,14,5gvk7+yPhqx2TcxtGKbUWpbnIKw=,4CAGCDDnkt9XmNmpZBIyXJajgKo=
-4,11,5gvk7+yPhqx2TcxtGKbUWpbnIKw=,AEIdPyDm9uFQc+bUZrk3wn8fxMQ=
-3,13,5gvk7+yPhqx2TcxtGKbUWpbnIKw=,lSwlXu8LZ+kNybtHlf9XPd9M7zA=
-4,14,5gvk7+yPhqx2TcxtGKbUWpbnIKw=,lSwlXu8LZ+kNybtHlf9XPd9M7zA=
-3,14,5gvk7+yPhqx2TcxtGKbUWpbnIKw=,lSwlXu8LZ+kNybtHlf9XPd9M7zA=
-5,13,5gvk7+yPhqx2TcxtGKbUWpbnIKw=,4CAGCDDnkt9XmNmpZBIyXJajgKo=
-4,12,5gvk7+yPhqx2TcxtGKbUWpbnIKw=,lSwlXu8LZ+kNybtHlf9XPd9M7zA=
-4,13,5gvk7+yPhqx2TcxtGKbUWpbnIKw=,lSwlXu8LZ+kNybtHlf9XPd9M7zA=
-5,12,5gvk7+yPhqx2TcxtGKbUWpbnIKw=,4CAGCDDnkt9XmNmpZBIyXJajgKo=
-11,4,5gvk7+yPhqx2TcxtGKbUWpbnIKw=,/uNSrvA07CmT9ogD3ceEBeTSVsU=
-7,15,5gvk7+yPhqx2TcxtGKbUWpbnIKw=,4CAGCDDnkt9XmNmpZBIyXJajgKo=
-6,15,5gvk7+yPhqx2TcxtGKbUWpbnIKw=,4CAGCDDnkt9XmNmpZBIyXJajgKo=
-7,0,5gvk7+yPhqx2TcxtGKbUWpbnIKw=,RxMQhPx2EohKQ+uDuzaleiKpLM4=
-9,4,5gvk7+yPhqx2TcxtGKbUWpbnIKw=,/uNSrvA07CmT9ogD3ceEBeTSVsU=
-8,15,5gvk7+yPhqx2TcxtGKbUWpbnIKw=,4CAGCDDnkt9XmNmpZBIyXJajgKo=
-11,15,5gvk7+yPhqx2TcxtGKbUWpbnIKw=,gI15PRYFRrDrQfN8FUiOseqwAPI=
-10,15,5gvk7+yPhqx2TcxtGKbUWpbnIKw=,gI15PRYFRrDrQfN8FUiOseqwAPI=
-9,15,5gvk7+yPhqx2TcxtGKbUWpbnIKw=,gI15PRYFRrDrQfN8FUiOseqwAPI=
-3,12,5gvk7+yPhqx2TcxtGKbUWpbnIKw=,lSwlXu8LZ+kNybtHlf9XPd9M7zA=
-7,4,5gvk7+yPhqx2TcxtGKbUWpbnIKw=,/hMIaqi6slMFhhKAY4ATBW3OgoA=
-5,11,5gvk7+yPhqx2TcxtGKbUWpbnIKw=,V6n4ltoXxavnJ5emdV4tD4v1gSk=
-7,2,wO9sAlUFMy0sHIgktQGNi5cLWsQ=,RxMQhPx2EohKQ+uDuzaleiKpLM4=
-3,11,5gvk7+yPhqx2TcxtGKbUWpbnIKw=,AEIdPyDm9uFQc+bUZrk3wn8fxMQ=
-3,10,5gvk7+yPhqx2TcxtGKbUWpbnIKw=,AEIdPyDm9uFQc+bUZrk3wn8fxMQ=
-7,3,wO9sAlUFMy0sHIgktQGNi5cLWsQ=,RxMQhPx2EohKQ+uDuzaleiKpLM4=
-2,3,5gvk7+yPhqx2TcxtGKbUWpbnIKw=,4FiN5myBW9eASRnoQegUzcWmFlY=
-6,11,5gvk7+yPhqx2TcxtGKbUWpbnIKw=,V6n4ltoXxavnJ5emdV4tD4v1gSk=
-2,2,5gvk7+yPhqx2TcxtGKbUWpbnIKw=,4FiN5myBW9eASRnoQegUzcWmFlY=
-7,1,5gvk7+yPhqx2TcxtGKbUWpbnIKw=,RxMQhPx2EohKQ+uDuzaleiKpLM4=
-15,15,5gvk7+yPhqx2TcxtGKbUWpbnIKw=,Q5l9ALP6MIbuMhsq9pPZ3bs/XX0=
-14,15,5gvk7+yPhqx2TcxtGKbUWpbnIKw=,Q5l9ALP6MIbuMhsq9pPZ3bs/XX0=
-12,15,5gvk7+yPhqx2TcxtGKbUWpbnIKw=,gI15PRYFRrDrQfN8FUiOseqwAPI=
-13,15,5gvk7+yPhqx2TcxtGKbUWpbnIKw=,Q5l9ALP6MIbuMhsq9pPZ3bs/XX0=
-15,11,5gvk7+yPhqx2TcxtGKbUWpbnIKw=,Oj8ZlQcDi9WS0XiiWuaLYNd9oQE=
-16,13,5gvk7+yPhqx2TcxtGKbUWpbnIKw=,Q5l9ALP6MIbuMhsq9pPZ3bs/XX0=
-4,15,5gvk7+yPhqx2TcxtGKbUWpbnIKw=,lSwlXu8LZ+kNybtHlf9XPd9M7zA=
-5,15,5gvk7+yPhqx2TcxtGKbUWpbnIKw=,4CAGCDDnkt9XmNmpZBIyXJajgKo=
-3,15,5gvk7+yPhqx2TcxtGKbUWpbnIKw=,lSwlXu8LZ+kNybtHlf9XPd9M7zA=
-2,15,5gvk7+yPhqx2TcxtGKbUWpbnIKw=,lSwlXu8LZ+kNybtHlf9XPd9M7zA=
-1,7,5gvk7+yPhqx2TcxtGKbUWpbnIKw=,GZOq4b/yYWWUSdvx05P4VtCc1nI=
-2,6,5gvk7+yPhqx2TcxtGKbUWpbnIKw=,GZOq4b/yYWWUSdvx05P4VtCc1nI=
-1,9,5gvk7+yPhqx2TcxtGKbUWpbnIKw=,AEIdPyDm9uFQc+bUZrk3wn8fxMQ=
-16,1,5gvk7+yPhqx2TcxtGKbUWpbnIKw=,VVRFP14PPEgL2aN4UVXvAc8JcUk=
-16,2,5gvk7+yPhqx2TcxtGKbUWpbnIKw=,VVRFP14PPEgL2aN4UVXvAc8JcUk=
-16,4,5gvk7+yPhqx2TcxtGKbUWpbnIKw=,szjAK4Jv+mP82/au0DRy2plzxsI=
-16,6,5gvk7+yPhqx2TcxtGKbUWpbnIKw=,szjAK4Jv+mP82/au0DRy2plzxsI=
-16,5,5gvk7+yPhqx2TcxtGKbUWpbnIKw=,szjAK4Jv+mP82/au0DRy2plzxsI=
-16,8,5gvk7+yPhqx2TcxtGKbUWpbnIKw=,Oj8ZlQcDi9WS0XiiWuaLYNd9oQE=
-16,3,5gvk7+yPhqx2TcxtGKbUWpbnIKw=,VVRFP14PPEgL2aN4UVXvAc8JcUk=
-16,7,5gvk7+yPhqx2TcxtGKbUWpbnIKw=,szjAK4Jv+mP82/au0DRy2plzxsI=
-16,0,5gvk7+yPhqx2TcxtGKbUWpbnIKw=,VVRFP14PPEgL2aN4UVXvAc8JcUk=
-15,14,5gvk7+yPhqx2TcxtGKbUWpbnIKw=,Q5l9ALP6MIbuMhsq9pPZ3bs/XX0=
-16,15,5gvk7+yPhqx2TcxtGKbUWpbnIKw=,Q5l9ALP6MIbuMhsq9pPZ3bs/XX0=
-1,5,5gvk7+yPhqx2TcxtGKbUWpbnIKw=,GZOq4b/yYWWUSdvx05P4VtCc1nI=
-15,0,5gvk7+yPhqx2TcxtGKbUWpbnIKw=,VVRFP14PPEgL2aN4UVXvAc8JcUk=
-15,1,5gvk7+yPhqx2TcxtGKbUWpbnIKw=,VVRFP14PPEgL2aN4UVXvAc8JcUk=
-2,10,5gvk7+yPhqx2TcxtGKbUWpbnIKw=,AEIdPyDm9uFQc+bUZrk3wn8fxMQ=
-16,11,5gvk7+yPhqx2TcxtGKbUWpbnIKw=,Oj8ZlQcDi9WS0XiiWuaLYNd9oQE=
-16,14,5gvk7+yPhqx2TcxtGKbUWpbnIKw=,Q5l9ALP6MIbuMhsq9pPZ3bs/XX0=
-16,12,5gvk7+yPhqx2TcxtGKbUWpbnIKw=,Q5l9ALP6MIbuMhsq9pPZ3bs/XX0=
-2,14,5gvk7+yPhqx2TcxtGKbUWpbnIKw=,lSwlXu8LZ+kNybtHlf9XPd9M7zA=
-1,6,5gvk7+yPhqx2TcxtGKbUWpbnIKw=,GZOq4b/yYWWUSdvx05P4VtCc1nI=
-2,11,5gvk7+yPhqx2TcxtGKbUWpbnIKw=,AEIdPyDm9uFQc+bUZrk3wn8fxMQ=
-15,12,5gvk7+yPhqx2TcxtGKbUWpbnIKw=,Q5l9ALP6MIbuMhsq9pPZ3bs/XX0=
-2,1,5gvk7+yPhqx2TcxtGKbUWpbnIKw=,4FiN5myBW9eASRnoQegUzcWmFlY=
-2,13,5gvk7+yPhqx2TcxtGKbUWpbnIKw=,lSwlXu8LZ+kNybtHlf9XPd9M7zA=
-1,4,5gvk7+yPhqx2TcxtGKbUWpbnIKw=,GZOq4b/yYWWUSdvx05P4VtCc1nI=
-1,8,5gvk7+yPhqx2TcxtGKbUWpbnIKw=,AEIdPyDm9uFQc+bUZrk3wn8fxMQ=
-1,12,5gvk7+yPhqx2TcxtGKbUWpbnIKw=,lSwlXu8LZ+kNybtHlf9XPd9M7zA=
-15,13,5gvk7+yPhqx2TcxtGKbUWpbnIKw=,Q5l9ALP6MIbuMhsq9pPZ3bs/XX0=
-1,15,5gvk7+yPhqx2TcxtGKbUWpbnIKw=,lSwlXu8LZ+kNybtHlf9XPd9M7zA=
-2,0,5gvk7+yPhqx2TcxtGKbUWpbnIKw=,4FiN5myBW9eASRnoQegUzcWmFlY=
-1,11,5gvk7+yPhqx2TcxtGKbUWpbnIKw=,AEIdPyDm9uFQc+bUZrk3wn8fxMQ=
-1,0,5gvk7+yPhqx2TcxtGKbUWpbnIKw=,4FiN5myBW9eASRnoQegUzcWmFlY=
-2,4,5gvk7+yPhqx2TcxtGKbUWpbnIKw=,GZOq4b/yYWWUSdvx05P4VtCc1nI=
-2,8,5gvk7+yPhqx2TcxtGKbUWpbnIKw=,AEIdPyDm9uFQc+bUZrk3wn8fxMQ=
-2,12,5gvk7+yPhqx2TcxtGKbUWpbnIKw=,lSwlXu8LZ+kNybtHlf9XPd9M7zA=
-2,9,5gvk7+yPhqx2TcxtGKbUWpbnIKw=,AEIdPyDm9uFQc+bUZrk3wn8fxMQ=
-2,5,5gvk7+yPhqx2TcxtGKbUWpbnIKw=,GZOq4b/yYWWUSdvx05P4VtCc1nI=
-1,10,5gvk7+yPhqx2TcxtGKbUWpbnIKw=,AEIdPyDm9uFQc+bUZrk3wn8fxMQ=
-1,1,5gvk7+yPhqx2TcxtGKbUWpbnIKw=,4FiN5myBW9eASRnoQegUzcWmFlY=
-1,13,5gvk7+yPhqx2TcxtGKbUWpbnIKw=,lSwlXu8LZ+kNybtHlf9XPd9M7zA=
-2,7,5gvk7+yPhqx2TcxtGKbUWpbnIKw=,GZOq4b/yYWWUSdvx05P4VtCc1nI=
-1,14,5gvk7+yPhqx2TcxtGKbUWpbnIKw=,lSwlXu8LZ+kNybtHlf9XPd9M7zA=
