-22,74,ajfCBiOD1gZUC649nltvI8gUP0s=,xcUKPp0LnYpnjiuUu8JRvIqY7ds=
-20,75,ajfCBiOD1gZUC649nltvI8gUP0s=,xcUKPp0LnYpnjiuUu8JRvIqY7ds=
-22,75,M7PIAciFGr3PhGxKj4OvVSSuau4=,xcUKPp0LnYpnjiuUu8JRvIqY7ds=
-21,75,M7PIAciFGr3PhGxKj4OvVSSuau4=,xcUKPp0LnYpnjiuUu8JRvIqY7ds=
-23,65,M7PIAciFGr3PhGxKj4OvVSSuau4=,og1heH4pPFlurJl9Tb+gN+7bcNM=
-22,65,M7PIAciFGr3PhGxKj4OvVSSuau4=,og1heH4pPFlurJl9Tb+gN+7bcNM=
-21,65,M7PIAciFGr3PhGxKj4OvVSSuau4=,og1heH4pPFlurJl9Tb+gN+7bcNM=
-20,65,M7PIAciFGr3PhGxKj4OvVSSuau4=,og1heH4pPFlurJl9Tb+gN+7bcNM=
-19,65,M7PIAciFGr3PhGxKj4OvVSSuau4=,og1heH4pPFlurJl9Tb+gN+7bcNM=
-18,65,M7PIAciFGr3PhGxKj4OvVSSuau4=,og1heH4pPFlurJl9Tb+gN+7bcNM=
-23,66,M7PIAciFGr3PhGxKj4OvVSSuau4=,og1heH4pPFlurJl9Tb+gN+7bcNM=
-22,66,M7PIAciFGr3PhGxKj4OvVSSuau4=,og1heH4pPFlurJl9Tb+gN+7bcNM=
-21,66,M7PIAciFGr3PhGxKj4OvVSSuau4=,og1heH4pPFlurJl9Tb+gN+7bcNM=
-20,66,M7PIAciFGr3PhGxKj4OvVSSuau4=,og1heH4pPFlurJl9Tb+gN+7bcNM=
-19,66,M7PIAciFGr3PhGxKj4OvVSSuau4=,og1heH4pPFlurJl9Tb+gN+7bcNM=
-23,67,M7PIAciFGr3PhGxKj4OvVSSuau4=,og1heH4pPFlurJl9Tb+gN+7bcNM=
-18,66,M7PIAciFGr3PhGxKj4OvVSSuau4=,og1heH4pPFlurJl9Tb+gN+7bcNM=
-20,72,M7PIAciFGr3PhGxKj4OvVSSuau4=,xcUKPp0LnYpnjiuUu8JRvIqY7ds=
-21,67,M7PIAciFGr3PhGxKj4OvVSSuau4=,og1heH4pPFlurJl9Tb+gN+7bcNM=
-20,67,M7PIAciFGr3PhGxKj4OvVSSuau4=,og1heH4pPFlurJl9Tb+gN+7bcNM=
-19,67,M7PIAciFGr3PhGxKj4OvVSSuau4=,og1heH4pPFlurJl9Tb+gN+7bcNM=
-22,67,M7PIAciFGr3PhGxKj4OvVSSuau4=,og1heH4pPFlurJl9Tb+gN+7bcNM=
-18,67,M7PIAciFGr3PhGxKj4OvVSSuau4=,og1heH4pPFlurJl9Tb+gN+7bcNM=
-23,64,M7PIAciFGr3PhGxKj4OvVSSuau4=,og1heH4pPFlurJl9Tb+gN+7bcNM=
-23,68,M7PIAciFGr3PhGxKj4OvVSSuau4=,og1heH4pPFlurJl9Tb+gN+7bcNM=
-22,68,M7PIAciFGr3PhGxKj4OvVSSuau4=,og1heH4pPFlurJl9Tb+gN+7bcNM=
-21,68,M7PIAciFGr3PhGxKj4OvVSSuau4=,og1heH4pPFlurJl9Tb+gN+7bcNM=
-20,68,M7PIAciFGr3PhGxKj4OvVSSuau4=,og1heH4pPFlurJl9Tb+gN+7bcNM=
-19,68,M7PIAciFGr3PhGxKj4OvVSSuau4=,og1heH4pPFlurJl9Tb+gN+7bcNM=
-19,72,M7PIAciFGr3PhGxKj4OvVSSuau4=,xcUKPp0LnYpnjiuUu8JRvIqY7ds=
-18,68,M7PIAciFGr3PhGxKj4OvVSSuau4=,og1heH4pPFlurJl9Tb+gN+7bcNM=
-18,72,M7PIAciFGr3PhGxKj4OvVSSuau4=,xcUKPp0LnYpnjiuUu8JRvIqY7ds=
-22,69,M7PIAciFGr3PhGxKj4OvVSSuau4=,og1heH4pPFlurJl9Tb+gN+7bcNM=
-21,69,M7PIAciFGr3PhGxKj4OvVSSuau4=,og1heH4pPFlurJl9Tb+gN+7bcNM=
-20,69,M7PIAciFGr3PhGxKj4OvVSSuau4=,og1heH4pPFlurJl9Tb+gN+7bcNM=
-23,69,M7PIAciFGr3PhGxKj4OvVSSuau4=,og1heH4pPFlurJl9Tb+gN+7bcNM=
-22,64,M7PIAciFGr3PhGxKj4OvVSSuau4=,og1heH4pPFlurJl9Tb+gN+7bcNM=
-19,69,M7PIAciFGr3PhGxKj4OvVSSuau4=,og1heH4pPFlurJl9Tb+gN+7bcNM=
-18,69,M7PIAciFGr3PhGxKj4OvVSSuau4=,og1heH4pPFlurJl9Tb+gN+7bcNM=
-23,70,M7PIAciFGr3PhGxKj4OvVSSuau4=,og1heH4pPFlurJl9Tb+gN+7bcNM=
-22,70,M7PIAciFGr3PhGxKj4OvVSSuau4=,og1heH4pPFlurJl9Tb+gN+7bcNM=
-21,70,M7PIAciFGr3PhGxKj4OvVSSuau4=,og1heH4pPFlurJl9Tb+gN+7bcNM=
-18,70,M7PIAciFGr3PhGxKj4OvVSSuau4=,og1heH4pPFlurJl9Tb+gN+7bcNM=
-20,70,M7PIAciFGr3PhGxKj4OvVSSuau4=,og1heH4pPFlurJl9Tb+gN+7bcNM=
-21,64,M7PIAciFGr3PhGxKj4OvVSSuau4=,og1heH4pPFlurJl9Tb+gN+7bcNM=
-19,70,M7PIAciFGr3PhGxKj4OvVSSuau4=,og1heH4pPFlurJl9Tb+gN+7bcNM=
-23,71,M7PIAciFGr3PhGxKj4OvVSSuau4=,og1heH4pPFlurJl9Tb+gN+7bcNM=
-22,72,M7PIAciFGr3PhGxKj4OvVSSuau4=,xcUKPp0LnYpnjiuUu8JRvIqY7ds=
-22,71,M7PIAciFGr3PhGxKj4OvVSSuau4=,og1heH4pPFlurJl9Tb+gN+7bcNM=
-21,71,M7PIAciFGr3PhGxKj4OvVSSuau4=,og1heH4pPFlurJl9Tb+gN+7bcNM=
-20,64,M7PIAciFGr3PhGxKj4OvVSSuau4=,og1heH4pPFlurJl9Tb+gN+7bcNM=
-20,71,M7PIAciFGr3PhGxKj4OvVSSuau4=,og1heH4pPFlurJl9Tb+gN+7bcNM=
-19,71,M7PIAciFGr3PhGxKj4OvVSSuau4=,og1heH4pPFlurJl9Tb+gN+7bcNM=
-19,64,M7PIAciFGr3PhGxKj4OvVSSuau4=,og1heH4pPFlurJl9Tb+gN+7bcNM=
-18,71,M7PIAciFGr3PhGxKj4OvVSSuau4=,og1heH4pPFlurJl9Tb+gN+7bcNM=
-23,72,M7PIAciFGr3PhGxKj4OvVSSuau4=,xcUKPp0LnYpnjiuUu8JRvIqY7ds=
-18,64,M7PIAciFGr3PhGxKj4OvVSSuau4=,og1heH4pPFlurJl9Tb+gN+7bcNM=
-21,72,M7PIAciFGr3PhGxKj4OvVSSuau4=,xcUKPp0LnYpnjiuUu8JRvIqY7ds=
-23,75,M7PIAciFGr3PhGxKj4OvVSSuau4=,xcUKPp0LnYpnjiuUu8JRvIqY7ds=
-24,65,M7PIAciFGr3PhGxKj4OvVSSuau4=,og1heH4pPFlurJl9Tb+gN+7bcNM=
-24,66,M7PIAciFGr3PhGxKj4OvVSSuau4=,og1heH4pPFlurJl9Tb+gN+7bcNM=
-24,68,M7PIAciFGr3PhGxKj4OvVSSuau4=,og1heH4pPFlurJl9Tb+gN+7bcNM=
-24,69,M7PIAciFGr3PhGxKj4OvVSSuau4=,og1heH4pPFlurJl9Tb+gN+7bcNM=
-24,70,M7PIAciFGr3PhGxKj4OvVSSuau4=,og1heH4pPFlurJl9Tb+gN+7bcNM=
-17,77,M7PIAciFGr3PhGxKj4OvVSSuau4=,xcUKPp0LnYpnjiuUu8JRvIqY7ds=
-24,67,M7PIAciFGr3PhGxKj4OvVSSuau4=,og1heH4pPFlurJl9Tb+gN+7bcNM=
-17,78,M7PIAciFGr3PhGxKj4OvVSSuau4=,xcUKPp0LnYpnjiuUu8JRvIqY7ds=
-17,76,M7PIAciFGr3PhGxKj4OvVSSuau4=,xcUKPp0LnYpnjiuUu8JRvIqY7ds=
-17,75,M7PIAciFGr3PhGxKj4OvVSSuau4=,xcUKPp0LnYpnjiuUu8JRvIqY7ds=
-17,73,M7PIAciFGr3PhGxKj4OvVSSuau4=,xcUKPp0LnYpnjiuUu8JRvIqY7ds=
-17,74,M7PIAciFGr3PhGxKj4OvVSSuau4=,xcUKPp0LnYpnjiuUu8JRvIqY7ds=
-22,79,M7PIAciFGr3PhGxKj4OvVSSuau4=,xcUKPp0LnYpnjiuUu8JRvIqY7ds=
-23,79,M7PIAciFGr3PhGxKj4OvVSSuau4=,xcUKPp0LnYpnjiuUu8JRvIqY7ds=
-21,79,M7PIAciFGr3PhGxKj4OvVSSuau4=,xcUKPp0LnYpnjiuUu8JRvIqY7ds=
-20,79,M7PIAciFGr3PhGxKj4OvVSSuau4=,xcUKPp0LnYpnjiuUu8JRvIqY7ds=
-19,79,M7PIAciFGr3PhGxKj4OvVSSuau4=,xcUKPp0LnYpnjiuUu8JRvIqY7ds=
-18,79,M7PIAciFGr3PhGxKj4OvVSSuau4=,xcUKPp0LnYpnjiuUu8JRvIqY7ds=
-19,77,M7PIAciFGr3PhGxKj4OvVSSuau4=,xcUKPp0LnYpnjiuUu8JRvIqY7ds=
-20,77,M7PIAciFGr3PhGxKj4OvVSSuau4=,xcUKPp0LnYpnjiuUu8JRvIqY7ds=
-21,76,M7PIAciFGr3PhGxKj4OvVSSuau4=,xcUKPp0LnYpnjiuUu8JRvIqY7ds=
-23,74,M7PIAciFGr3PhGxKj4OvVSSuau4=,xcUKPp0LnYpnjiuUu8JRvIqY7ds=
-21,77,M7PIAciFGr3PhGxKj4OvVSSuau4=,xcUKPp0LnYpnjiuUu8JRvIqY7ds=
-22,77,M7PIAciFGr3PhGxKj4OvVSSuau4=,xcUKPp0LnYpnjiuUu8JRvIqY7ds=
-19,73,M7PIAciFGr3PhGxKj4OvVSSuau4=,xcUKPp0LnYpnjiuUu8JRvIqY7ds=
-23,77,M7PIAciFGr3PhGxKj4OvVSSuau4=,xcUKPp0LnYpnjiuUu8JRvIqY7ds=
-22,76,M7PIAciFGr3PhGxKj4OvVSSuau4=,xcUKPp0LnYpnjiuUu8JRvIqY7ds=
-18,74,M7PIAciFGr3PhGxKj4OvVSSuau4=,xcUKPp0LnYpnjiuUu8JRvIqY7ds=
-18,73,M7PIAciFGr3PhGxKj4OvVSSuau4=,xcUKPp0LnYpnjiuUu8JRvIqY7ds=
-18,76,M7PIAciFGr3PhGxKj4OvVSSuau4=,xcUKPp0LnYpnjiuUu8JRvIqY7ds=
-23,76,M7PIAciFGr3PhGxKj4OvVSSuau4=,xcUKPp0LnYpnjiuUu8JRvIqY7ds=
-19,76,M7PIAciFGr3PhGxKj4OvVSSuau4=,xcUKPp0LnYpnjiuUu8JRvIqY7ds=
-18,78,M7PIAciFGr3PhGxKj4OvVSSuau4=,xcUKPp0LnYpnjiuUu8JRvIqY7ds=
-19,74,M7PIAciFGr3PhGxKj4OvVSSuau4=,xcUKPp0LnYpnjiuUu8JRvIqY7ds=
-20,73,M7PIAciFGr3PhGxKj4OvVSSuau4=,xcUKPp0LnYpnjiuUu8JRvIqY7ds=
-21,73,M7PIAciFGr3PhGxKj4OvVSSuau4=,xcUKPp0LnYpnjiuUu8JRvIqY7ds=
-20,76,M7PIAciFGr3PhGxKj4OvVSSuau4=,xcUKPp0LnYpnjiuUu8JRvIqY7ds=
-20,78,M7PIAciFGr3PhGxKj4OvVSSuau4=,xcUKPp0LnYpnjiuUu8JRvIqY7ds=
-19,78,M7PIAciFGr3PhGxKj4OvVSSuau4=,xcUKPp0LnYpnjiuUu8JRvIqY7ds=
-22,73,M7PIAciFGr3PhGxKj4OvVSSuau4=,xcUKPp0LnYpnjiuUu8JRvIqY7ds=
-23,73,M7PIAciFGr3PhGxKj4OvVSSuau4=,xcUKPp0LnYpnjiuUu8JRvIqY7ds=
-20,74,M7PIAciFGr3PhGxKj4OvVSSuau4=,xcUKPp0LnYpnjiuUu8JRvIqY7ds=
-21,78,M7PIAciFGr3PhGxKj4OvVSSuau4=,xcUKPp0LnYpnjiuUu8JRvIqY7ds=
-22,78,M7PIAciFGr3PhGxKj4OvVSSuau4=,xcUKPp0LnYpnjiuUu8JRvIqY7ds=
-23,78,M7PIAciFGr3PhGxKj4OvVSSuau4=,xcUKPp0LnYpnjiuUu8JRvIqY7ds=
-18,75,M7PIAciFGr3PhGxKj4OvVSSuau4=,xcUKPp0LnYpnjiuUu8JRvIqY7ds=
-19,75,M7PIAciFGr3PhGxKj4OvVSSuau4=,xcUKPp0LnYpnjiuUu8JRvIqY7ds=
-21,74,M7PIAciFGr3PhGxKj4OvVSSuau4=,xcUKPp0LnYpnjiuUu8JRvIqY7ds=
-18,77,M7PIAciFGr3PhGxKj4OvVSSuau4=,xcUKPp0LnYpnjiuUu8JRvIqY7ds=
-24,74,M7PIAciFGr3PhGxKj4OvVSSuau4=,xcUKPp0LnYpnjiuUu8JRvIqY7ds=
-24,78,M7PIAciFGr3PhGxKj4OvVSSuau4=,xcUKPp0LnYpnjiuUu8JRvIqY7ds=
-24,73,M7PIAciFGr3PhGxKj4OvVSSuau4=,xcUKPp0LnYpnjiuUu8JRvIqY7ds=
-24,76,M7PIAciFGr3PhGxKj4OvVSSuau4=,xcUKPp0LnYpnjiuUu8JRvIqY7ds=
-24,71,M7PIAciFGr3PhGxKj4OvVSSuau4=,og1heH4pPFlurJl9Tb+gN+7bcNM=
-24,72,M7PIAciFGr3PhGxKj4OvVSSuau4=,xcUKPp0LnYpnjiuUu8JRvIqY7ds=
-24,75,M7PIAciFGr3PhGxKj4OvVSSuau4=,xcUKPp0LnYpnjiuUu8JRvIqY7ds=
-24,77,M7PIAciFGr3PhGxKj4OvVSSuau4=,xcUKPp0LnYpnjiuUu8JRvIqY7ds=
-24,79,M7PIAciFGr3PhGxKj4OvVSSuau4=,xcUKPp0LnYpnjiuUu8JRvIqY7ds=
-17,79,M7PIAciFGr3PhGxKj4OvVSSuau4=,xcUKPp0LnYpnjiuUu8JRvIqY7ds=
-17,66,M7PIAciFGr3PhGxKj4OvVSSuau4=,og1heH4pPFlurJl9Tb+gN+7bcNM=
-24,64,M7PIAciFGr3PhGxKj4OvVSSuau4=,og1heH4pPFlurJl9Tb+gN+7bcNM=
-17,67,M7PIAciFGr3PhGxKj4OvVSSuau4=,og1heH4pPFlurJl9Tb+gN+7bcNM=
-17,68,M7PIAciFGr3PhGxKj4OvVSSuau4=,og1heH4pPFlurJl9Tb+gN+7bcNM=
-17,69,M7PIAciFGr3PhGxKj4OvVSSuau4=,og1heH4pPFlurJl9Tb+gN+7bcNM=
-17,72,M7PIAciFGr3PhGxKj4OvVSSuau4=,xcUKPp0LnYpnjiuUu8JRvIqY7ds=
-17,70,M7PIAciFGr3PhGxKj4OvVSSuau4=,og1heH4pPFlurJl9Tb+gN+7bcNM=
-17,65,M7PIAciFGr3PhGxKj4OvVSSuau4=,og1heH4pPFlurJl9Tb+gN+7bcNM=
-17,71,M7PIAciFGr3PhGxKj4OvVSSuau4=,og1heH4pPFlurJl9Tb+gN+7bcNM=
-17,64,M7PIAciFGr3PhGxKj4OvVSSuau4=,og1heH4pPFlurJl9Tb+gN+7bcNM=
-15,89,TUkotjVGEBjHygm2RP8b5b62MUc=,g9FosCAjc0xrrQys+NsCNh0G0Bw=
-14,89,rP0Rakrz2IeU423Y3fHxBOUrRZQ=,g9FosCAjc0xrrQys+NsCNh0G0Bw=
-11,94,rP0Rakrz2IeU423Y3fHxBOUrRZQ=,g9FosCAjc0xrrQys+NsCNh0G0Bw=
-12,94,rP0Rakrz2IeU423Y3fHxBOUrRZQ=,g9FosCAjc0xrrQys+NsCNh0G0Bw=
-13,94,rP0Rakrz2IeU423Y3fHxBOUrRZQ=,g9FosCAjc0xrrQys+NsCNh0G0Bw=
-14,94,rP0Rakrz2IeU423Y3fHxBOUrRZQ=,g9FosCAjc0xrrQys+NsCNh0G0Bw=
-15,94,rP0Rakrz2IeU423Y3fHxBOUrRZQ=,g9FosCAjc0xrrQys+NsCNh0G0Bw=
-12,93,rP0Rakrz2IeU423Y3fHxBOUrRZQ=,g9FosCAjc0xrrQys+NsCNh0G0Bw=
-13,93,rP0Rakrz2IeU423Y3fHxBOUrRZQ=,g9FosCAjc0xrrQys+NsCNh0G0Bw=
-14,93,rP0Rakrz2IeU423Y3fHxBOUrRZQ=,g9FosCAjc0xrrQys+NsCNh0G0Bw=
-15,93,rP0Rakrz2IeU423Y3fHxBOUrRZQ=,g9FosCAjc0xrrQys+NsCNh0G0Bw=
-12,92,rP0Rakrz2IeU423Y3fHxBOUrRZQ=,g9FosCAjc0xrrQys+NsCNh0G0Bw=
-13,92,rP0Rakrz2IeU423Y3fHxBOUrRZQ=,g9FosCAjc0xrrQys+NsCNh0G0Bw=
-14,92,rP0Rakrz2IeU423Y3fHxBOUrRZQ=,g9FosCAjc0xrrQys+NsCNh0G0Bw=
-15,92,rP0Rakrz2IeU423Y3fHxBOUrRZQ=,g9FosCAjc0xrrQys+NsCNh0G0Bw=
-12,91,rP0Rakrz2IeU423Y3fHxBOUrRZQ=,g9FosCAjc0xrrQys+NsCNh0G0Bw=
-13,91,rP0Rakrz2IeU423Y3fHxBOUrRZQ=,g9FosCAjc0xrrQys+NsCNh0G0Bw=
-14,91,rP0Rakrz2IeU423Y3fHxBOUrRZQ=,g9FosCAjc0xrrQys+NsCNh0G0Bw=
-15,91,rP0Rakrz2IeU423Y3fHxBOUrRZQ=,g9FosCAjc0xrrQys+NsCNh0G0Bw=
-12,90,rP0Rakrz2IeU423Y3fHxBOUrRZQ=,g9FosCAjc0xrrQys+NsCNh0G0Bw=
-13,90,rP0Rakrz2IeU423Y3fHxBOUrRZQ=,g9FosCAjc0xrrQys+NsCNh0G0Bw=
-14,90,rP0Rakrz2IeU423Y3fHxBOUrRZQ=,g9FosCAjc0xrrQys+NsCNh0G0Bw=
-15,90,rP0Rakrz2IeU423Y3fHxBOUrRZQ=,g9FosCAjc0xrrQys+NsCNh0G0Bw=
-12,89,GYXjf7o6d8Q5sWj8G/lBgvudFco=,g9FosCAjc0xrrQys+NsCNh0G0Bw=
-13,89,GYXjf7o6d8Q5sWj8G/lBgvudFco=,g9FosCAjc0xrrQys+NsCNh0G0Bw=
-14,88,GYXjf7o6d8Q5sWj8G/lBgvudFco=,g9FosCAjc0xrrQys+NsCNh0G0Bw=
-15,88,GYXjf7o6d8Q5sWj8G/lBgvudFco=,g9FosCAjc0xrrQys+NsCNh0G0Bw=
-13,88,q+eEPIMgr7uSF1lR9jJyW7Hkmug=,g9FosCAjc0xrrQys+NsCNh0G0Bw=
-12,88,q+eEPIMgr7uSF1lR9jJyW7Hkmug=,g9FosCAjc0xrrQys+NsCNh0G0Bw=
-15,82,q+eEPIMgr7uSF1lR9jJyW7Hkmug=,VxhgCzv8WLUo/wXrU/I7X07e/oE=
-15,81,1EBXSLDvwgqylI/48NOlaHty+uY=,VxhgCzv8WLUo/wXrU/I7X07e/oE=
-14,81,1EBXSLDvwgqylI/48NOlaHty+uY=,VxhgCzv8WLUo/wXrU/I7X07e/oE=
-15,85,1EBXSLDvwgqylI/48NOlaHty+uY=,VxhgCzv8WLUo/wXrU/I7X07e/oE=
-13,81,1EBXSLDvwgqylI/48NOlaHty+uY=,VxhgCzv8WLUo/wXrU/I7X07e/oE=
-14,85,1EBXSLDvwgqylI/48NOlaHty+uY=,VxhgCzv8WLUo/wXrU/I7X07e/oE=
-15,86,1EBXSLDvwgqylI/48NOlaHty+uY=,VxhgCzv8WLUo/wXrU/I7X07e/oE=
-14,82,1EBXSLDvwgqylI/48NOlaHty+uY=,VxhgCzv8WLUo/wXrU/I7X07e/oE=
-14,86,1EBXSLDvwgqylI/48NOlaHty+uY=,VxhgCzv8WLUo/wXrU/I7X07e/oE=
-13,85,1EBXSLDvwgqylI/48NOlaHty+uY=,VxhgCzv8WLUo/wXrU/I7X07e/oE=
-13,82,1EBXSLDvwgqylI/48NOlaHty+uY=,VxhgCzv8WLUo/wXrU/I7X07e/oE=
-13,86,1EBXSLDvwgqylI/48NOlaHty+uY=,VxhgCzv8WLUo/wXrU/I7X07e/oE=
-14,83,1EBXSLDvwgqylI/48NOlaHty+uY=,VxhgCzv8WLUo/wXrU/I7X07e/oE=
-15,87,1EBXSLDvwgqylI/48NOlaHty+uY=,VxhgCzv8WLUo/wXrU/I7X07e/oE=
-12,86,1EBXSLDvwgqylI/48NOlaHty+uY=,VxhgCzv8WLUo/wXrU/I7X07e/oE=
-14,87,1EBXSLDvwgqylI/48NOlaHty+uY=,VxhgCzv8WLUo/wXrU/I7X07e/oE=
-12,87,1EBXSLDvwgqylI/48NOlaHty+uY=,VxhgCzv8WLUo/wXrU/I7X07e/oE=
-13,87,1EBXSLDvwgqylI/48NOlaHty+uY=,VxhgCzv8WLUo/wXrU/I7X07e/oE=
-15,84,1EBXSLDvwgqylI/48NOlaHty+uY=,VxhgCzv8WLUo/wXrU/I7X07e/oE=
-13,83,1EBXSLDvwgqylI/48NOlaHty+uY=,VxhgCzv8WLUo/wXrU/I7X07e/oE=
-14,84,1EBXSLDvwgqylI/48NOlaHty+uY=,VxhgCzv8WLUo/wXrU/I7X07e/oE=
-13,84,1EBXSLDvwgqylI/48NOlaHty+uY=,VxhgCzv8WLUo/wXrU/I7X07e/oE=
-15,83,1EBXSLDvwgqylI/48NOlaHty+uY=,VxhgCzv8WLUo/wXrU/I7X07e/oE=
-15,95,1EBXSLDvwgqylI/48NOlaHty+uY=,g9FosCAjc0xrrQys+NsCNh0G0Bw=
-13,95,1EBXSLDvwgqylI/48NOlaHty+uY=,g9FosCAjc0xrrQys+NsCNh0G0Bw=
-12,95,1EBXSLDvwgqylI/48NOlaHty+uY=,g9FosCAjc0xrrQys+NsCNh0G0Bw=
-14,95,1EBXSLDvwgqylI/48NOlaHty+uY=,g9FosCAjc0xrrQys+NsCNh0G0Bw=
-11,95,1EBXSLDvwgqylI/48NOlaHty+uY=,g9FosCAjc0xrrQys+NsCNh0G0Bw=
-14,80,1EBXSLDvwgqylI/48NOlaHty+uY=,VxhgCzv8WLUo/wXrU/I7X07e/oE=
-15,80,1EBXSLDvwgqylI/48NOlaHty+uY=,VxhgCzv8WLUo/wXrU/I7X07e/oE=
-16,81,1EBXSLDvwgqylI/48NOlaHty+uY=,VxhgCzv8WLUo/wXrU/I7X07e/oE=
-16,82,1EBXSLDvwgqylI/48NOlaHty+uY=,VxhgCzv8WLUo/wXrU/I7X07e/oE=
-16,85,1EBXSLDvwgqylI/48NOlaHty+uY=,VxhgCzv8WLUo/wXrU/I7X07e/oE=
-16,86,1EBXSLDvwgqylI/48NOlaHty+uY=,VxhgCzv8WLUo/wXrU/I7X07e/oE=
-16,83,1EBXSLDvwgqylI/48NOlaHty+uY=,VxhgCzv8WLUo/wXrU/I7X07e/oE=
-16,84,1EBXSLDvwgqylI/48NOlaHty+uY=,VxhgCzv8WLUo/wXrU/I7X07e/oE=
-16,89,1EBXSLDvwgqylI/48NOlaHty+uY=,g9FosCAjc0xrrQys+NsCNh0G0Bw=
-16,88,1EBXSLDvwgqylI/48NOlaHty+uY=,g9FosCAjc0xrrQys+NsCNh0G0Bw=
-16,90,1EBXSLDvwgqylI/48NOlaHty+uY=,g9FosCAjc0xrrQys+NsCNh0G0Bw=
-16,91,1EBXSLDvwgqylI/48NOlaHty+uY=,g9FosCAjc0xrrQys+NsCNh0G0Bw=
-16,92,1EBXSLDvwgqylI/48NOlaHty+uY=,g9FosCAjc0xrrQys+NsCNh0G0Bw=
-16,93,1EBXSLDvwgqylI/48NOlaHty+uY=,g9FosCAjc0xrrQys+NsCNh0G0Bw=
-16,94,W74SqyBfuQ0hOBrOYhtlijxRuhs=,g9FosCAjc0xrrQys+NsCNh0G0Bw=
-16,87,W74SqyBfuQ0hOBrOYhtlijxRuhs=,VxhgCzv8WLUo/wXrU/I7X07e/oE=
-16,95,W74SqyBfuQ0hOBrOYhtlijxRuhs=,g9FosCAjc0xrrQys+NsCNh0G0Bw=
-16,80,W74SqyBfuQ0hOBrOYhtlijxRuhs=,VxhgCzv8WLUo/wXrU/I7X07e/oE=
-13,80,W74SqyBfuQ0hOBrOYhtlijxRuhs=,VxhgCzv8WLUo/wXrU/I7X07e/oE=
-12,80,W74SqyBfuQ0hOBrOYhtlijxRuhs=,VxhgCzv8WLUo/wXrU/I7X07e/oE=
-12,81,W74SqyBfuQ0hOBrOYhtlijxRuhs=,VxhgCzv8WLUo/wXrU/I7X07e/oE=
-3,86,W74SqyBfuQ0hOBrOYhtlijxRuhs=,JJQlHh+JtSAmuQtWDShcX4Qv9wo=
-2,86,W74SqyBfuQ0hOBrOYhtlijxRuhs=,JJQlHh+JtSAmuQtWDShcX4Qv9wo=
-4,86,W74SqyBfuQ0hOBrOYhtlijxRuhs=,JJQlHh+JtSAmuQtWDShcX4Qv9wo=
-12,84,W74SqyBfuQ0hOBrOYhtlijxRuhs=,VxhgCzv8WLUo/wXrU/I7X07e/oE=
-12,82,W74SqyBfuQ0hOBrOYhtlijxRuhs=,VxhgCzv8WLUo/wXrU/I7X07e/oE=
-12,85,W74SqyBfuQ0hOBrOYhtlijxRuhs=,VxhgCzv8WLUo/wXrU/I7X07e/oE=
-11,80,W74SqyBfuQ0hOBrOYhtlijxRuhs=,VxhgCzv8WLUo/wXrU/I7X07e/oE=
-8,94,EAhgSRoeAdtRulaej6lUvUd32kc=,9xiXYVpPCKmMy6TXtRHpqWkSRfs=
-10,94,EAhgSRoeAdtRulaej6lUvUd32kc=,g9FosCAjc0xrrQys+NsCNh0G0Bw=
-9,87,EAhgSRoeAdtRulaej6lUvUd32kc=,VxhgCzv8WLUo/wXrU/I7X07e/oE=
-12,83,EAhgSRoeAdtRulaej6lUvUd32kc=,VxhgCzv8WLUo/wXrU/I7X07e/oE=
-9,86,EAhgSRoeAdtRulaej6lUvUd32kc=,VxhgCzv8WLUo/wXrU/I7X07e/oE=
-10,84,EAhgSRoeAdtRulaej6lUvUd32kc=,VxhgCzv8WLUo/wXrU/I7X07e/oE=
-8,84,EAhgSRoeAdtRulaej6lUvUd32kc=,JJQlHh+JtSAmuQtWDShcX4Qv9wo=
-11,87,EAhgSRoeAdtRulaej6lUvUd32kc=,VxhgCzv8WLUo/wXrU/I7X07e/oE=
-1,86,EAhgSRoeAdtRulaej6lUvUd32kc=,JJQlHh+JtSAmuQtWDShcX4Qv9wo=
-9,80,EAhgSRoeAdtRulaej6lUvUd32kc=,VxhgCzv8WLUo/wXrU/I7X07e/oE=
-11,82,EAhgSRoeAdtRulaej6lUvUd32kc=,VxhgCzv8WLUo/wXrU/I7X07e/oE=
-4,88,EAhgSRoeAdtRulaej6lUvUd32kc=,9xiXYVpPCKmMy6TXtRHpqWkSRfs=
-10,82,EAhgSRoeAdtRulaej6lUvUd32kc=,VxhgCzv8WLUo/wXrU/I7X07e/oE=
-11,84,EAhgSRoeAdtRulaej6lUvUd32kc=,VxhgCzv8WLUo/wXrU/I7X07e/oE=
-10,81,EAhgSRoeAdtRulaej6lUvUd32kc=,VxhgCzv8WLUo/wXrU/I7X07e/oE=
-11,86,EAhgSRoeAdtRulaej6lUvUd32kc=,VxhgCzv8WLUo/wXrU/I7X07e/oE=
-7,84,EAhgSRoeAdtRulaej6lUvUd32kc=,JJQlHh+JtSAmuQtWDShcX4Qv9wo=
-11,81,EAhgSRoeAdtRulaej6lUvUd32kc=,VxhgCzv8WLUo/wXrU/I7X07e/oE=
-9,85,Qf+a1iOL+G38Y4yNErH87lLoExw=,VxhgCzv8WLUo/wXrU/I7X07e/oE=
-9,84,Qf+a1iOL+G38Y4yNErH87lLoExw=,VxhgCzv8WLUo/wXrU/I7X07e/oE=
-10,85,Qf+a1iOL+G38Y4yNErH87lLoExw=,VxhgCzv8WLUo/wXrU/I7X07e/oE=
-11,85,Qf+a1iOL+G38Y4yNErH87lLoExw=,VxhgCzv8WLUo/wXrU/I7X07e/oE=
-10,86,Qf+a1iOL+G38Y4yNErH87lLoExw=,VxhgCzv8WLUo/wXrU/I7X07e/oE=
-1,87,Qf+a1iOL+G38Y4yNErH87lLoExw=,JJQlHh+JtSAmuQtWDShcX4Qv9wo=
-4,94,Qf+a1iOL+G38Y4yNErH87lLoExw=,9xiXYVpPCKmMy6TXtRHpqWkSRfs=
-6,94,Qf+a1iOL+G38Y4yNErH87lLoExw=,9xiXYVpPCKmMy6TXtRHpqWkSRfs=
-7,94,Qf+a1iOL+G38Y4yNErH87lLoExw=,9xiXYVpPCKmMy6TXtRHpqWkSRfs=
-5,94,Qf+a1iOL+G38Y4yNErH87lLoExw=,9xiXYVpPCKmMy6TXtRHpqWkSRfs=
-8,89,Qf+a1iOL+G38Y4yNErH87lLoExw=,9xiXYVpPCKmMy6TXtRHpqWkSRfs=
-2,88,Qf+a1iOL+G38Y4yNErH87lLoExw=,9xiXYVpPCKmMy6TXtRHpqWkSRfs=
-10,87,Qf+a1iOL+G38Y4yNErH87lLoExw=,VxhgCzv8WLUo/wXrU/I7X07e/oE=
-8,95,Qf+a1iOL+G38Y4yNErH87lLoExw=,9xiXYVpPCKmMy6TXtRHpqWkSRfs=
-1,88,Qf+a1iOL+G38Y4yNErH87lLoExw=,9xiXYVpPCKmMy6TXtRHpqWkSRfs=
-3,94,Qf+a1iOL+G38Y4yNErH87lLoExw=,9xiXYVpPCKmMy6TXtRHpqWkSRfs=
-5,92,Qf+a1iOL+G38Y4yNErH87lLoExw=,9xiXYVpPCKmMy6TXtRHpqWkSRfs=
-6,92,Qf+a1iOL+G38Y4yNErH87lLoExw=,9xiXYVpPCKmMy6TXtRHpqWkSRfs=
-1,80,Qf+a1iOL+G38Y4yNErH87lLoExw=,JJQlHh+JtSAmuQtWDShcX4Qv9wo=
-7,93,Qf+a1iOL+G38Y4yNErH87lLoExw=,9xiXYVpPCKmMy6TXtRHpqWkSRfs=
-6,89,Qf+a1iOL+G38Y4yNErH87lLoExw=,9xiXYVpPCKmMy6TXtRHpqWkSRfs=
-8,88,Qf+a1iOL+G38Y4yNErH87lLoExw=,9xiXYVpPCKmMy6TXtRHpqWkSRfs=
-6,93,Qf+a1iOL+G38Y4yNErH87lLoExw=,9xiXYVpPCKmMy6TXtRHpqWkSRfs=
-5,93,Qf+a1iOL+G38Y4yNErH87lLoExw=,9xiXYVpPCKmMy6TXtRHpqWkSRfs=
-7,95,Qf+a1iOL+G38Y4yNErH87lLoExw=,9xiXYVpPCKmMy6TXtRHpqWkSRfs=
-3,88,Qf+a1iOL+G38Y4yNErH87lLoExw=,9xiXYVpPCKmMy6TXtRHpqWkSRfs=
-6,95,Qf+a1iOL+G38Y4yNErH87lLoExw=,9xiXYVpPCKmMy6TXtRHpqWkSRfs=
-9,95,Qf+a1iOL+G38Y4yNErH87lLoExw=,g9FosCAjc0xrrQys+NsCNh0G0Bw=
-9,94,Qf+a1iOL+G38Y4yNErH87lLoExw=,g9FosCAjc0xrrQys+NsCNh0G0Bw=
-9,93,Qf+a1iOL+G38Y4yNErH87lLoExw=,g9FosCAjc0xrrQys+NsCNh0G0Bw=
-9,88,Qf+a1iOL+G38Y4yNErH87lLoExw=,g9FosCAjc0xrrQys+NsCNh0G0Bw=
-6,91,Qf+a1iOL+G38Y4yNErH87lLoExw=,9xiXYVpPCKmMy6TXtRHpqWkSRfs=
-5,91,Qf+a1iOL+G38Y4yNErH87lLoExw=,9xiXYVpPCKmMy6TXtRHpqWkSRfs=
-4,91,Qf+a1iOL+G38Y4yNErH87lLoExw=,9xiXYVpPCKmMy6TXtRHpqWkSRfs=
-7,88,Qf+a1iOL+G38Y4yNErH87lLoExw=,9xiXYVpPCKmMy6TXtRHpqWkSRfs=
-6,88,Qf+a1iOL+G38Y4yNErH87lLoExw=,9xiXYVpPCKmMy6TXtRHpqWkSRfs=
-9,92,Qf+a1iOL+G38Y4yNErH87lLoExw=,g9FosCAjc0xrrQys+NsCNh0G0Bw=
-7,91,Qf+a1iOL+G38Y4yNErH87lLoExw=,9xiXYVpPCKmMy6TXtRHpqWkSRfs=
-5,88,Qf+a1iOL+G38Y4yNErH87lLoExw=,9xiXYVpPCKmMy6TXtRHpqWkSRfs=
-2,94,Qf+a1iOL+G38Y4yNErH87lLoExw=,9xiXYVpPCKmMy6TXtRHpqWkSRfs=
-8,92,Qf+a1iOL+G38Y4yNErH87lLoExw=,9xiXYVpPCKmMy6TXtRHpqWkSRfs=
-7,89,Qf+a1iOL+G38Y4yNErH87lLoExw=,9xiXYVpPCKmMy6TXtRHpqWkSRfs=
-5,89,Qf+a1iOL+G38Y4yNErH87lLoExw=,9xiXYVpPCKmMy6TXtRHpqWkSRfs=
-6,90,Qf+a1iOL+G38Y4yNErH87lLoExw=,9xiXYVpPCKmMy6TXtRHpqWkSRfs=
-5,95,Qf+a1iOL+G38Y4yNErH87lLoExw=,9xiXYVpPCKmMy6TXtRHpqWkSRfs=
-3,91,Qf+a1iOL+G38Y4yNErH87lLoExw=,9xiXYVpPCKmMy6TXtRHpqWkSRfs=
-11,88,Qf+a1iOL+G38Y4yNErH87lLoExw=,g9FosCAjc0xrrQys+NsCNh0G0Bw=
-10,95,Qf+a1iOL+G38Y4yNErH87lLoExw=,g9FosCAjc0xrrQys+NsCNh0G0Bw=
-11,93,Qf+a1iOL+G38Y4yNErH87lLoExw=,g9FosCAjc0xrrQys+NsCNh0G0Bw=
-11,91,Qf+a1iOL+G38Y4yNErH87lLoExw=,g9FosCAjc0xrrQys+NsCNh0G0Bw=
-7,90,Qf+a1iOL+G38Y4yNErH87lLoExw=,9xiXYVpPCKmMy6TXtRHpqWkSRfs=
-11,92,Qf+a1iOL+G38Y4yNErH87lLoExw=,g9FosCAjc0xrrQys+NsCNh0G0Bw=
-5,90,Qf+a1iOL+G38Y4yNErH87lLoExw=,9xiXYVpPCKmMy6TXtRHpqWkSRfs=
-8,93,Qf+a1iOL+G38Y4yNErH87lLoExw=,9xiXYVpPCKmMy6TXtRHpqWkSRfs=
-3,90,Qf+a1iOL+G38Y4yNErH87lLoExw=,9xiXYVpPCKmMy6TXtRHpqWkSRfs=
-4,90,Qf+a1iOL+G38Y4yNErH87lLoExw=,9xiXYVpPCKmMy6TXtRHpqWkSRfs=
-2,91,Qf+a1iOL+G38Y4yNErH87lLoExw=,9xiXYVpPCKmMy6TXtRHpqWkSRfs=
-1,91,Qf+a1iOL+G38Y4yNErH87lLoExw=,9xiXYVpPCKmMy6TXtRHpqWkSRfs=
-11,90,Qf+a1iOL+G38Y4yNErH87lLoExw=,g9FosCAjc0xrrQys+NsCNh0G0Bw=
-2,89,Qf+a1iOL+G38Y4yNErH87lLoExw=,9xiXYVpPCKmMy6TXtRHpqWkSRfs=
-11,89,Qf+a1iOL+G38Y4yNErH87lLoExw=,g9FosCAjc0xrrQys+NsCNh0G0Bw=
-7,92,Qf+a1iOL+G38Y4yNErH87lLoExw=,9xiXYVpPCKmMy6TXtRHpqWkSRfs=
-1,94,Qf+a1iOL+G38Y4yNErH87lLoExw=,9xiXYVpPCKmMy6TXtRHpqWkSRfs=
-9,81,Qf+a1iOL+G38Y4yNErH87lLoExw=,VxhgCzv8WLUo/wXrU/I7X07e/oE=
-2,80,Qf+a1iOL+G38Y4yNErH87lLoExw=,JJQlHh+JtSAmuQtWDShcX4Qv9wo=
-9,89,Qf+a1iOL+G38Y4yNErH87lLoExw=,g9FosCAjc0xrrQys+NsCNh0G0Bw=
-2,90,Qf+a1iOL+G38Y4yNErH87lLoExw=,9xiXYVpPCKmMy6TXtRHpqWkSRfs=
-8,80,Qf+a1iOL+G38Y4yNErH87lLoExw=,JJQlHh+JtSAmuQtWDShcX4Qv9wo=
-3,89,Qf+a1iOL+G38Y4yNErH87lLoExw=,9xiXYVpPCKmMy6TXtRHpqWkSRfs=
-10,90,Qf+a1iOL+G38Y4yNErH87lLoExw=,g9FosCAjc0xrrQys+NsCNh0G0Bw=
-8,91,Qf+a1iOL+G38Y4yNErH87lLoExw=,9xiXYVpPCKmMy6TXtRHpqWkSRfs=
-2,87,Qf+a1iOL+G38Y4yNErH87lLoExw=,JJQlHh+JtSAmuQtWDShcX4Qv9wo=
-9,90,Qf+a1iOL+G38Y4yNErH87lLoExw=,g9FosCAjc0xrrQys+NsCNh0G0Bw=
-10,80,Qf+a1iOL+G38Y4yNErH87lLoExw=,VxhgCzv8WLUo/wXrU/I7X07e/oE=
-5,80,Qf+a1iOL+G38Y4yNErH87lLoExw=,JJQlHh+JtSAmuQtWDShcX4Qv9wo=
-4,89,Qf+a1iOL+G38Y4yNErH87lLoExw=,9xiXYVpPCKmMy6TXtRHpqWkSRfs=
-9,91,Qf+a1iOL+G38Y4yNErH87lLoExw=,g9FosCAjc0xrrQys+NsCNh0G0Bw=
-1,89,Qf+a1iOL+G38Y4yNErH87lLoExw=,9xiXYVpPCKmMy6TXtRHpqWkSRfs=
-10,92,Qf+a1iOL+G38Y4yNErH87lLoExw=,g9FosCAjc0xrrQys+NsCNh0G0Bw=
-10,93,Qf+a1iOL+G38Y4yNErH87lLoExw=,g9FosCAjc0xrrQys+NsCNh0G0Bw=
-1,90,Qf+a1iOL+G38Y4yNErH87lLoExw=,9xiXYVpPCKmMy6TXtRHpqWkSRfs=
-4,92,Qf+a1iOL+G38Y4yNErH87lLoExw=,9xiXYVpPCKmMy6TXtRHpqWkSRfs=
-10,88,Qf+a1iOL+G38Y4yNErH87lLoExw=,g9FosCAjc0xrrQys+NsCNh0G0Bw=
-4,95,Qf+a1iOL+G38Y4yNErH87lLoExw=,9xiXYVpPCKmMy6TXtRHpqWkSRfs=
-8,90,Qf+a1iOL+G38Y4yNErH87lLoExw=,9xiXYVpPCKmMy6TXtRHpqWkSRfs=
-6,82,Qf+a1iOL+G38Y4yNErH87lLoExw=,JJQlHh+JtSAmuQtWDShcX4Qv9wo=
-8,81,Qf+a1iOL+G38Y4yNErH87lLoExw=,JJQlHh+JtSAmuQtWDShcX4Qv9wo=
-1,95,Qf+a1iOL+G38Y4yNErH87lLoExw=,9xiXYVpPCKmMy6TXtRHpqWkSRfs=
-6,80,Qf+a1iOL+G38Y4yNErH87lLoExw=,JJQlHh+JtSAmuQtWDShcX4Qv9wo=
-7,80,Qf+a1iOL+G38Y4yNErH87lLoExw=,JJQlHh+JtSAmuQtWDShcX4Qv9wo=
-7,83,Qf+a1iOL+G38Y4yNErH87lLoExw=,JJQlHh+JtSAmuQtWDShcX4Qv9wo=
-9,82,Qf+a1iOL+G38Y4yNErH87lLoExw=,VxhgCzv8WLUo/wXrU/I7X07e/oE=
-6,83,Qf+a1iOL+G38Y4yNErH87lLoExw=,JJQlHh+JtSAmuQtWDShcX4Qv9wo=
-10,91,Qf+a1iOL+G38Y4yNErH87lLoExw=,g9FosCAjc0xrrQys+NsCNh0G0Bw=
-5,83,Qf+a1iOL+G38Y4yNErH87lLoExw=,JJQlHh+JtSAmuQtWDShcX4Qv9wo=
-6,81,Qf+a1iOL+G38Y4yNErH87lLoExw=,JJQlHh+JtSAmuQtWDShcX4Qv9wo=
-8,83,Qf+a1iOL+G38Y4yNErH87lLoExw=,JJQlHh+JtSAmuQtWDShcX4Qv9wo=
-10,83,Qf+a1iOL+G38Y4yNErH87lLoExw=,VxhgCzv8WLUo/wXrU/I7X07e/oE=
-6,84,Qf+a1iOL+G38Y4yNErH87lLoExw=,JJQlHh+JtSAmuQtWDShcX4Qv9wo=
-9,83,Qf+a1iOL+G38Y4yNErH87lLoExw=,VxhgCzv8WLUo/wXrU/I7X07e/oE=
-10,89,Qf+a1iOL+G38Y4yNErH87lLoExw=,g9FosCAjc0xrrQys+NsCNh0G0Bw=
-5,84,Qf+a1iOL+G38Y4yNErH87lLoExw=,JJQlHh+JtSAmuQtWDShcX4Qv9wo=
-3,80,Qf+a1iOL+G38Y4yNErH87lLoExw=,JJQlHh+JtSAmuQtWDShcX4Qv9wo=
-7,82,Qf+a1iOL+G38Y4yNErH87lLoExw=,JJQlHh+JtSAmuQtWDShcX4Qv9wo=
-5,81,Qf+a1iOL+G38Y4yNErH87lLoExw=,JJQlHh+JtSAmuQtWDShcX4Qv9wo=
-8,82,Qf+a1iOL+G38Y4yNErH87lLoExw=,JJQlHh+JtSAmuQtWDShcX4Qv9wo=
-7,81,Qf+a1iOL+G38Y4yNErH87lLoExw=,JJQlHh+JtSAmuQtWDShcX4Qv9wo=
-4,93,Qf+a1iOL+G38Y4yNErH87lLoExw=,9xiXYVpPCKmMy6TXtRHpqWkSRfs=
-3,93,Qf+a1iOL+G38Y4yNErH87lLoExw=,9xiXYVpPCKmMy6TXtRHpqWkSRfs=
-3,87,Qf+a1iOL+G38Y4yNErH87lLoExw=,JJQlHh+JtSAmuQtWDShcX4Qv9wo=
-5,82,Qf+a1iOL+G38Y4yNErH87lLoExw=,JJQlHh+JtSAmuQtWDShcX4Qv9wo=
-3,95,Qf+a1iOL+G38Y4yNErH87lLoExw=,9xiXYVpPCKmMy6TXtRHpqWkSRfs=
-2,93,Qf+a1iOL+G38Y4yNErH87lLoExw=,9xiXYVpPCKmMy6TXtRHpqWkSRfs=
-11,83,Qf+a1iOL+G38Y4yNErH87lLoExw=,VxhgCzv8WLUo/wXrU/I7X07e/oE=
-4,84,Qf+a1iOL+G38Y4yNErH87lLoExw=,JJQlHh+JtSAmuQtWDShcX4Qv9wo=
-3,92,Qf+a1iOL+G38Y4yNErH87lLoExw=,9xiXYVpPCKmMy6TXtRHpqWkSRfs=
-1,93,Qf+a1iOL+G38Y4yNErH87lLoExw=,9xiXYVpPCKmMy6TXtRHpqWkSRfs=
-1,92,Qf+a1iOL+G38Y4yNErH87lLoExw=,9xiXYVpPCKmMy6TXtRHpqWkSRfs=
-2,95,Qf+a1iOL+G38Y4yNErH87lLoExw=,9xiXYVpPCKmMy6TXtRHpqWkSRfs=
-4,80,Qf+a1iOL+G38Y4yNErH87lLoExw=,JJQlHh+JtSAmuQtWDShcX4Qv9wo=
-2,92,Qf+a1iOL+G38Y4yNErH87lLoExw=,9xiXYVpPCKmMy6TXtRHpqWkSRfs=
-1,85,Qf+a1iOL+G38Y4yNErH87lLoExw=,JJQlHh+JtSAmuQtWDShcX4Qv9wo=
-4,85,Qf+a1iOL+G38Y4yNErH87lLoExw=,JJQlHh+JtSAmuQtWDShcX4Qv9wo=
-4,87,Qf+a1iOL+G38Y4yNErH87lLoExw=,JJQlHh+JtSAmuQtWDShcX4Qv9wo=
-5,85,Qf+a1iOL+G38Y4yNErH87lLoExw=,JJQlHh+JtSAmuQtWDShcX4Qv9wo=
-3,84,Qf+a1iOL+G38Y4yNErH87lLoExw=,JJQlHh+JtSAmuQtWDShcX4Qv9wo=
-2,85,Qf+a1iOL+G38Y4yNErH87lLoExw=,JJQlHh+JtSAmuQtWDShcX4Qv9wo=
-4,81,Qf+a1iOL+G38Y4yNErH87lLoExw=,JJQlHh+JtSAmuQtWDShcX4Qv9wo=
-1,84,Qf+a1iOL+G38Y4yNErH87lLoExw=,JJQlHh+JtSAmuQtWDShcX4Qv9wo=
-3,85,Qf+a1iOL+G38Y4yNErH87lLoExw=,JJQlHh+JtSAmuQtWDShcX4Qv9wo=
-3,83,Qf+a1iOL+G38Y4yNErH87lLoExw=,JJQlHh+JtSAmuQtWDShcX4Qv9wo=
-8,86,Qf+a1iOL+G38Y4yNErH87lLoExw=,JJQlHh+JtSAmuQtWDShcX4Qv9wo=
-8,85,Qf+a1iOL+G38Y4yNErH87lLoExw=,JJQlHh+JtSAmuQtWDShcX4Qv9wo=
-2,82,Qf+a1iOL+G38Y4yNErH87lLoExw=,JJQlHh+JtSAmuQtWDShcX4Qv9wo=
-2,84,Qf+a1iOL+G38Y4yNErH87lLoExw=,JJQlHh+JtSAmuQtWDShcX4Qv9wo=
-4,83,Qf+a1iOL+G38Y4yNErH87lLoExw=,JJQlHh+JtSAmuQtWDShcX4Qv9wo=
-1,83,Qf+a1iOL+G38Y4yNErH87lLoExw=,JJQlHh+JtSAmuQtWDShcX4Qv9wo=
-7,85,Qf+a1iOL+G38Y4yNErH87lLoExw=,JJQlHh+JtSAmuQtWDShcX4Qv9wo=
-2,83,Qf+a1iOL+G38Y4yNErH87lLoExw=,JJQlHh+JtSAmuQtWDShcX4Qv9wo=
-6,85,Qf+a1iOL+G38Y4yNErH87lLoExw=,JJQlHh+JtSAmuQtWDShcX4Qv9wo=
-7,87,Qf+a1iOL+G38Y4yNErH87lLoExw=,JJQlHh+JtSAmuQtWDShcX4Qv9wo=
-7,86,Qf+a1iOL+G38Y4yNErH87lLoExw=,JJQlHh+JtSAmuQtWDShcX4Qv9wo=
-1,81,Qf+a1iOL+G38Y4yNErH87lLoExw=,JJQlHh+JtSAmuQtWDShcX4Qv9wo=
-3,81,Qf+a1iOL+G38Y4yNErH87lLoExw=,JJQlHh+JtSAmuQtWDShcX4Qv9wo=
-2,81,Qf+a1iOL+G38Y4yNErH87lLoExw=,JJQlHh+JtSAmuQtWDShcX4Qv9wo=
-1,82,Qf+a1iOL+G38Y4yNErH87lLoExw=,JJQlHh+JtSAmuQtWDShcX4Qv9wo=
-5,86,Qf+a1iOL+G38Y4yNErH87lLoExw=,JJQlHh+JtSAmuQtWDShcX4Qv9wo=
-5,87,Qf+a1iOL+G38Y4yNErH87lLoExw=,JJQlHh+JtSAmuQtWDShcX4Qv9wo=
-3,82,Qf+a1iOL+G38Y4yNErH87lLoExw=,JJQlHh+JtSAmuQtWDShcX4Qv9wo=
-4,82,Qf+a1iOL+G38Y4yNErH87lLoExw=,JJQlHh+JtSAmuQtWDShcX4Qv9wo=
-8,87,Qf+a1iOL+G38Y4yNErH87lLoExw=,JJQlHh+JtSAmuQtWDShcX4Qv9wo=
-6,86,Qf+a1iOL+G38Y4yNErH87lLoExw=,JJQlHh+JtSAmuQtWDShcX4Qv9wo=
-6,87,Qf+a1iOL+G38Y4yNErH87lLoExw=,JJQlHh+JtSAmuQtWDShcX4Qv9wo=
-16,73,9aojs/3l1glFuLTX/XCWxwHr6H4=,o8sg44VtlNVO8TEJ9Bk/2Tdjy/0=
-14,78,9aojs/3l1glFuLTX/XCWxwHr6H4=,o8sg44VtlNVO8TEJ9Bk/2Tdjy/0=
-13,78,9aojs/3l1glFuLTX/XCWxwHr6H4=,o8sg44VtlNVO8TEJ9Bk/2Tdjy/0=
-15,78,9aojs/3l1glFuLTX/XCWxwHr6H4=,o8sg44VtlNVO8TEJ9Bk/2Tdjy/0=
-16,78,9aojs/3l1glFuLTX/XCWxwHr6H4=,o8sg44VtlNVO8TEJ9Bk/2Tdjy/0=
-14,77,9aojs/3l1glFuLTX/XCWxwHr6H4=,o8sg44VtlNVO8TEJ9Bk/2Tdjy/0=
-13,77,9aojs/3l1glFuLTX/XCWxwHr6H4=,o8sg44VtlNVO8TEJ9Bk/2Tdjy/0=
-15,77,9aojs/3l1glFuLTX/XCWxwHr6H4=,o8sg44VtlNVO8TEJ9Bk/2Tdjy/0=
-16,77,9aojs/3l1glFuLTX/XCWxwHr6H4=,o8sg44VtlNVO8TEJ9Bk/2Tdjy/0=
-14,76,9aojs/3l1glFuLTX/XCWxwHr6H4=,o8sg44VtlNVO8TEJ9Bk/2Tdjy/0=
-13,76,9aojs/3l1glFuLTX/XCWxwHr6H4=,o8sg44VtlNVO8TEJ9Bk/2Tdjy/0=
-15,76,nBvTxKA4gw/QUQsEFuHYDjInCBw=,o8sg44VtlNVO8TEJ9Bk/2Tdjy/0=
-16,76,nBvTxKA4gw/QUQsEFuHYDjInCBw=,o8sg44VtlNVO8TEJ9Bk/2Tdjy/0=
-15,79,nBvTxKA4gw/QUQsEFuHYDjInCBw=,o8sg44VtlNVO8TEJ9Bk/2Tdjy/0=
-14,79,nBvTxKA4gw/QUQsEFuHYDjInCBw=,o8sg44VtlNVO8TEJ9Bk/2Tdjy/0=
-13,79,nBvTxKA4gw/QUQsEFuHYDjInCBw=,o8sg44VtlNVO8TEJ9Bk/2Tdjy/0=
-13,75,nBvTxKA4gw/QUQsEFuHYDjInCBw=,o8sg44VtlNVO8TEJ9Bk/2Tdjy/0=
-16,70,nBvTxKA4gw/QUQsEFuHYDjInCBw=,aSwFpk9J7727EaUJ7BNoFJaJ83Y=
-14,75,nBvTxKA4gw/QUQsEFuHYDjInCBw=,o8sg44VtlNVO8TEJ9Bk/2Tdjy/0=
-16,71,nBvTxKA4gw/QUQsEFuHYDjInCBw=,aSwFpk9J7727EaUJ7BNoFJaJ83Y=
-16,69,nBvTxKA4gw/QUQsEFuHYDjInCBw=,aSwFpk9J7727EaUJ7BNoFJaJ83Y=
-16,72,nBvTxKA4gw/QUQsEFuHYDjInCBw=,o8sg44VtlNVO8TEJ9Bk/2Tdjy/0=
-10,72,nBvTxKA4gw/QUQsEFuHYDjInCBw=,o8sg44VtlNVO8TEJ9Bk/2Tdjy/0=
-9,79,nBvTxKA4gw/QUQsEFuHYDjInCBw=,o8sg44VtlNVO8TEJ9Bk/2Tdjy/0=
-10,75,nBvTxKA4gw/QUQsEFuHYDjInCBw=,o8sg44VtlNVO8TEJ9Bk/2Tdjy/0=
-9,75,nBvTxKA4gw/QUQsEFuHYDjInCBw=,o8sg44VtlNVO8TEJ9Bk/2Tdjy/0=
-16,68,nBvTxKA4gw/QUQsEFuHYDjInCBw=,aSwFpk9J7727EaUJ7BNoFJaJ83Y=
-9,78,nBvTxKA4gw/QUQsEFuHYDjInCBw=,o8sg44VtlNVO8TEJ9Bk/2Tdjy/0=
-12,75,nBvTxKA4gw/QUQsEFuHYDjInCBw=,o8sg44VtlNVO8TEJ9Bk/2Tdjy/0=
-11,75,nBvTxKA4gw/QUQsEFuHYDjInCBw=,o8sg44VtlNVO8TEJ9Bk/2Tdjy/0=
-15,73,nBvTxKA4gw/QUQsEFuHYDjInCBw=,o8sg44VtlNVO8TEJ9Bk/2Tdjy/0=
-14,73,nBvTxKA4gw/QUQsEFuHYDjInCBw=,o8sg44VtlNVO8TEJ9Bk/2Tdjy/0=
-13,73,nBvTxKA4gw/QUQsEFuHYDjInCBw=,o8sg44VtlNVO8TEJ9Bk/2Tdjy/0=
-10,78,nBvTxKA4gw/QUQsEFuHYDjInCBw=,o8sg44VtlNVO8TEJ9Bk/2Tdjy/0=
-13,70,6WEJDvNnsMPG37UvH3hldw0DAYw=,aSwFpk9J7727EaUJ7BNoFJaJ83Y=
-15,72,9QZFJ4FTgt5wpOuE2qkZUL/5Vho=,o8sg44VtlNVO8TEJ9Bk/2Tdjy/0=
-5,79,9QZFJ4FTgt5wpOuE2qkZUL/5Vho=,iGqiVT7i+u8GQpUXC2LMMo5xMi8=
-14,70,9QZFJ4FTgt5wpOuE2qkZUL/5Vho=,aSwFpk9J7727EaUJ7BNoFJaJ83Y=
-8,72,9QZFJ4FTgt5wpOuE2qkZUL/5Vho=,iGqiVT7i+u8GQpUXC2LMMo5xMi8=
-15,69,9QZFJ4FTgt5wpOuE2qkZUL/5Vho=,aSwFpk9J7727EaUJ7BNoFJaJ83Y=
-16,74,9QZFJ4FTgt5wpOuE2qkZUL/5Vho=,o8sg44VtlNVO8TEJ9Bk/2Tdjy/0=
-15,74,9QZFJ4FTgt5wpOuE2qkZUL/5Vho=,o8sg44VtlNVO8TEJ9Bk/2Tdjy/0=
-14,69,9QZFJ4FTgt5wpOuE2qkZUL/5Vho=,aSwFpk9J7727EaUJ7BNoFJaJ83Y=
-14,74,9QZFJ4FTgt5wpOuE2qkZUL/5Vho=,o8sg44VtlNVO8TEJ9Bk/2Tdjy/0=
-13,74,9QZFJ4FTgt5wpOuE2qkZUL/5Vho=,o8sg44VtlNVO8TEJ9Bk/2Tdjy/0=
-15,70,9QZFJ4FTgt5wpOuE2qkZUL/5Vho=,aSwFpk9J7727EaUJ7BNoFJaJ83Y=
-12,73,9QZFJ4FTgt5wpOuE2qkZUL/5Vho=,o8sg44VtlNVO8TEJ9Bk/2Tdjy/0=
-10,71,9QZFJ4FTgt5wpOuE2qkZUL/5Vho=,aSwFpk9J7727EaUJ7BNoFJaJ83Y=
-16,75,9QZFJ4FTgt5wpOuE2qkZUL/5Vho=,o8sg44VtlNVO8TEJ9Bk/2Tdjy/0=
-15,75,9QZFJ4FTgt5wpOuE2qkZUL/5Vho=,o8sg44VtlNVO8TEJ9Bk/2Tdjy/0=
-8,76,9QZFJ4FTgt5wpOuE2qkZUL/5Vho=,iGqiVT7i+u8GQpUXC2LMMo5xMi8=
-15,68,9QZFJ4FTgt5wpOuE2qkZUL/5Vho=,aSwFpk9J7727EaUJ7BNoFJaJ83Y=
-8,75,9QZFJ4FTgt5wpOuE2qkZUL/5Vho=,iGqiVT7i+u8GQpUXC2LMMo5xMi8=
-8,71,2uw2+IXFWf8dqsp/jJ9STNmJXbQ=,7NzwAK/+GwIiKLZsmmCp9/nKE8A=
-12,74,2uw2+IXFWf8dqsp/jJ9STNmJXbQ=,o8sg44VtlNVO8TEJ9Bk/2Tdjy/0=
-11,73,2uw2+IXFWf8dqsp/jJ9STNmJXbQ=,o8sg44VtlNVO8TEJ9Bk/2Tdjy/0=
-10,73,9zsRkMI4iHM/3f1TD2dcc0NcjDc=,o8sg44VtlNVO8TEJ9Bk/2Tdjy/0=
-9,76,9zsRkMI4iHM/3f1TD2dcc0NcjDc=,o8sg44VtlNVO8TEJ9Bk/2Tdjy/0=
-8,74,9zsRkMI4iHM/3f1TD2dcc0NcjDc=,iGqiVT7i+u8GQpUXC2LMMo5xMi8=
-6,79,omrZ9hW9hovGpuHlcJkD30NGRLM=,iGqiVT7i+u8GQpUXC2LMMo5xMi8=
-12,72,omrZ9hW9hovGpuHlcJkD30NGRLM=,o8sg44VtlNVO8TEJ9Bk/2Tdjy/0=
-14,72,omrZ9hW9hovGpuHlcJkD30NGRLM=,o8sg44VtlNVO8TEJ9Bk/2Tdjy/0=
-11,76,omrZ9hW9hovGpuHlcJkD30NGRLM=,o8sg44VtlNVO8TEJ9Bk/2Tdjy/0=
-12,79,omrZ9hW9hovGpuHlcJkD30NGRLM=,o8sg44VtlNVO8TEJ9Bk/2Tdjy/0=
-11,79,omrZ9hW9hovGpuHlcJkD30NGRLM=,o8sg44VtlNVO8TEJ9Bk/2Tdjy/0=
-11,74,omrZ9hW9hovGpuHlcJkD30NGRLM=,o8sg44VtlNVO8TEJ9Bk/2Tdjy/0=
-10,79,omrZ9hW9hovGpuHlcJkD30NGRLM=,o8sg44VtlNVO8TEJ9Bk/2Tdjy/0=
-10,76,omrZ9hW9hovGpuHlcJkD30NGRLM=,o8sg44VtlNVO8TEJ9Bk/2Tdjy/0=
-12,76,omrZ9hW9hovGpuHlcJkD30NGRLM=,o8sg44VtlNVO8TEJ9Bk/2Tdjy/0=
-12,78,omrZ9hW9hovGpuHlcJkD30NGRLM=,o8sg44VtlNVO8TEJ9Bk/2Tdjy/0=
-9,73,yE2685KKanRvsfmZCqpTwHJWhdk=,o8sg44VtlNVO8TEJ9Bk/2Tdjy/0=
-10,77,yE2685KKanRvsfmZCqpTwHJWhdk=,o8sg44VtlNVO8TEJ9Bk/2Tdjy/0=
-10,74,yE2685KKanRvsfmZCqpTwHJWhdk=,o8sg44VtlNVO8TEJ9Bk/2Tdjy/0=
-9,74,yE2685KKanRvsfmZCqpTwHJWhdk=,o8sg44VtlNVO8TEJ9Bk/2Tdjy/0=
-16,79,yE2685KKanRvsfmZCqpTwHJWhdk=,o8sg44VtlNVO8TEJ9Bk/2Tdjy/0=
-12,77,yE2685KKanRvsfmZCqpTwHJWhdk=,o8sg44VtlNVO8TEJ9Bk/2Tdjy/0=
-11,77,yE2685KKanRvsfmZCqpTwHJWhdk=,o8sg44VtlNVO8TEJ9Bk/2Tdjy/0=
-9,77,yE2685KKanRvsfmZCqpTwHJWhdk=,o8sg44VtlNVO8TEJ9Bk/2Tdjy/0=
-11,72,yE2685KKanRvsfmZCqpTwHJWhdk=,o8sg44VtlNVO8TEJ9Bk/2Tdjy/0=
-11,78,yE2685KKanRvsfmZCqpTwHJWhdk=,o8sg44VtlNVO8TEJ9Bk/2Tdjy/0=
-7,76,yE2685KKanRvsfmZCqpTwHJWhdk=,iGqiVT7i+u8GQpUXC2LMMo5xMi8=
-10,64,yE2685KKanRvsfmZCqpTwHJWhdk=,aSwFpk9J7727EaUJ7BNoFJaJ83Y=
-7,79,yE2685KKanRvsfmZCqpTwHJWhdk=,iGqiVT7i+u8GQpUXC2LMMo5xMi8=
-7,77,yE2685KKanRvsfmZCqpTwHJWhdk=,iGqiVT7i+u8GQpUXC2LMMo5xMi8=
-13,71,yE2685KKanRvsfmZCqpTwHJWhdk=,aSwFpk9J7727EaUJ7BNoFJaJ83Y=
-8,78,yE2685KKanRvsfmZCqpTwHJWhdk=,iGqiVT7i+u8GQpUXC2LMMo5xMi8=
-5,76,yE2685KKanRvsfmZCqpTwHJWhdk=,iGqiVT7i+u8GQpUXC2LMMo5xMi8=
-13,72,yE2685KKanRvsfmZCqpTwHJWhdk=,o8sg44VtlNVO8TEJ9Bk/2Tdjy/0=
-16,64,yE2685KKanRvsfmZCqpTwHJWhdk=,aSwFpk9J7727EaUJ7BNoFJaJ83Y=
-1,71,yE2685KKanRvsfmZCqpTwHJWhdk=,7NzwAK/+GwIiKLZsmmCp9/nKE8A=
-7,78,yE2685KKanRvsfmZCqpTwHJWhdk=,iGqiVT7i+u8GQpUXC2LMMo5xMi8=
-3,70,yE2685KKanRvsfmZCqpTwHJWhdk=,7NzwAK/+GwIiKLZsmmCp9/nKE8A=
-8,79,yE2685KKanRvsfmZCqpTwHJWhdk=,iGqiVT7i+u8GQpUXC2LMMo5xMi8=
-7,75,yE2685KKanRvsfmZCqpTwHJWhdk=,iGqiVT7i+u8GQpUXC2LMMo5xMi8=
-1,70,QiG9r+DsRZ3sc1ri7mVCZkUWoh8=,7NzwAK/+GwIiKLZsmmCp9/nKE8A=
-4,65,QiG9r+DsRZ3sc1ri7mVCZkUWoh8=,7NzwAK/+GwIiKLZsmmCp9/nKE8A=
-1,65,QiG9r+DsRZ3sc1ri7mVCZkUWoh8=,7NzwAK/+GwIiKLZsmmCp9/nKE8A=
-5,78,QiG9r+DsRZ3sc1ri7mVCZkUWoh8=,iGqiVT7i+u8GQpUXC2LMMo5xMi8=
-5,74,QiG9r+DsRZ3sc1ri7mVCZkUWoh8=,iGqiVT7i+u8GQpUXC2LMMo5xMi8=
-14,68,QiG9r+DsRZ3sc1ri7mVCZkUWoh8=,aSwFpk9J7727EaUJ7BNoFJaJ83Y=
-9,71,QiG9r+DsRZ3sc1ri7mVCZkUWoh8=,aSwFpk9J7727EaUJ7BNoFJaJ83Y=
-5,77,QiG9r+DsRZ3sc1ri7mVCZkUWoh8=,iGqiVT7i+u8GQpUXC2LMMo5xMi8=
-6,78,QiG9r+DsRZ3sc1ri7mVCZkUWoh8=,iGqiVT7i+u8GQpUXC2LMMo5xMi8=
-8,77,QiG9r+DsRZ3sc1ri7mVCZkUWoh8=,iGqiVT7i+u8GQpUXC2LMMo5xMi8=
-4,66,IIoq6E1JADeFU0xPSFLdIroMbAs=,7NzwAK/+GwIiKLZsmmCp9/nKE8A=
-11,64,IIoq6E1JADeFU0xPSFLdIroMbAs=,aSwFpk9J7727EaUJ7BNoFJaJ83Y=
-6,76,IIoq6E1JADeFU0xPSFLdIroMbAs=,iGqiVT7i+u8GQpUXC2LMMo5xMi8=
-2,70,IIoq6E1JADeFU0xPSFLdIroMbAs=,7NzwAK/+GwIiKLZsmmCp9/nKE8A=
-9,72,IIoq6E1JADeFU0xPSFLdIroMbAs=,o8sg44VtlNVO8TEJ9Bk/2Tdjy/0=
-1,72,IIoq6E1JADeFU0xPSFLdIroMbAs=,iGqiVT7i+u8GQpUXC2LMMo5xMi8=
-1,64,IIoq6E1JADeFU0xPSFLdIroMbAs=,7NzwAK/+GwIiKLZsmmCp9/nKE8A=
-14,71,IIoq6E1JADeFU0xPSFLdIroMbAs=,aSwFpk9J7727EaUJ7BNoFJaJ83Y=
-2,65,IIoq6E1JADeFU0xPSFLdIroMbAs=,7NzwAK/+GwIiKLZsmmCp9/nKE8A=
-3,65,IIoq6E1JADeFU0xPSFLdIroMbAs=,7NzwAK/+GwIiKLZsmmCp9/nKE8A=
-4,70,IIoq6E1JADeFU0xPSFLdIroMbAs=,7NzwAK/+GwIiKLZsmmCp9/nKE8A=
-13,69,IIoq6E1JADeFU0xPSFLdIroMbAs=,aSwFpk9J7727EaUJ7BNoFJaJ83Y=
-6,77,IIoq6E1JADeFU0xPSFLdIroMbAs=,iGqiVT7i+u8GQpUXC2LMMo5xMi8=
-6,75,IIoq6E1JADeFU0xPSFLdIroMbAs=,iGqiVT7i+u8GQpUXC2LMMo5xMi8=
-7,74,IIoq6E1JADeFU0xPSFLdIroMbAs=,iGqiVT7i+u8GQpUXC2LMMo5xMi8=
-6,74,IIoq6E1JADeFU0xPSFLdIroMbAs=,iGqiVT7i+u8GQpUXC2LMMo5xMi8=
-13,68,IIoq6E1JADeFU0xPSFLdIroMbAs=,aSwFpk9J7727EaUJ7BNoFJaJ83Y=
-5,75,IIoq6E1JADeFU0xPSFLdIroMbAs=,iGqiVT7i+u8GQpUXC2LMMo5xMi8=
-7,73,IIoq6E1JADeFU0xPSFLdIroMbAs=,iGqiVT7i+u8GQpUXC2LMMo5xMi8=
-1,69,IIoq6E1JADeFU0xPSFLdIroMbAs=,7NzwAK/+GwIiKLZsmmCp9/nKE8A=
-6,67,IIoq6E1JADeFU0xPSFLdIroMbAs=,7NzwAK/+GwIiKLZsmmCp9/nKE8A=
-5,67,IIoq6E1JADeFU0xPSFLdIroMbAs=,7NzwAK/+GwIiKLZsmmCp9/nKE8A=
-13,64,IIoq6E1JADeFU0xPSFLdIroMbAs=,aSwFpk9J7727EaUJ7BNoFJaJ83Y=
-4,71,IIoq6E1JADeFU0xPSFLdIroMbAs=,7NzwAK/+GwIiKLZsmmCp9/nKE8A=
-7,67,IIoq6E1JADeFU0xPSFLdIroMbAs=,7NzwAK/+GwIiKLZsmmCp9/nKE8A=
-15,71,IIoq6E1JADeFU0xPSFLdIroMbAs=,aSwFpk9J7727EaUJ7BNoFJaJ83Y=
-9,67,IIoq6E1JADeFU0xPSFLdIroMbAs=,aSwFpk9J7727EaUJ7BNoFJaJ83Y=
-8,64,IIoq6E1JADeFU0xPSFLdIroMbAs=,7NzwAK/+GwIiKLZsmmCp9/nKE8A=
-5,64,IIoq6E1JADeFU0xPSFLdIroMbAs=,7NzwAK/+GwIiKLZsmmCp9/nKE8A=
-7,64,IIoq6E1JADeFU0xPSFLdIroMbAs=,7NzwAK/+GwIiKLZsmmCp9/nKE8A=
-12,64,IIoq6E1JADeFU0xPSFLdIroMbAs=,aSwFpk9J7727EaUJ7BNoFJaJ83Y=
-6,64,IIoq6E1JADeFU0xPSFLdIroMbAs=,7NzwAK/+GwIiKLZsmmCp9/nKE8A=
-9,66,IIoq6E1JADeFU0xPSFLdIroMbAs=,aSwFpk9J7727EaUJ7BNoFJaJ83Y=
-8,67,IIoq6E1JADeFU0xPSFLdIroMbAs=,7NzwAK/+GwIiKLZsmmCp9/nKE8A=
-7,66,IIoq6E1JADeFU0xPSFLdIroMbAs=,7NzwAK/+GwIiKLZsmmCp9/nKE8A=
-14,64,IIoq6E1JADeFU0xPSFLdIroMbAs=,aSwFpk9J7727EaUJ7BNoFJaJ83Y=
-2,69,IIoq6E1JADeFU0xPSFLdIroMbAs=,7NzwAK/+GwIiKLZsmmCp9/nKE8A=
-12,67,IIoq6E1JADeFU0xPSFLdIroMbAs=,aSwFpk9J7727EaUJ7BNoFJaJ83Y=
-6,65,IIoq6E1JADeFU0xPSFLdIroMbAs=,7NzwAK/+GwIiKLZsmmCp9/nKE8A=
-5,65,IIoq6E1JADeFU0xPSFLdIroMbAs=,7NzwAK/+GwIiKLZsmmCp9/nKE8A=
-12,66,IIoq6E1JADeFU0xPSFLdIroMbAs=,aSwFpk9J7727EaUJ7BNoFJaJ83Y=
-10,67,IIoq6E1JADeFU0xPSFLdIroMbAs=,aSwFpk9J7727EaUJ7BNoFJaJ83Y=
-11,65,IIoq6E1JADeFU0xPSFLdIroMbAs=,aSwFpk9J7727EaUJ7BNoFJaJ83Y=
-11,66,IIoq6E1JADeFU0xPSFLdIroMbAs=,aSwFpk9J7727EaUJ7BNoFJaJ83Y=
-12,71,IIoq6E1JADeFU0xPSFLdIroMbAs=,aSwFpk9J7727EaUJ7BNoFJaJ83Y=
-9,64,IIoq6E1JADeFU0xPSFLdIroMbAs=,aSwFpk9J7727EaUJ7BNoFJaJ83Y=
-8,65,IIoq6E1JADeFU0xPSFLdIroMbAs=,7NzwAK/+GwIiKLZsmmCp9/nKE8A=
-15,64,IIoq6E1JADeFU0xPSFLdIroMbAs=,aSwFpk9J7727EaUJ7BNoFJaJ83Y=
-10,66,IIoq6E1JADeFU0xPSFLdIroMbAs=,aSwFpk9J7727EaUJ7BNoFJaJ83Y=
-8,73,IIoq6E1JADeFU0xPSFLdIroMbAs=,iGqiVT7i+u8GQpUXC2LMMo5xMi8=
-9,65,IIoq6E1JADeFU0xPSFLdIroMbAs=,aSwFpk9J7727EaUJ7BNoFJaJ83Y=
-5,72,IIoq6E1JADeFU0xPSFLdIroMbAs=,iGqiVT7i+u8GQpUXC2LMMo5xMi8=
-6,66,IIoq6E1JADeFU0xPSFLdIroMbAs=,7NzwAK/+GwIiKLZsmmCp9/nKE8A=
-5,71,IIoq6E1JADeFU0xPSFLdIroMbAs=,7NzwAK/+GwIiKLZsmmCp9/nKE8A=
-6,68,IIoq6E1JADeFU0xPSFLdIroMbAs=,7NzwAK/+GwIiKLZsmmCp9/nKE8A=
-3,69,IIoq6E1JADeFU0xPSFLdIroMbAs=,7NzwAK/+GwIiKLZsmmCp9/nKE8A=
-6,72,IIoq6E1JADeFU0xPSFLdIroMbAs=,iGqiVT7i+u8GQpUXC2LMMo5xMi8=
-12,65,IIoq6E1JADeFU0xPSFLdIroMbAs=,aSwFpk9J7727EaUJ7BNoFJaJ83Y=
-16,65,IIoq6E1JADeFU0xPSFLdIroMbAs=,aSwFpk9J7727EaUJ7BNoFJaJ83Y=
-11,67,IIoq6E1JADeFU0xPSFLdIroMbAs=,aSwFpk9J7727EaUJ7BNoFJaJ83Y=
-7,70,IIoq6E1JADeFU0xPSFLdIroMbAs=,7NzwAK/+GwIiKLZsmmCp9/nKE8A=
-11,70,IIoq6E1JADeFU0xPSFLdIroMbAs=,aSwFpk9J7727EaUJ7BNoFJaJ83Y=
-12,70,IIoq6E1JADeFU0xPSFLdIroMbAs=,aSwFpk9J7727EaUJ7BNoFJaJ83Y=
-5,68,IIoq6E1JADeFU0xPSFLdIroMbAs=,7NzwAK/+GwIiKLZsmmCp9/nKE8A=
-11,71,IIoq6E1JADeFU0xPSFLdIroMbAs=,aSwFpk9J7727EaUJ7BNoFJaJ83Y=
-8,66,IIoq6E1JADeFU0xPSFLdIroMbAs=,7NzwAK/+GwIiKLZsmmCp9/nKE8A=
-5,66,IIoq6E1JADeFU0xPSFLdIroMbAs=,7NzwAK/+GwIiKLZsmmCp9/nKE8A=
-10,65,IIoq6E1JADeFU0xPSFLdIroMbAs=,aSwFpk9J7727EaUJ7BNoFJaJ83Y=
-9,70,IIoq6E1JADeFU0xPSFLdIroMbAs=,aSwFpk9J7727EaUJ7BNoFJaJ83Y=
-7,65,IIoq6E1JADeFU0xPSFLdIroMbAs=,7NzwAK/+GwIiKLZsmmCp9/nKE8A=
-6,69,IIoq6E1JADeFU0xPSFLdIroMbAs=,7NzwAK/+GwIiKLZsmmCp9/nKE8A=
-6,70,IIoq6E1JADeFU0xPSFLdIroMbAs=,7NzwAK/+GwIiKLZsmmCp9/nKE8A=
-7,69,IIoq6E1JADeFU0xPSFLdIroMbAs=,7NzwAK/+GwIiKLZsmmCp9/nKE8A=
-8,68,IIoq6E1JADeFU0xPSFLdIroMbAs=,7NzwAK/+GwIiKLZsmmCp9/nKE8A=
-12,68,IIoq6E1JADeFU0xPSFLdIroMbAs=,aSwFpk9J7727EaUJ7BNoFJaJ83Y=
-9,68,IIoq6E1JADeFU0xPSFLdIroMbAs=,aSwFpk9J7727EaUJ7BNoFJaJ83Y=
-7,72,IIoq6E1JADeFU0xPSFLdIroMbAs=,iGqiVT7i+u8GQpUXC2LMMo5xMi8=
-8,70,IIoq6E1JADeFU0xPSFLdIroMbAs=,7NzwAK/+GwIiKLZsmmCp9/nKE8A=
-7,71,IIoq6E1JADeFU0xPSFLdIroMbAs=,7NzwAK/+GwIiKLZsmmCp9/nKE8A=
-11,68,IIoq6E1JADeFU0xPSFLdIroMbAs=,aSwFpk9J7727EaUJ7BNoFJaJ83Y=
-7,68,IIoq6E1JADeFU0xPSFLdIroMbAs=,7NzwAK/+GwIiKLZsmmCp9/nKE8A=
-6,71,IIoq6E1JADeFU0xPSFLdIroMbAs=,7NzwAK/+GwIiKLZsmmCp9/nKE8A=
-5,73,IIoq6E1JADeFU0xPSFLdIroMbAs=,iGqiVT7i+u8GQpUXC2LMMo5xMi8=
-1,79,IIoq6E1JADeFU0xPSFLdIroMbAs=,iGqiVT7i+u8GQpUXC2LMMo5xMi8=
-12,69,IIoq6E1JADeFU0xPSFLdIroMbAs=,aSwFpk9J7727EaUJ7BNoFJaJ83Y=
-1,78,IIoq6E1JADeFU0xPSFLdIroMbAs=,iGqiVT7i+u8GQpUXC2LMMo5xMi8=
-8,69,IIoq6E1JADeFU0xPSFLdIroMbAs=,7NzwAK/+GwIiKLZsmmCp9/nKE8A=
-16,67,IIoq6E1JADeFU0xPSFLdIroMbAs=,aSwFpk9J7727EaUJ7BNoFJaJ83Y=
-1,74,IIoq6E1JADeFU0xPSFLdIroMbAs=,iGqiVT7i+u8GQpUXC2LMMo5xMi8=
-11,69,IIoq6E1JADeFU0xPSFLdIroMbAs=,aSwFpk9J7727EaUJ7BNoFJaJ83Y=
-9,69,IIoq6E1JADeFU0xPSFLdIroMbAs=,aSwFpk9J7727EaUJ7BNoFJaJ83Y=
-2,72,IIoq6E1JADeFU0xPSFLdIroMbAs=,iGqiVT7i+u8GQpUXC2LMMo5xMi8=
-2,76,IIoq6E1JADeFU0xPSFLdIroMbAs=,iGqiVT7i+u8GQpUXC2LMMo5xMi8=
-6,73,IIoq6E1JADeFU0xPSFLdIroMbAs=,iGqiVT7i+u8GQpUXC2LMMo5xMi8=
-4,78,IIoq6E1JADeFU0xPSFLdIroMbAs=,iGqiVT7i+u8GQpUXC2LMMo5xMi8=
-3,64,IIoq6E1JADeFU0xPSFLdIroMbAs=,7NzwAK/+GwIiKLZsmmCp9/nKE8A=
-5,69,IIoq6E1JADeFU0xPSFLdIroMbAs=,7NzwAK/+GwIiKLZsmmCp9/nKE8A=
-3,75,IIoq6E1JADeFU0xPSFLdIroMbAs=,iGqiVT7i+u8GQpUXC2LMMo5xMi8=
-10,69,IIoq6E1JADeFU0xPSFLdIroMbAs=,aSwFpk9J7727EaUJ7BNoFJaJ83Y=
-2,78,IIoq6E1JADeFU0xPSFLdIroMbAs=,iGqiVT7i+u8GQpUXC2LMMo5xMi8=
-4,75,IIoq6E1JADeFU0xPSFLdIroMbAs=,iGqiVT7i+u8GQpUXC2LMMo5xMi8=
-4,72,IIoq6E1JADeFU0xPSFLdIroMbAs=,iGqiVT7i+u8GQpUXC2LMMo5xMi8=
-3,77,IIoq6E1JADeFU0xPSFLdIroMbAs=,iGqiVT7i+u8GQpUXC2LMMo5xMi8=
-1,77,IIoq6E1JADeFU0xPSFLdIroMbAs=,iGqiVT7i+u8GQpUXC2LMMo5xMi8=
-1,75,IIoq6E1JADeFU0xPSFLdIroMbAs=,iGqiVT7i+u8GQpUXC2LMMo5xMi8=
-4,73,IIoq6E1JADeFU0xPSFLdIroMbAs=,iGqiVT7i+u8GQpUXC2LMMo5xMi8=
-2,74,IIoq6E1JADeFU0xPSFLdIroMbAs=,iGqiVT7i+u8GQpUXC2LMMo5xMi8=
-4,76,IIoq6E1JADeFU0xPSFLdIroMbAs=,iGqiVT7i+u8GQpUXC2LMMo5xMi8=
-10,70,IIoq6E1JADeFU0xPSFLdIroMbAs=,aSwFpk9J7727EaUJ7BNoFJaJ83Y=
-3,78,IIoq6E1JADeFU0xPSFLdIroMbAs=,iGqiVT7i+u8GQpUXC2LMMo5xMi8=
-3,73,IIoq6E1JADeFU0xPSFLdIroMbAs=,iGqiVT7i+u8GQpUXC2LMMo5xMi8=
-3,72,IIoq6E1JADeFU0xPSFLdIroMbAs=,iGqiVT7i+u8GQpUXC2LMMo5xMi8=
-5,70,IIoq6E1JADeFU0xPSFLdIroMbAs=,7NzwAK/+GwIiKLZsmmCp9/nKE8A=
-1,76,IIoq6E1JADeFU0xPSFLdIroMbAs=,iGqiVT7i+u8GQpUXC2LMMo5xMi8=
-2,75,IIoq6E1JADeFU0xPSFLdIroMbAs=,iGqiVT7i+u8GQpUXC2LMMo5xMi8=
-3,74,IIoq6E1JADeFU0xPSFLdIroMbAs=,iGqiVT7i+u8GQpUXC2LMMo5xMi8=
-4,77,IIoq6E1JADeFU0xPSFLdIroMbAs=,iGqiVT7i+u8GQpUXC2LMMo5xMi8=
-16,66,IIoq6E1JADeFU0xPSFLdIroMbAs=,aSwFpk9J7727EaUJ7BNoFJaJ83Y=
-4,67,IIoq6E1JADeFU0xPSFLdIroMbAs=,7NzwAK/+GwIiKLZsmmCp9/nKE8A=
-4,74,IIoq6E1JADeFU0xPSFLdIroMbAs=,iGqiVT7i+u8GQpUXC2LMMo5xMi8=
-2,77,IIoq6E1JADeFU0xPSFLdIroMbAs=,iGqiVT7i+u8GQpUXC2LMMo5xMi8=
-4,79,IIoq6E1JADeFU0xPSFLdIroMbAs=,iGqiVT7i+u8GQpUXC2LMMo5xMi8=
-4,64,IIoq6E1JADeFU0xPSFLdIroMbAs=,7NzwAK/+GwIiKLZsmmCp9/nKE8A=
-2,64,IIoq6E1JADeFU0xPSFLdIroMbAs=,7NzwAK/+GwIiKLZsmmCp9/nKE8A=
-3,67,IIoq6E1JADeFU0xPSFLdIroMbAs=,7NzwAK/+GwIiKLZsmmCp9/nKE8A=
-2,73,IIoq6E1JADeFU0xPSFLdIroMbAs=,iGqiVT7i+u8GQpUXC2LMMo5xMi8=
-14,67,IIoq6E1JADeFU0xPSFLdIroMbAs=,aSwFpk9J7727EaUJ7BNoFJaJ83Y=
-1,66,IIoq6E1JADeFU0xPSFLdIroMbAs=,7NzwAK/+GwIiKLZsmmCp9/nKE8A=
-1,73,IIoq6E1JADeFU0xPSFLdIroMbAs=,iGqiVT7i+u8GQpUXC2LMMo5xMi8=
-3,66,IIoq6E1JADeFU0xPSFLdIroMbAs=,7NzwAK/+GwIiKLZsmmCp9/nKE8A=
-1,67,IIoq6E1JADeFU0xPSFLdIroMbAs=,7NzwAK/+GwIiKLZsmmCp9/nKE8A=
-4,69,IIoq6E1JADeFU0xPSFLdIroMbAs=,7NzwAK/+GwIiKLZsmmCp9/nKE8A=
-3,76,IIoq6E1JADeFU0xPSFLdIroMbAs=,iGqiVT7i+u8GQpUXC2LMMo5xMi8=
-2,67,IIoq6E1JADeFU0xPSFLdIroMbAs=,7NzwAK/+GwIiKLZsmmCp9/nKE8A=
-10,68,IIoq6E1JADeFU0xPSFLdIroMbAs=,aSwFpk9J7727EaUJ7BNoFJaJ83Y=
-2,66,IIoq6E1JADeFU0xPSFLdIroMbAs=,7NzwAK/+GwIiKLZsmmCp9/nKE8A=
-2,79,IIoq6E1JADeFU0xPSFLdIroMbAs=,iGqiVT7i+u8GQpUXC2LMMo5xMi8=
-13,65,IIoq6E1JADeFU0xPSFLdIroMbAs=,aSwFpk9J7727EaUJ7BNoFJaJ83Y=
-15,67,IIoq6E1JADeFU0xPSFLdIroMbAs=,aSwFpk9J7727EaUJ7BNoFJaJ83Y=
-15,65,IIoq6E1JADeFU0xPSFLdIroMbAs=,aSwFpk9J7727EaUJ7BNoFJaJ83Y=
-14,65,IIoq6E1JADeFU0xPSFLdIroMbAs=,aSwFpk9J7727EaUJ7BNoFJaJ83Y=
-3,71,IIoq6E1JADeFU0xPSFLdIroMbAs=,7NzwAK/+GwIiKLZsmmCp9/nKE8A=
-13,67,IIoq6E1JADeFU0xPSFLdIroMbAs=,aSwFpk9J7727EaUJ7BNoFJaJ83Y=
-3,79,IIoq6E1JADeFU0xPSFLdIroMbAs=,iGqiVT7i+u8GQpUXC2LMMo5xMi8=
-2,71,IIoq6E1JADeFU0xPSFLdIroMbAs=,7NzwAK/+GwIiKLZsmmCp9/nKE8A=
-13,66,IIoq6E1JADeFU0xPSFLdIroMbAs=,aSwFpk9J7727EaUJ7BNoFJaJ83Y=
-14,66,IIoq6E1JADeFU0xPSFLdIroMbAs=,aSwFpk9J7727EaUJ7BNoFJaJ83Y=
-1,68,IIoq6E1JADeFU0xPSFLdIroMbAs=,7NzwAK/+GwIiKLZsmmCp9/nKE8A=
-15,66,IIoq6E1JADeFU0xPSFLdIroMbAs=,aSwFpk9J7727EaUJ7BNoFJaJ83Y=
-3,68,IIoq6E1JADeFU0xPSFLdIroMbAs=,7NzwAK/+GwIiKLZsmmCp9/nKE8A=
-4,68,IIoq6E1JADeFU0xPSFLdIroMbAs=,7NzwAK/+GwIiKLZsmmCp9/nKE8A=
-2,68,IIoq6E1JADeFU0xPSFLdIroMbAs=,7NzwAK/+GwIiKLZsmmCp9/nKE8A=
