1,-311,okINontba2QwHq2Jp/nsuzAoua0=,hXdScfvT99mutGsLc3wP0C+HOtg=
2,-318,okINontba2QwHq2Jp/nsuzAoua0=,l3OKcc0NP1tZwcOUjP7gDhWr/LQ=
4,-317,okINontba2QwHq2Jp/nsuzAoua0=,l3OKcc0NP1tZwcOUjP7gDhWr/LQ=
5,-317,okINontba2QwHq2Jp/nsuzAoua0=,l3OKcc0NP1tZwcOUjP7gDhWr/LQ=
3,-318,okINontba2QwHq2Jp/nsuzAoua0=,l3OKcc0NP1tZwcOUjP7gDhWr/LQ=
4,-318,okINontba2QwHq2Jp/nsuzAoua0=,l3OKcc0NP1tZwcOUjP7gDhWr/LQ=
6,-317,okINontba2QwHq2Jp/nsuzAoua0=,l3OKcc0NP1tZwcOUjP7gDhWr/LQ=
6,-319,okINontba2QwHq2Jp/nsuzAoua0=,l3OKcc0NP1tZwcOUjP7gDhWr/LQ=
7,-317,okINontba2QwHq2Jp/nsuzAoua0=,l3OKcc0NP1tZwcOUjP7gDhWr/LQ=
6,-314,okINontba2QwHq2Jp/nsuzAoua0=,l3OKcc0NP1tZwcOUjP7gDhWr/LQ=
5,-318,okINontba2QwHq2Jp/nsuzAoua0=,l3OKcc0NP1tZwcOUjP7gDhWr/LQ=
7,-318,okINontba2QwHq2Jp/nsuzAoua0=,l3OKcc0NP1tZwcOUjP7gDhWr/LQ=
1,-312,okINontba2QwHq2Jp/nsuzAoua0=,hXdScfvT99mutGsLc3wP0C+HOtg=
6,-318,okINontba2QwHq2Jp/nsuzAoua0=,l3OKcc0NP1tZwcOUjP7gDhWr/LQ=
2,-312,okINontba2QwHq2Jp/nsuzAoua0=,hXdScfvT99mutGsLc3wP0C+HOtg=
3,-312,okINontba2QwHq2Jp/nsuzAoua0=,hXdScfvT99mutGsLc3wP0C+HOtg=
7,-314,okINontba2QwHq2Jp/nsuzAoua0=,l3OKcc0NP1tZwcOUjP7gDhWr/LQ=
4,-312,okINontba2QwHq2Jp/nsuzAoua0=,hXdScfvT99mutGsLc3wP0C+HOtg=
7,-319,okINontba2QwHq2Jp/nsuzAoua0=,l3OKcc0NP1tZwcOUjP7gDhWr/LQ=
1,-313,okINontba2QwHq2Jp/nsuzAoua0=,l3OKcc0NP1tZwcOUjP7gDhWr/LQ=
4,-316,okINontba2QwHq2Jp/nsuzAoua0=,l3OKcc0NP1tZwcOUjP7gDhWr/LQ=
5,-312,okINontba2QwHq2Jp/nsuzAoua0=,hXdScfvT99mutGsLc3wP0C+HOtg=
1,-319,okINontba2QwHq2Jp/nsuzAoua0=,l3OKcc0NP1tZwcOUjP7gDhWr/LQ=
3,-319,okINontba2QwHq2Jp/nsuzAoua0=,l3OKcc0NP1tZwcOUjP7gDhWr/LQ=
2,-319,okINontba2QwHq2Jp/nsuzAoua0=,l3OKcc0NP1tZwcOUjP7gDhWr/LQ=
5,-316,okINontba2QwHq2Jp/nsuzAoua0=,l3OKcc0NP1tZwcOUjP7gDhWr/LQ=
6,-315,okINontba2QwHq2Jp/nsuzAoua0=,l3OKcc0NP1tZwcOUjP7gDhWr/LQ=
7,-315,okINontba2QwHq2Jp/nsuzAoua0=,l3OKcc0NP1tZwcOUjP7gDhWr/LQ=
1,-314,okINontba2QwHq2Jp/nsuzAoua0=,l3OKcc0NP1tZwcOUjP7gDhWr/LQ=
2,-313,okINontba2QwHq2Jp/nsuzAoua0=,l3OKcc0NP1tZwcOUjP7gDhWr/LQ=
2,-314,okINontba2QwHq2Jp/nsuzAoua0=,l3OKcc0NP1tZwcOUjP7gDhWr/LQ=
3,-314,okINontba2QwHq2Jp/nsuzAoua0=,l3OKcc0NP1tZwcOUjP7gDhWr/LQ=
4,-319,okINontba2QwHq2Jp/nsuzAoua0=,l3OKcc0NP1tZwcOUjP7gDhWr/LQ=
4,-314,okINontba2QwHq2Jp/nsuzAoua0=,l3OKcc0NP1tZwcOUjP7gDhWr/LQ=
5,-314,okINontba2QwHq2Jp/nsuzAoua0=,l3OKcc0NP1tZwcOUjP7gDhWr/LQ=
6,-316,okINontba2QwHq2Jp/nsuzAoua0=,l3OKcc0NP1tZwcOUjP7gDhWr/LQ=
7,-316,okINontba2QwHq2Jp/nsuzAoua0=,l3OKcc0NP1tZwcOUjP7gDhWr/LQ=
3,-313,okINontba2QwHq2Jp/nsuzAoua0=,l3OKcc0NP1tZwcOUjP7gDhWr/LQ=
6,-312,okINontba2QwHq2Jp/nsuzAoua0=,hXdScfvT99mutGsLc3wP0C+HOtg=
5,-319,okINontba2QwHq2Jp/nsuzAoua0=,l3OKcc0NP1tZwcOUjP7gDhWr/LQ=
1,-318,okINontba2QwHq2Jp/nsuzAoua0=,l3OKcc0NP1tZwcOUjP7gDhWr/LQ=
1,-316,okINontba2QwHq2Jp/nsuzAoua0=,l3OKcc0NP1tZwcOUjP7gDhWr/LQ=
2,-316,okINontba2QwHq2Jp/nsuzAoua0=,l3OKcc0NP1tZwcOUjP7gDhWr/LQ=
1,-315,okINontba2QwHq2Jp/nsuzAoua0=,l3OKcc0NP1tZwcOUjP7gDhWr/LQ=
3,-315,okINontba2QwHq2Jp/nsuzAoua0=,l3OKcc0NP1tZwcOUjP7gDhWr/LQ=
4,-315,okINontba2QwHq2Jp/nsuzAoua0=,l3OKcc0NP1tZwcOUjP7gDhWr/LQ=
5,-315,okINontba2QwHq2Jp/nsuzAoua0=,l3OKcc0NP1tZwcOUjP7gDhWr/LQ=
2,-315,okINontba2QwHq2Jp/nsuzAoua0=,l3OKcc0NP1tZwcOUjP7gDhWr/LQ=
4,-313,okINontba2QwHq2Jp/nsuzAoua0=,l3OKcc0NP1tZwcOUjP7gDhWr/LQ=
3,-316,okINontba2QwHq2Jp/nsuzAoua0=,l3OKcc0NP1tZwcOUjP7gDhWr/LQ=
1,-317,okINontba2QwHq2Jp/nsuzAoua0=,l3OKcc0NP1tZwcOUjP7gDhWr/LQ=
5,-313,okINontba2QwHq2Jp/nsuzAoua0=,l3OKcc0NP1tZwcOUjP7gDhWr/LQ=
6,-313,okINontba2QwHq2Jp/nsuzAoua0=,l3OKcc0NP1tZwcOUjP7gDhWr/LQ=
7,-313,okINontba2QwHq2Jp/nsuzAoua0=,l3OKcc0NP1tZwcOUjP7gDhWr/LQ=
3,-317,okINontba2QwHq2Jp/nsuzAoua0=,l3OKcc0NP1tZwcOUjP7gDhWr/LQ=
2,-317,okINontba2QwHq2Jp/nsuzAoua0=,l3OKcc0NP1tZwcOUjP7gDhWr/LQ=
7,-312,okINontba2QwHq2Jp/nsuzAoua0=,hXdScfvT99mutGsLc3wP0C+HOtg=
2,-320,okINontba2QwHq2Jp/nsuzAoua0=,l3OKcc0NP1tZwcOUjP7gDhWr/LQ=
3,-320,okINontba2QwHq2Jp/nsuzAoua0=,l3OKcc0NP1tZwcOUjP7gDhWr/LQ=
4,-320,okINontba2QwHq2Jp/nsuzAoua0=,l3OKcc0NP1tZwcOUjP7gDhWr/LQ=
5,-320,okINontba2QwHq2Jp/nsuzAoua0=,l3OKcc0NP1tZwcOUjP7gDhWr/LQ=
6,-320,okINontba2QwHq2Jp/nsuzAoua0=,l3OKcc0NP1tZwcOUjP7gDhWr/LQ=
1,-320,okINontba2QwHq2Jp/nsuzAoua0=,l3OKcc0NP1tZwcOUjP7gDhWr/LQ=
7,-320,okINontba2QwHq2Jp/nsuzAoua0=,l3OKcc0NP1tZwcOUjP7gDhWr/LQ=
0,-311,okINontba2QwHq2Jp/nsuzAoua0=,hXdScfvT99mutGsLc3wP0C+HOtg=
0,-310,okINontba2QwHq2Jp/nsuzAoua0=,hXdScfvT99mutGsLc3wP0C+HOtg=
0,-309,okINontba2QwHq2Jp/nsuzAoua0=,hXdScfvT99mutGsLc3wP0C+HOtg=
0,-308,okINontba2QwHq2Jp/nsuzAoua0=,hXdScfvT99mutGsLc3wP0C+HOtg=
0,-307,okINontba2QwHq2Jp/nsuzAoua0=,hXdScfvT99mutGsLc3wP0C+HOtg=
0,-306,okINontba2QwHq2Jp/nsuzAoua0=,hXdScfvT99mutGsLc3wP0C+HOtg=
1,-305,okINontba2QwHq2Jp/nsuzAoua0=,hXdScfvT99mutGsLc3wP0C+HOtg=
3,-305,okINontba2QwHq2Jp/nsuzAoua0=,hXdScfvT99mutGsLc3wP0C+HOtg=
4,-305,okINontba2QwHq2Jp/nsuzAoua0=,hXdScfvT99mutGsLc3wP0C+HOtg=
2,-305,okINontba2QwHq2Jp/nsuzAoua0=,hXdScfvT99mutGsLc3wP0C+HOtg=
6,-305,okINontba2QwHq2Jp/nsuzAoua0=,hXdScfvT99mutGsLc3wP0C+HOtg=
7,-305,okINontba2QwHq2Jp/nsuzAoua0=,hXdScfvT99mutGsLc3wP0C+HOtg=
5,-305,okINontba2QwHq2Jp/nsuzAoua0=,hXdScfvT99mutGsLc3wP0C+HOtg=
0,-305,okINontba2QwHq2Jp/nsuzAoua0=,hXdScfvT99mutGsLc3wP0C+HOtg=
5,-306,okINontba2QwHq2Jp/nsuzAoua0=,hXdScfvT99mutGsLc3wP0C+HOtg=
7,-306,okINontba2QwHq2Jp/nsuzAoua0=,hXdScfvT99mutGsLc3wP0C+HOtg=
6,-306,okINontba2QwHq2Jp/nsuzAoua0=,hXdScfvT99mutGsLc3wP0C+HOtg=
3,-306,okINontba2QwHq2Jp/nsuzAoua0=,hXdScfvT99mutGsLc3wP0C+HOtg=
4,-306,okINontba2QwHq2Jp/nsuzAoua0=,hXdScfvT99mutGsLc3wP0C+HOtg=
2,-306,okINontba2QwHq2Jp/nsuzAoua0=,hXdScfvT99mutGsLc3wP0C+HOtg=
1,-306,okINontba2QwHq2Jp/nsuzAoua0=,hXdScfvT99mutGsLc3wP0C+HOtg=
7,-307,okINontba2QwHq2Jp/nsuzAoua0=,hXdScfvT99mutGsLc3wP0C+HOtg=
6,-307,okINontba2QwHq2Jp/nsuzAoua0=,hXdScfvT99mutGsLc3wP0C+HOtg=
5,-307,okINontba2QwHq2Jp/nsuzAoua0=,hXdScfvT99mutGsLc3wP0C+HOtg=
4,-307,okINontba2QwHq2Jp/nsuzAoua0=,hXdScfvT99mutGsLc3wP0C+HOtg=
3,-307,okINontba2QwHq2Jp/nsuzAoua0=,hXdScfvT99mutGsLc3wP0C+HOtg=
1,-307,okINontba2QwHq2Jp/nsuzAoua0=,hXdScfvT99mutGsLc3wP0C+HOtg=
7,-308,okINontba2QwHq2Jp/nsuzAoua0=,hXdScfvT99mutGsLc3wP0C+HOtg=
2,-307,okINontba2QwHq2Jp/nsuzAoua0=,hXdScfvT99mutGsLc3wP0C+HOtg=
6,-308,okINontba2QwHq2Jp/nsuzAoua0=,hXdScfvT99mutGsLc3wP0C+HOtg=
3,-308,okINontba2QwHq2Jp/nsuzAoua0=,hXdScfvT99mutGsLc3wP0C+HOtg=
5,-308,okINontba2QwHq2Jp/nsuzAoua0=,hXdScfvT99mutGsLc3wP0C+HOtg=
2,-308,okINontba2QwHq2Jp/nsuzAoua0=,hXdScfvT99mutGsLc3wP0C+HOtg=
4,-308,okINontba2QwHq2Jp/nsuzAoua0=,hXdScfvT99mutGsLc3wP0C+HOtg=
1,-308,okINontba2QwHq2Jp/nsuzAoua0=,hXdScfvT99mutGsLc3wP0C+HOtg=
6,-309,okINontba2QwHq2Jp/nsuzAoua0=,hXdScfvT99mutGsLc3wP0C+HOtg=
7,-309,okINontba2QwHq2Jp/nsuzAoua0=,hXdScfvT99mutGsLc3wP0C+HOtg=
4,-309,okINontba2QwHq2Jp/nsuzAoua0=,hXdScfvT99mutGsLc3wP0C+HOtg=
5,-309,okINontba2QwHq2Jp/nsuzAoua0=,hXdScfvT99mutGsLc3wP0C+HOtg=
3,-309,okINontba2QwHq2Jp/nsuzAoua0=,hXdScfvT99mutGsLc3wP0C+HOtg=
1,-309,okINontba2QwHq2Jp/nsuzAoua0=,hXdScfvT99mutGsLc3wP0C+HOtg=
2,-309,okINontba2QwHq2Jp/nsuzAoua0=,hXdScfvT99mutGsLc3wP0C+HOtg=
6,-310,okINontba2QwHq2Jp/nsuzAoua0=,hXdScfvT99mutGsLc3wP0C+HOtg=
7,-310,okINontba2QwHq2Jp/nsuzAoua0=,hXdScfvT99mutGsLc3wP0C+HOtg=
4,-310,okINontba2QwHq2Jp/nsuzAoua0=,hXdScfvT99mutGsLc3wP0C+HOtg=
3,-310,okINontba2QwHq2Jp/nsuzAoua0=,hXdScfvT99mutGsLc3wP0C+HOtg=
2,-310,okINontba2QwHq2Jp/nsuzAoua0=,hXdScfvT99mutGsLc3wP0C+HOtg=
5,-310,okINontba2QwHq2Jp/nsuzAoua0=,hXdScfvT99mutGsLc3wP0C+HOtg=
7,-311,okINontba2QwHq2Jp/nsuzAoua0=,hXdScfvT99mutGsLc3wP0C+HOtg=
6,-311,okINontba2QwHq2Jp/nsuzAoua0=,hXdScfvT99mutGsLc3wP0C+HOtg=
1,-310,okINontba2QwHq2Jp/nsuzAoua0=,hXdScfvT99mutGsLc3wP0C+HOtg=
5,-311,okINontba2QwHq2Jp/nsuzAoua0=,hXdScfvT99mutGsLc3wP0C+HOtg=
4,-311,okINontba2QwHq2Jp/nsuzAoua0=,hXdScfvT99mutGsLc3wP0C+HOtg=
2,-311,okINontba2QwHq2Jp/nsuzAoua0=,hXdScfvT99mutGsLc3wP0C+HOtg=
0,-316,okINontba2QwHq2Jp/nsuzAoua0=,l3OKcc0NP1tZwcOUjP7gDhWr/LQ=
3,-311,okINontba2QwHq2Jp/nsuzAoua0=,hXdScfvT99mutGsLc3wP0C+HOtg=
0,-312,okINontba2QwHq2Jp/nsuzAoua0=,hXdScfvT99mutGsLc3wP0C+HOtg=
0,-320,okINontba2QwHq2Jp/nsuzAoua0=,l3OKcc0NP1tZwcOUjP7gDhWr/LQ=
0,-313,okINontba2QwHq2Jp/nsuzAoua0=,l3OKcc0NP1tZwcOUjP7gDhWr/LQ=
0,-319,okINontba2QwHq2Jp/nsuzAoua0=,l3OKcc0NP1tZwcOUjP7gDhWr/LQ=
0,-317,okINontba2QwHq2Jp/nsuzAoua0=,l3OKcc0NP1tZwcOUjP7gDhWr/LQ=
0,-318,okINontba2QwHq2Jp/nsuzAoua0=,l3OKcc0NP1tZwcOUjP7gDhWr/LQ=
0,-314,okINontba2QwHq2Jp/nsuzAoua0=,l3OKcc0NP1tZwcOUjP7gDhWr/LQ=
0,-315,okINontba2QwHq2Jp/nsuzAoua0=,l3OKcc0NP1tZwcOUjP7gDhWr/LQ=
