235,99,35U57fMBOTMybesuLDk0C7E33A0=,RkkWVafekMKCKWOVq6ykvivs8tg=
227,109,35U57fMBOTMybesuLDk0C7E33A0=,0/IYyu89UPjsbVZ7Xj+QT9WhmHo=
228,109,35U57fMBOTMybesuLDk0C7E33A0=,0/IYyu89UPjsbVZ7Xj+QT9WhmHo=
229,109,35U57fMBOTMybesuLDk0C7E33A0=,0/IYyu89UPjsbVZ7Xj+QT9WhmHo=
230,109,HzXphm+fcFHHKoxYfYjViClXEfI=,0/IYyu89UPjsbVZ7Xj+QT9WhmHo=
227,105,HzXphm+fcFHHKoxYfYjViClXEfI=,0/IYyu89UPjsbVZ7Xj+QT9WhmHo=
228,105,HzXphm+fcFHHKoxYfYjViClXEfI=,0/IYyu89UPjsbVZ7Xj+QT9WhmHo=
229,105,HzXphm+fcFHHKoxYfYjViClXEfI=,0/IYyu89UPjsbVZ7Xj+QT9WhmHo=
230,105,HzXphm+fcFHHKoxYfYjViClXEfI=,0/IYyu89UPjsbVZ7Xj+QT9WhmHo=
231,109,atX3oypWW8R2lCYdj3Av81UNjVU=,0/IYyu89UPjsbVZ7Xj+QT9WhmHo=
231,105,atX3oypWW8R2lCYdj3Av81UNjVU=,0/IYyu89UPjsbVZ7Xj+QT9WhmHo=
227,106,atX3oypWW8R2lCYdj3Av81UNjVU=,0/IYyu89UPjsbVZ7Xj+QT9WhmHo=
228,106,atX3oypWW8R2lCYdj3Av81UNjVU=,0/IYyu89UPjsbVZ7Xj+QT9WhmHo=
227,110,atX3oypWW8R2lCYdj3Av81UNjVU=,0/IYyu89UPjsbVZ7Xj+QT9WhmHo=
228,110,atX3oypWW8R2lCYdj3Av81UNjVU=,0/IYyu89UPjsbVZ7Xj+QT9WhmHo=
229,110,atX3oypWW8R2lCYdj3Av81UNjVU=,0/IYyu89UPjsbVZ7Xj+QT9WhmHo=
229,106,atX3oypWW8R2lCYdj3Av81UNjVU=,0/IYyu89UPjsbVZ7Xj+QT9WhmHo=
230,110,atX3oypWW8R2lCYdj3Av81UNjVU=,0/IYyu89UPjsbVZ7Xj+QT9WhmHo=
230,106,atX3oypWW8R2lCYdj3Av81UNjVU=,0/IYyu89UPjsbVZ7Xj+QT9WhmHo=
231,106,atX3oypWW8R2lCYdj3Av81UNjVU=,0/IYyu89UPjsbVZ7Xj+QT9WhmHo=
231,110,atX3oypWW8R2lCYdj3Av81UNjVU=,0/IYyu89UPjsbVZ7Xj+QT9WhmHo=
227,107,atX3oypWW8R2lCYdj3Av81UNjVU=,0/IYyu89UPjsbVZ7Xj+QT9WhmHo=
228,107,atX3oypWW8R2lCYdj3Av81UNjVU=,0/IYyu89UPjsbVZ7Xj+QT9WhmHo=
229,107,atX3oypWW8R2lCYdj3Av81UNjVU=,0/IYyu89UPjsbVZ7Xj+QT9WhmHo=
230,107,atX3oypWW8R2lCYdj3Av81UNjVU=,0/IYyu89UPjsbVZ7Xj+QT9WhmHo=
231,107,atX3oypWW8R2lCYdj3Av81UNjVU=,0/IYyu89UPjsbVZ7Xj+QT9WhmHo=
227,108,atX3oypWW8R2lCYdj3Av81UNjVU=,0/IYyu89UPjsbVZ7Xj+QT9WhmHo=
228,108,atX3oypWW8R2lCYdj3Av81UNjVU=,0/IYyu89UPjsbVZ7Xj+QT9WhmHo=
229,108,atX3oypWW8R2lCYdj3Av81UNjVU=,0/IYyu89UPjsbVZ7Xj+QT9WhmHo=
230,108,atX3oypWW8R2lCYdj3Av81UNjVU=,0/IYyu89UPjsbVZ7Xj+QT9WhmHo=
231,108,atX3oypWW8R2lCYdj3Av81UNjVU=,0/IYyu89UPjsbVZ7Xj+QT9WhmHo=
228,102,atX3oypWW8R2lCYdj3Av81UNjVU=,zg7NkOEjFBJx07f50ECXVigAqUA=
229,102,atX3oypWW8R2lCYdj3Av81UNjVU=,zg7NkOEjFBJx07f50ECXVigAqUA=
230,102,atX3oypWW8R2lCYdj3Av81UNjVU=,zg7NkOEjFBJx07f50ECXVigAqUA=
226,103,atX3oypWW8R2lCYdj3Av81UNjVU=,zg7NkOEjFBJx07f50ECXVigAqUA=
231,102,atX3oypWW8R2lCYdj3Av81UNjVU=,zg7NkOEjFBJx07f50ECXVigAqUA=
228,103,atX3oypWW8R2lCYdj3Av81UNjVU=,zg7NkOEjFBJx07f50ECXVigAqUA=
227,103,atX3oypWW8R2lCYdj3Av81UNjVU=,zg7NkOEjFBJx07f50ECXVigAqUA=
230,103,atX3oypWW8R2lCYdj3Av81UNjVU=,zg7NkOEjFBJx07f50ECXVigAqUA=
229,103,atX3oypWW8R2lCYdj3Av81UNjVU=,zg7NkOEjFBJx07f50ECXVigAqUA=
231,103,atX3oypWW8R2lCYdj3Av81UNjVU=,zg7NkOEjFBJx07f50ECXVigAqUA=
226,104,atX3oypWW8R2lCYdj3Av81UNjVU=,0/IYyu89UPjsbVZ7Xj+QT9WhmHo=
227,104,atX3oypWW8R2lCYdj3Av81UNjVU=,0/IYyu89UPjsbVZ7Xj+QT9WhmHo=
228,104,atX3oypWW8R2lCYdj3Av81UNjVU=,0/IYyu89UPjsbVZ7Xj+QT9WhmHo=
229,104,atX3oypWW8R2lCYdj3Av81UNjVU=,0/IYyu89UPjsbVZ7Xj+QT9WhmHo=
230,104,atX3oypWW8R2lCYdj3Av81UNjVU=,0/IYyu89UPjsbVZ7Xj+QT9WhmHo=
231,104,atX3oypWW8R2lCYdj3Av81UNjVU=,0/IYyu89UPjsbVZ7Xj+QT9WhmHo=
225,98,atX3oypWW8R2lCYdj3Av81UNjVU=,zg7NkOEjFBJx07f50ECXVigAqUA=
228,97,atX3oypWW8R2lCYdj3Av81UNjVU=,zg7NkOEjFBJx07f50ECXVigAqUA=
230,101,atX3oypWW8R2lCYdj3Av81UNjVU=,zg7NkOEjFBJx07f50ECXVigAqUA=
231,101,atX3oypWW8R2lCYdj3Av81UNjVU=,zg7NkOEjFBJx07f50ECXVigAqUA=
232,101,atX3oypWW8R2lCYdj3Av81UNjVU=,RkkWVafekMKCKWOVq6ykvivs8tg=
226,98,atX3oypWW8R2lCYdj3Av81UNjVU=,zg7NkOEjFBJx07f50ECXVigAqUA=
232,102,atX3oypWW8R2lCYdj3Av81UNjVU=,RkkWVafekMKCKWOVq6ykvivs8tg=
225,97,j7x64wUw5ksi2/h8zYltgn37Jbs=,zg7NkOEjFBJx07f50ECXVigAqUA=
232,103,j7x64wUw5ksi2/h8zYltgn37Jbs=,RkkWVafekMKCKWOVq6ykvivs8tg=
226,97,j7x64wUw5ksi2/h8zYltgn37Jbs=,zg7NkOEjFBJx07f50ECXVigAqUA=
227,97,j7x64wUw5ksi2/h8zYltgn37Jbs=,zg7NkOEjFBJx07f50ECXVigAqUA=
227,102,j7x64wUw5ksi2/h8zYltgn37Jbs=,zg7NkOEjFBJx07f50ECXVigAqUA=
228,96,j7x64wUw5ksi2/h8zYltgn37Jbs=,zg7NkOEjFBJx07f50ECXVigAqUA=
229,96,j7x64wUw5ksi2/h8zYltgn37Jbs=,zg7NkOEjFBJx07f50ECXVigAqUA=
226,96,j7x64wUw5ksi2/h8zYltgn37Jbs=,zg7NkOEjFBJx07f50ECXVigAqUA=
230,96,j7x64wUw5ksi2/h8zYltgn37Jbs=,zg7NkOEjFBJx07f50ECXVigAqUA=
225,96,j7x64wUw5ksi2/h8zYltgn37Jbs=,zg7NkOEjFBJx07f50ECXVigAqUA=
231,96,j7x64wUw5ksi2/h8zYltgn37Jbs=,zg7NkOEjFBJx07f50ECXVigAqUA=
227,96,j7x64wUw5ksi2/h8zYltgn37Jbs=,zg7NkOEjFBJx07f50ECXVigAqUA=
239,99,j7x64wUw5ksi2/h8zYltgn37Jbs=,RkkWVafekMKCKWOVq6ykvivs8tg=
239,100,j7x64wUw5ksi2/h8zYltgn37Jbs=,RkkWVafekMKCKWOVq6ykvivs8tg=
239,101,j7x64wUw5ksi2/h8zYltgn37Jbs=,RkkWVafekMKCKWOVq6ykvivs8tg=
239,102,j7x64wUw5ksi2/h8zYltgn37Jbs=,RkkWVafekMKCKWOVq6ykvivs8tg=
239,103,j7x64wUw5ksi2/h8zYltgn37Jbs=,RkkWVafekMKCKWOVq6ykvivs8tg=
239,98,j7x64wUw5ksi2/h8zYltgn37Jbs=,RkkWVafekMKCKWOVq6ykvivs8tg=
238,98,j7x64wUw5ksi2/h8zYltgn37Jbs=,RkkWVafekMKCKWOVq6ykvivs8tg=
238,103,j7x64wUw5ksi2/h8zYltgn37Jbs=,RkkWVafekMKCKWOVq6ykvivs8tg=
237,103,j7x64wUw5ksi2/h8zYltgn37Jbs=,RkkWVafekMKCKWOVq6ykvivs8tg=
235,103,j7x64wUw5ksi2/h8zYltgn37Jbs=,RkkWVafekMKCKWOVq6ykvivs8tg=
236,103,j7x64wUw5ksi2/h8zYltgn37Jbs=,RkkWVafekMKCKWOVq6ykvivs8tg=
234,103,j7x64wUw5ksi2/h8zYltgn37Jbs=,RkkWVafekMKCKWOVq6ykvivs8tg=
227,111,j7x64wUw5ksi2/h8zYltgn37Jbs=,0/IYyu89UPjsbVZ7Xj+QT9WhmHo=
228,111,j7x64wUw5ksi2/h8zYltgn37Jbs=,0/IYyu89UPjsbVZ7Xj+QT9WhmHo=
229,111,j7x64wUw5ksi2/h8zYltgn37Jbs=,0/IYyu89UPjsbVZ7Xj+QT9WhmHo=
230,111,j7x64wUw5ksi2/h8zYltgn37Jbs=,0/IYyu89UPjsbVZ7Xj+QT9WhmHo=
231,111,j7x64wUw5ksi2/h8zYltgn37Jbs=,0/IYyu89UPjsbVZ7Xj+QT9WhmHo=
233,103,j7x64wUw5ksi2/h8zYltgn37Jbs=,RkkWVafekMKCKWOVq6ykvivs8tg=
226,105,j7x64wUw5ksi2/h8zYltgn37Jbs=,0/IYyu89UPjsbVZ7Xj+QT9WhmHo=
227,98,j7x64wUw5ksi2/h8zYltgn37Jbs=,zg7NkOEjFBJx07f50ECXVigAqUA=
225,108,j7x64wUw5ksi2/h8zYltgn37Jbs=,0/IYyu89UPjsbVZ7Xj+QT9WhmHo=
225,109,j7x64wUw5ksi2/h8zYltgn37Jbs=,0/IYyu89UPjsbVZ7Xj+QT9WhmHo=
226,109,j7x64wUw5ksi2/h8zYltgn37Jbs=,0/IYyu89UPjsbVZ7Xj+QT9WhmHo=
226,110,j7x64wUw5ksi2/h8zYltgn37Jbs=,0/IYyu89UPjsbVZ7Xj+QT9WhmHo=
225,110,j7x64wUw5ksi2/h8zYltgn37Jbs=,0/IYyu89UPjsbVZ7Xj+QT9WhmHo=
225,106,j7x64wUw5ksi2/h8zYltgn37Jbs=,0/IYyu89UPjsbVZ7Xj+QT9WhmHo=
225,107,j7x64wUw5ksi2/h8zYltgn37Jbs=,0/IYyu89UPjsbVZ7Xj+QT9WhmHo=
226,107,j7x64wUw5ksi2/h8zYltgn37Jbs=,0/IYyu89UPjsbVZ7Xj+QT9WhmHo=
224,107,j7x64wUw5ksi2/h8zYltgn37Jbs=,0/IYyu89UPjsbVZ7Xj+QT9WhmHo=
225,105,j7x64wUw5ksi2/h8zYltgn37Jbs=,0/IYyu89UPjsbVZ7Xj+QT9WhmHo=
226,106,j7x64wUw5ksi2/h8zYltgn37Jbs=,0/IYyu89UPjsbVZ7Xj+QT9WhmHo=
224,97,j7x64wUw5ksi2/h8zYltgn37Jbs=,zg7NkOEjFBJx07f50ECXVigAqUA=
224,98,PN0P2Aa0YrmG6IZ9xmdH1s9I1m8=,zg7NkOEjFBJx07f50ECXVigAqUA=
224,99,PN0P2Aa0YrmG6IZ9xmdH1s9I1m8=,zg7NkOEjFBJx07f50ECXVigAqUA=
226,111,PN0P2Aa0YrmG6IZ9xmdH1s9I1m8=,0/IYyu89UPjsbVZ7Xj+QT9WhmHo=
224,108,PN0P2Aa0YrmG6IZ9xmdH1s9I1m8=,0/IYyu89UPjsbVZ7Xj+QT9WhmHo=
226,101,PN0P2Aa0YrmG6IZ9xmdH1s9I1m8=,zg7NkOEjFBJx07f50ECXVigAqUA=
225,99,PN0P2Aa0YrmG6IZ9xmdH1s9I1m8=,zg7NkOEjFBJx07f50ECXVigAqUA=
224,96,PN0P2Aa0YrmG6IZ9xmdH1s9I1m8=,zg7NkOEjFBJx07f50ECXVigAqUA=
238,102,PN0P2Aa0YrmG6IZ9xmdH1s9I1m8=,RkkWVafekMKCKWOVq6ykvivs8tg=
237,102,PN0P2Aa0YrmG6IZ9xmdH1s9I1m8=,RkkWVafekMKCKWOVq6ykvivs8tg=
235,102,PN0P2Aa0YrmG6IZ9xmdH1s9I1m8=,RkkWVafekMKCKWOVq6ykvivs8tg=
236,102,PN0P2Aa0YrmG6IZ9xmdH1s9I1m8=,RkkWVafekMKCKWOVq6ykvivs8tg=
233,102,PN0P2Aa0YrmG6IZ9xmdH1s9I1m8=,RkkWVafekMKCKWOVq6ykvivs8tg=
234,102,PN0P2Aa0YrmG6IZ9xmdH1s9I1m8=,RkkWVafekMKCKWOVq6ykvivs8tg=
238,101,PN0P2Aa0YrmG6IZ9xmdH1s9I1m8=,RkkWVafekMKCKWOVq6ykvivs8tg=
237,101,PN0P2Aa0YrmG6IZ9xmdH1s9I1m8=,RkkWVafekMKCKWOVq6ykvivs8tg=
236,101,PN0P2Aa0YrmG6IZ9xmdH1s9I1m8=,RkkWVafekMKCKWOVq6ykvivs8tg=
233,101,PN0P2Aa0YrmG6IZ9xmdH1s9I1m8=,RkkWVafekMKCKWOVq6ykvivs8tg=
234,101,PN0P2Aa0YrmG6IZ9xmdH1s9I1m8=,RkkWVafekMKCKWOVq6ykvivs8tg=
238,100,PN0P2Aa0YrmG6IZ9xmdH1s9I1m8=,RkkWVafekMKCKWOVq6ykvivs8tg=
235,101,PN0P2Aa0YrmG6IZ9xmdH1s9I1m8=,RkkWVafekMKCKWOVq6ykvivs8tg=
237,100,PN0P2Aa0YrmG6IZ9xmdH1s9I1m8=,RkkWVafekMKCKWOVq6ykvivs8tg=
236,100,PN0P2Aa0YrmG6IZ9xmdH1s9I1m8=,RkkWVafekMKCKWOVq6ykvivs8tg=
235,100,PN0P2Aa0YrmG6IZ9xmdH1s9I1m8=,RkkWVafekMKCKWOVq6ykvivs8tg=
233,100,PN0P2Aa0YrmG6IZ9xmdH1s9I1m8=,RkkWVafekMKCKWOVq6ykvivs8tg=
238,99,PN0P2Aa0YrmG6IZ9xmdH1s9I1m8=,RkkWVafekMKCKWOVq6ykvivs8tg=
234,100,PN0P2Aa0YrmG6IZ9xmdH1s9I1m8=,RkkWVafekMKCKWOVq6ykvivs8tg=
224,109,PN0P2Aa0YrmG6IZ9xmdH1s9I1m8=,0/IYyu89UPjsbVZ7Xj+QT9WhmHo=
236,99,PN0P2Aa0YrmG6IZ9xmdH1s9I1m8=,RkkWVafekMKCKWOVq6ykvivs8tg=
237,99,PN0P2Aa0YrmG6IZ9xmdH1s9I1m8=,RkkWVafekMKCKWOVq6ykvivs8tg=
226,108,PN0P2Aa0YrmG6IZ9xmdH1s9I1m8=,0/IYyu89UPjsbVZ7Xj+QT9WhmHo=
224,103,PN0P2Aa0YrmG6IZ9xmdH1s9I1m8=,zg7NkOEjFBJx07f50ECXVigAqUA=
224,104,PN0P2Aa0YrmG6IZ9xmdH1s9I1m8=,0/IYyu89UPjsbVZ7Xj+QT9WhmHo=
225,111,PN0P2Aa0YrmG6IZ9xmdH1s9I1m8=,0/IYyu89UPjsbVZ7Xj+QT9WhmHo=
224,111,PN0P2Aa0YrmG6IZ9xmdH1s9I1m8=,0/IYyu89UPjsbVZ7Xj+QT9WhmHo=
234,99,PN0P2Aa0YrmG6IZ9xmdH1s9I1m8=,RkkWVafekMKCKWOVq6ykvivs8tg=
226,102,PN0P2Aa0YrmG6IZ9xmdH1s9I1m8=,zg7NkOEjFBJx07f50ECXVigAqUA=
226,100,PN0P2Aa0YrmG6IZ9xmdH1s9I1m8=,zg7NkOEjFBJx07f50ECXVigAqUA=
230,97,PN0P2Aa0YrmG6IZ9xmdH1s9I1m8=,zg7NkOEjFBJx07f50ECXVigAqUA=
224,110,PN0P2Aa0YrmG6IZ9xmdH1s9I1m8=,0/IYyu89UPjsbVZ7Xj+QT9WhmHo=
232,100,PN0P2Aa0YrmG6IZ9xmdH1s9I1m8=,RkkWVafekMKCKWOVq6ykvivs8tg=
227,101,PN0P2Aa0YrmG6IZ9xmdH1s9I1m8=,zg7NkOEjFBJx07f50ECXVigAqUA=
225,104,PN0P2Aa0YrmG6IZ9xmdH1s9I1m8=,0/IYyu89UPjsbVZ7Xj+QT9WhmHo=
224,105,PN0P2Aa0YrmG6IZ9xmdH1s9I1m8=,0/IYyu89UPjsbVZ7Xj+QT9WhmHo=
225,103,PN0P2Aa0YrmG6IZ9xmdH1s9I1m8=,zg7NkOEjFBJx07f50ECXVigAqUA=
229,101,PN0P2Aa0YrmG6IZ9xmdH1s9I1m8=,zg7NkOEjFBJx07f50ECXVigAqUA=
233,99,PN0P2Aa0YrmG6IZ9xmdH1s9I1m8=,RkkWVafekMKCKWOVq6ykvivs8tg=
229,97,PN0P2Aa0YrmG6IZ9xmdH1s9I1m8=,zg7NkOEjFBJx07f50ECXVigAqUA=
224,101,PN0P2Aa0YrmG6IZ9xmdH1s9I1m8=,zg7NkOEjFBJx07f50ECXVigAqUA=
239,96,PN0P2Aa0YrmG6IZ9xmdH1s9I1m8=,RkkWVafekMKCKWOVq6ykvivs8tg=
226,99,PN0P2Aa0YrmG6IZ9xmdH1s9I1m8=,zg7NkOEjFBJx07f50ECXVigAqUA=
228,101,PN0P2Aa0YrmG6IZ9xmdH1s9I1m8=,zg7NkOEjFBJx07f50ECXVigAqUA=
232,97,PN0P2Aa0YrmG6IZ9xmdH1s9I1m8=,RkkWVafekMKCKWOVq6ykvivs8tg=
224,106,PN0P2Aa0YrmG6IZ9xmdH1s9I1m8=,0/IYyu89UPjsbVZ7Xj+QT9WhmHo=
224,100,PN0P2Aa0YrmG6IZ9xmdH1s9I1m8=,zg7NkOEjFBJx07f50ECXVigAqUA=
232,98,PN0P2Aa0YrmG6IZ9xmdH1s9I1m8=,RkkWVafekMKCKWOVq6ykvivs8tg=
230,100,PN0P2Aa0YrmG6IZ9xmdH1s9I1m8=,zg7NkOEjFBJx07f50ECXVigAqUA=
231,100,PN0P2Aa0YrmG6IZ9xmdH1s9I1m8=,zg7NkOEjFBJx07f50ECXVigAqUA=
228,99,PN0P2Aa0YrmG6IZ9xmdH1s9I1m8=,zg7NkOEjFBJx07f50ECXVigAqUA=
228,98,PN0P2Aa0YrmG6IZ9xmdH1s9I1m8=,zg7NkOEjFBJx07f50ECXVigAqUA=
229,99,PN0P2Aa0YrmG6IZ9xmdH1s9I1m8=,zg7NkOEjFBJx07f50ECXVigAqUA=
224,102,PN0P2Aa0YrmG6IZ9xmdH1s9I1m8=,zg7NkOEjFBJx07f50ECXVigAqUA=
230,98,PN0P2Aa0YrmG6IZ9xmdH1s9I1m8=,zg7NkOEjFBJx07f50ECXVigAqUA=
227,100,PN0P2Aa0YrmG6IZ9xmdH1s9I1m8=,zg7NkOEjFBJx07f50ECXVigAqUA=
229,98,PN0P2Aa0YrmG6IZ9xmdH1s9I1m8=,zg7NkOEjFBJx07f50ECXVigAqUA=
229,100,PN0P2Aa0YrmG6IZ9xmdH1s9I1m8=,zg7NkOEjFBJx07f50ECXVigAqUA=
225,100,PN0P2Aa0YrmG6IZ9xmdH1s9I1m8=,zg7NkOEjFBJx07f50ECXVigAqUA=
232,99,PN0P2Aa0YrmG6IZ9xmdH1s9I1m8=,RkkWVafekMKCKWOVq6ykvivs8tg=
231,98,PN0P2Aa0YrmG6IZ9xmdH1s9I1m8=,zg7NkOEjFBJx07f50ECXVigAqUA=
227,99,PN0P2Aa0YrmG6IZ9xmdH1s9I1m8=,zg7NkOEjFBJx07f50ECXVigAqUA=
225,102,PN0P2Aa0YrmG6IZ9xmdH1s9I1m8=,zg7NkOEjFBJx07f50ECXVigAqUA=
225,101,PN0P2Aa0YrmG6IZ9xmdH1s9I1m8=,zg7NkOEjFBJx07f50ECXVigAqUA=
237,98,PN0P2Aa0YrmG6IZ9xmdH1s9I1m8=,RkkWVafekMKCKWOVq6ykvivs8tg=
228,100,PN0P2Aa0YrmG6IZ9xmdH1s9I1m8=,zg7NkOEjFBJx07f50ECXVigAqUA=
234,97,PN0P2Aa0YrmG6IZ9xmdH1s9I1m8=,RkkWVafekMKCKWOVq6ykvivs8tg=
230,99,PN0P2Aa0YrmG6IZ9xmdH1s9I1m8=,zg7NkOEjFBJx07f50ECXVigAqUA=
233,97,PN0P2Aa0YrmG6IZ9xmdH1s9I1m8=,RkkWVafekMKCKWOVq6ykvivs8tg=
236,98,PN0P2Aa0YrmG6IZ9xmdH1s9I1m8=,RkkWVafekMKCKWOVq6ykvivs8tg=
231,99,PN0P2Aa0YrmG6IZ9xmdH1s9I1m8=,zg7NkOEjFBJx07f50ECXVigAqUA=
235,97,PN0P2Aa0YrmG6IZ9xmdH1s9I1m8=,RkkWVafekMKCKWOVq6ykvivs8tg=
234,98,PN0P2Aa0YrmG6IZ9xmdH1s9I1m8=,RkkWVafekMKCKWOVq6ykvivs8tg=
237,97,PN0P2Aa0YrmG6IZ9xmdH1s9I1m8=,RkkWVafekMKCKWOVq6ykvivs8tg=
233,98,PN0P2Aa0YrmG6IZ9xmdH1s9I1m8=,RkkWVafekMKCKWOVq6ykvivs8tg=
238,97,PN0P2Aa0YrmG6IZ9xmdH1s9I1m8=,RkkWVafekMKCKWOVq6ykvivs8tg=
239,97,PN0P2Aa0YrmG6IZ9xmdH1s9I1m8=,RkkWVafekMKCKWOVq6ykvivs8tg=
236,97,PN0P2Aa0YrmG6IZ9xmdH1s9I1m8=,RkkWVafekMKCKWOVq6ykvivs8tg=
232,96,PN0P2Aa0YrmG6IZ9xmdH1s9I1m8=,RkkWVafekMKCKWOVq6ykvivs8tg=
235,98,PN0P2Aa0YrmG6IZ9xmdH1s9I1m8=,RkkWVafekMKCKWOVq6ykvivs8tg=
233,96,PN0P2Aa0YrmG6IZ9xmdH1s9I1m8=,RkkWVafekMKCKWOVq6ykvivs8tg=
234,96,PN0P2Aa0YrmG6IZ9xmdH1s9I1m8=,RkkWVafekMKCKWOVq6ykvivs8tg=
238,96,PN0P2Aa0YrmG6IZ9xmdH1s9I1m8=,RkkWVafekMKCKWOVq6ykvivs8tg=
237,96,PN0P2Aa0YrmG6IZ9xmdH1s9I1m8=,RkkWVafekMKCKWOVq6ykvivs8tg=
231,97,PN0P2Aa0YrmG6IZ9xmdH1s9I1m8=,zg7NkOEjFBJx07f50ECXVigAqUA=
236,96,PN0P2Aa0YrmG6IZ9xmdH1s9I1m8=,RkkWVafekMKCKWOVq6ykvivs8tg=
235,96,PN0P2Aa0YrmG6IZ9xmdH1s9I1m8=,RkkWVafekMKCKWOVq6ykvivs8tg=
225,122,PN0P2Aa0YrmG6IZ9xmdH1s9I1m8=,IsMsvNDvgKWoTlFBSgHoygcv06M=
226,122,PN0P2Aa0YrmG6IZ9xmdH1s9I1m8=,IsMsvNDvgKWoTlFBSgHoygcv06M=
227,122,PN0P2Aa0YrmG6IZ9xmdH1s9I1m8=,IsMsvNDvgKWoTlFBSgHoygcv06M=
226,115,PN0P2Aa0YrmG6IZ9xmdH1s9I1m8=,tbN4V106CFG4kQImaRxrKm92DyQ=
230,118,PN0P2Aa0YrmG6IZ9xmdH1s9I1m8=,tbN4V106CFG4kQImaRxrKm92DyQ=
231,118,PN0P2Aa0YrmG6IZ9xmdH1s9I1m8=,tbN4V106CFG4kQImaRxrKm92DyQ=
227,115,PN0P2Aa0YrmG6IZ9xmdH1s9I1m8=,tbN4V106CFG4kQImaRxrKm92DyQ=
230,119,PN0P2Aa0YrmG6IZ9xmdH1s9I1m8=,tbN4V106CFG4kQImaRxrKm92DyQ=
228,115,sdpYaUHIeqgBlqet90bN2JRgv10=,tbN4V106CFG4kQImaRxrKm92DyQ=
225,119,sdpYaUHIeqgBlqet90bN2JRgv10=,tbN4V106CFG4kQImaRxrKm92DyQ=
230,117,sdpYaUHIeqgBlqet90bN2JRgv10=,tbN4V106CFG4kQImaRxrKm92DyQ=
231,119,sdpYaUHIeqgBlqet90bN2JRgv10=,tbN4V106CFG4kQImaRxrKm92DyQ=
229,115,sdpYaUHIeqgBlqet90bN2JRgv10=,tbN4V106CFG4kQImaRxrKm92DyQ=
231,117,sdpYaUHIeqgBlqet90bN2JRgv10=,tbN4V106CFG4kQImaRxrKm92DyQ=
225,118,sdpYaUHIeqgBlqet90bN2JRgv10=,tbN4V106CFG4kQImaRxrKm92DyQ=
226,118,sdpYaUHIeqgBlqet90bN2JRgv10=,tbN4V106CFG4kQImaRxrKm92DyQ=
225,120,sdpYaUHIeqgBlqet90bN2JRgv10=,IsMsvNDvgKWoTlFBSgHoygcv06M=
228,116,sdpYaUHIeqgBlqet90bN2JRgv10=,tbN4V106CFG4kQImaRxrKm92DyQ=
230,115,sdpYaUHIeqgBlqet90bN2JRgv10=,tbN4V106CFG4kQImaRxrKm92DyQ=
231,115,sdpYaUHIeqgBlqet90bN2JRgv10=,tbN4V106CFG4kQImaRxrKm92DyQ=
226,120,sdpYaUHIeqgBlqet90bN2JRgv10=,IsMsvNDvgKWoTlFBSgHoygcv06M=
226,114,sdpYaUHIeqgBlqet90bN2JRgv10=,tbN4V106CFG4kQImaRxrKm92DyQ=
227,114,sdpYaUHIeqgBlqet90bN2JRgv10=,tbN4V106CFG4kQImaRxrKm92DyQ=
227,120,sdpYaUHIeqgBlqet90bN2JRgv10=,IsMsvNDvgKWoTlFBSgHoygcv06M=
225,116,sdpYaUHIeqgBlqet90bN2JRgv10=,tbN4V106CFG4kQImaRxrKm92DyQ=
228,120,sdpYaUHIeqgBlqet90bN2JRgv10=,IsMsvNDvgKWoTlFBSgHoygcv06M=
226,116,sdpYaUHIeqgBlqet90bN2JRgv10=,tbN4V106CFG4kQImaRxrKm92DyQ=
226,119,sdpYaUHIeqgBlqet90bN2JRgv10=,tbN4V106CFG4kQImaRxrKm92DyQ=
227,119,sdpYaUHIeqgBlqet90bN2JRgv10=,tbN4V106CFG4kQImaRxrKm92DyQ=
228,114,sdpYaUHIeqgBlqet90bN2JRgv10=,tbN4V106CFG4kQImaRxrKm92DyQ=
229,120,sdpYaUHIeqgBlqet90bN2JRgv10=,IsMsvNDvgKWoTlFBSgHoygcv06M=
230,120,sdpYaUHIeqgBlqet90bN2JRgv10=,IsMsvNDvgKWoTlFBSgHoygcv06M=
229,116,sdpYaUHIeqgBlqet90bN2JRgv10=,tbN4V106CFG4kQImaRxrKm92DyQ=
227,116,sdpYaUHIeqgBlqet90bN2JRgv10=,tbN4V106CFG4kQImaRxrKm92DyQ=
227,118,sdpYaUHIeqgBlqet90bN2JRgv10=,tbN4V106CFG4kQImaRxrKm92DyQ=
228,118,sdpYaUHIeqgBlqet90bN2JRgv10=,tbN4V106CFG4kQImaRxrKm92DyQ=
228,113,sdpYaUHIeqgBlqet90bN2JRgv10=,tbN4V106CFG4kQImaRxrKm92DyQ=
227,113,sdpYaUHIeqgBlqet90bN2JRgv10=,tbN4V106CFG4kQImaRxrKm92DyQ=
226,113,sdpYaUHIeqgBlqet90bN2JRgv10=,tbN4V106CFG4kQImaRxrKm92DyQ=
229,113,sdpYaUHIeqgBlqet90bN2JRgv10=,tbN4V106CFG4kQImaRxrKm92DyQ=
229,114,sdpYaUHIeqgBlqet90bN2JRgv10=,tbN4V106CFG4kQImaRxrKm92DyQ=
231,116,sdpYaUHIeqgBlqet90bN2JRgv10=,tbN4V106CFG4kQImaRxrKm92DyQ=
230,113,sdpYaUHIeqgBlqet90bN2JRgv10=,tbN4V106CFG4kQImaRxrKm92DyQ=
230,116,sdpYaUHIeqgBlqet90bN2JRgv10=,tbN4V106CFG4kQImaRxrKm92DyQ=
228,119,sdpYaUHIeqgBlqet90bN2JRgv10=,tbN4V106CFG4kQImaRxrKm92DyQ=
230,114,sdpYaUHIeqgBlqet90bN2JRgv10=,tbN4V106CFG4kQImaRxrKm92DyQ=
231,120,sdpYaUHIeqgBlqet90bN2JRgv10=,IsMsvNDvgKWoTlFBSgHoygcv06M=
231,114,sdpYaUHIeqgBlqet90bN2JRgv10=,tbN4V106CFG4kQImaRxrKm92DyQ=
226,117,sdpYaUHIeqgBlqet90bN2JRgv10=,tbN4V106CFG4kQImaRxrKm92DyQ=
225,117,sdpYaUHIeqgBlqet90bN2JRgv10=,tbN4V106CFG4kQImaRxrKm92DyQ=
228,117,sdpYaUHIeqgBlqet90bN2JRgv10=,tbN4V106CFG4kQImaRxrKm92DyQ=
227,117,sdpYaUHIeqgBlqet90bN2JRgv10=,tbN4V106CFG4kQImaRxrKm92DyQ=
231,113,sdpYaUHIeqgBlqet90bN2JRgv10=,tbN4V106CFG4kQImaRxrKm92DyQ=
229,117,sdpYaUHIeqgBlqet90bN2JRgv10=,tbN4V106CFG4kQImaRxrKm92DyQ=
229,118,sdpYaUHIeqgBlqet90bN2JRgv10=,tbN4V106CFG4kQImaRxrKm92DyQ=
224,118,sdpYaUHIeqgBlqet90bN2JRgv10=,tbN4V106CFG4kQImaRxrKm92DyQ=
224,117,sdpYaUHIeqgBlqet90bN2JRgv10=,tbN4V106CFG4kQImaRxrKm92DyQ=
224,122,sdpYaUHIeqgBlqet90bN2JRgv10=,IsMsvNDvgKWoTlFBSgHoygcv06M=
229,119,sdpYaUHIeqgBlqet90bN2JRgv10=,tbN4V106CFG4kQImaRxrKm92DyQ=
224,123,sdpYaUHIeqgBlqet90bN2JRgv10=,IsMsvNDvgKWoTlFBSgHoygcv06M=
224,119,sdpYaUHIeqgBlqet90bN2JRgv10=,tbN4V106CFG4kQImaRxrKm92DyQ=
224,124,sdpYaUHIeqgBlqet90bN2JRgv10=,IsMsvNDvgKWoTlFBSgHoygcv06M=
224,120,sdpYaUHIeqgBlqet90bN2JRgv10=,IsMsvNDvgKWoTlFBSgHoygcv06M=
224,126,sdpYaUHIeqgBlqet90bN2JRgv10=,IsMsvNDvgKWoTlFBSgHoygcv06M=
224,125,sdpYaUHIeqgBlqet90bN2JRgv10=,IsMsvNDvgKWoTlFBSgHoygcv06M=
224,121,sdpYaUHIeqgBlqet90bN2JRgv10=,IsMsvNDvgKWoTlFBSgHoygcv06M=
225,127,sdpYaUHIeqgBlqet90bN2JRgv10=,IsMsvNDvgKWoTlFBSgHoygcv06M=
226,127,sdpYaUHIeqgBlqet90bN2JRgv10=,IsMsvNDvgKWoTlFBSgHoygcv06M=
228,127,sdpYaUHIeqgBlqet90bN2JRgv10=,IsMsvNDvgKWoTlFBSgHoygcv06M=
230,127,sdpYaUHIeqgBlqet90bN2JRgv10=,IsMsvNDvgKWoTlFBSgHoygcv06M=
229,127,sdpYaUHIeqgBlqet90bN2JRgv10=,IsMsvNDvgKWoTlFBSgHoygcv06M=
227,127,sdpYaUHIeqgBlqet90bN2JRgv10=,IsMsvNDvgKWoTlFBSgHoygcv06M=
231,121,sdpYaUHIeqgBlqet90bN2JRgv10=,IsMsvNDvgKWoTlFBSgHoygcv06M=
231,127,sdpYaUHIeqgBlqet90bN2JRgv10=,IsMsvNDvgKWoTlFBSgHoygcv06M=
226,112,sdpYaUHIeqgBlqet90bN2JRgv10=,tbN4V106CFG4kQImaRxrKm92DyQ=
230,112,sdpYaUHIeqgBlqet90bN2JRgv10=,tbN4V106CFG4kQImaRxrKm92DyQ=
231,112,sdpYaUHIeqgBlqet90bN2JRgv10=,tbN4V106CFG4kQImaRxrKm92DyQ=
229,112,sdpYaUHIeqgBlqet90bN2JRgv10=,tbN4V106CFG4kQImaRxrKm92DyQ=
228,112,sdpYaUHIeqgBlqet90bN2JRgv10=,tbN4V106CFG4kQImaRxrKm92DyQ=
227,112,sdpYaUHIeqgBlqet90bN2JRgv10=,tbN4V106CFG4kQImaRxrKm92DyQ=
230,121,sdpYaUHIeqgBlqet90bN2JRgv10=,IsMsvNDvgKWoTlFBSgHoygcv06M=
229,121,sdpYaUHIeqgBlqet90bN2JRgv10=,IsMsvNDvgKWoTlFBSgHoygcv06M=
228,121,sdpYaUHIeqgBlqet90bN2JRgv10=,IsMsvNDvgKWoTlFBSgHoygcv06M=
227,121,sdpYaUHIeqgBlqet90bN2JRgv10=,IsMsvNDvgKWoTlFBSgHoygcv06M=
226,121,sdpYaUHIeqgBlqet90bN2JRgv10=,IsMsvNDvgKWoTlFBSgHoygcv06M=
225,121,sdpYaUHIeqgBlqet90bN2JRgv10=,IsMsvNDvgKWoTlFBSgHoygcv06M=
231,126,sdpYaUHIeqgBlqet90bN2JRgv10=,IsMsvNDvgKWoTlFBSgHoygcv06M=
229,126,sdpYaUHIeqgBlqet90bN2JRgv10=,IsMsvNDvgKWoTlFBSgHoygcv06M=
230,126,sdpYaUHIeqgBlqet90bN2JRgv10=,IsMsvNDvgKWoTlFBSgHoygcv06M=
228,126,sdpYaUHIeqgBlqet90bN2JRgv10=,IsMsvNDvgKWoTlFBSgHoygcv06M=
227,126,sdpYaUHIeqgBlqet90bN2JRgv10=,IsMsvNDvgKWoTlFBSgHoygcv06M=
226,126,sdpYaUHIeqgBlqet90bN2JRgv10=,IsMsvNDvgKWoTlFBSgHoygcv06M=
225,126,sdpYaUHIeqgBlqet90bN2JRgv10=,IsMsvNDvgKWoTlFBSgHoygcv06M=
230,125,sdpYaUHIeqgBlqet90bN2JRgv10=,IsMsvNDvgKWoTlFBSgHoygcv06M=
229,125,sdpYaUHIeqgBlqet90bN2JRgv10=,IsMsvNDvgKWoTlFBSgHoygcv06M=
231,125,sdpYaUHIeqgBlqet90bN2JRgv10=,IsMsvNDvgKWoTlFBSgHoygcv06M=
228,125,sdpYaUHIeqgBlqet90bN2JRgv10=,IsMsvNDvgKWoTlFBSgHoygcv06M=
226,125,sdpYaUHIeqgBlqet90bN2JRgv10=,IsMsvNDvgKWoTlFBSgHoygcv06M=
227,125,sdpYaUHIeqgBlqet90bN2JRgv10=,IsMsvNDvgKWoTlFBSgHoygcv06M=
225,125,sdpYaUHIeqgBlqet90bN2JRgv10=,IsMsvNDvgKWoTlFBSgHoygcv06M=
231,124,sdpYaUHIeqgBlqet90bN2JRgv10=,IsMsvNDvgKWoTlFBSgHoygcv06M=
230,124,sdpYaUHIeqgBlqet90bN2JRgv10=,IsMsvNDvgKWoTlFBSgHoygcv06M=
229,124,sdpYaUHIeqgBlqet90bN2JRgv10=,IsMsvNDvgKWoTlFBSgHoygcv06M=
228,124,sdpYaUHIeqgBlqet90bN2JRgv10=,IsMsvNDvgKWoTlFBSgHoygcv06M=
227,124,sdpYaUHIeqgBlqet90bN2JRgv10=,IsMsvNDvgKWoTlFBSgHoygcv06M=
226,124,sdpYaUHIeqgBlqet90bN2JRgv10=,IsMsvNDvgKWoTlFBSgHoygcv06M=
225,124,sdpYaUHIeqgBlqet90bN2JRgv10=,IsMsvNDvgKWoTlFBSgHoygcv06M=
231,123,sdpYaUHIeqgBlqet90bN2JRgv10=,IsMsvNDvgKWoTlFBSgHoygcv06M=
230,123,sdpYaUHIeqgBlqet90bN2JRgv10=,IsMsvNDvgKWoTlFBSgHoygcv06M=
229,123,sdpYaUHIeqgBlqet90bN2JRgv10=,IsMsvNDvgKWoTlFBSgHoygcv06M=
227,123,sdpYaUHIeqgBlqet90bN2JRgv10=,IsMsvNDvgKWoTlFBSgHoygcv06M=
228,123,sdpYaUHIeqgBlqet90bN2JRgv10=,IsMsvNDvgKWoTlFBSgHoygcv06M=
226,123,sdpYaUHIeqgBlqet90bN2JRgv10=,IsMsvNDvgKWoTlFBSgHoygcv06M=
231,122,sdpYaUHIeqgBlqet90bN2JRgv10=,IsMsvNDvgKWoTlFBSgHoygcv06M=
230,122,sdpYaUHIeqgBlqet90bN2JRgv10=,IsMsvNDvgKWoTlFBSgHoygcv06M=
229,122,sdpYaUHIeqgBlqet90bN2JRgv10=,IsMsvNDvgKWoTlFBSgHoygcv06M=
225,123,sdpYaUHIeqgBlqet90bN2JRgv10=,IsMsvNDvgKWoTlFBSgHoygcv06M=
228,122,sdpYaUHIeqgBlqet90bN2JRgv10=,IsMsvNDvgKWoTlFBSgHoygcv06M=
224,127,sdpYaUHIeqgBlqet90bN2JRgv10=,IsMsvNDvgKWoTlFBSgHoygcv06M=
225,115,sdpYaUHIeqgBlqet90bN2JRgv10=,tbN4V106CFG4kQImaRxrKm92DyQ=
224,116,sdpYaUHIeqgBlqet90bN2JRgv10=,tbN4V106CFG4kQImaRxrKm92DyQ=
225,113,sdpYaUHIeqgBlqet90bN2JRgv10=,tbN4V106CFG4kQImaRxrKm92DyQ=
224,115,sdpYaUHIeqgBlqet90bN2JRgv10=,tbN4V106CFG4kQImaRxrKm92DyQ=
225,112,sdpYaUHIeqgBlqet90bN2JRgv10=,tbN4V106CFG4kQImaRxrKm92DyQ=
225,114,sdpYaUHIeqgBlqet90bN2JRgv10=,tbN4V106CFG4kQImaRxrKm92DyQ=
224,114,sdpYaUHIeqgBlqet90bN2JRgv10=,tbN4V106CFG4kQImaRxrKm92DyQ=
224,112,sdpYaUHIeqgBlqet90bN2JRgv10=,tbN4V106CFG4kQImaRxrKm92DyQ=
224,113,sdpYaUHIeqgBlqet90bN2JRgv10=,tbN4V106CFG4kQImaRxrKm92DyQ=
249,102,17DDh0nUj398Z/y/wWcfeCMynrE=,IsK1CfQsZVLNq/ulf4Vgac1qPTY=
254,101,Y9CVYHoqp7PnGrhhpIODlPPkfAY=,IsK1CfQsZVLNq/ulf4Vgac1qPTY=
253,101,Y9CVYHoqp7PnGrhhpIODlPPkfAY=,IsK1CfQsZVLNq/ulf4Vgac1qPTY=
252,101,Y9CVYHoqp7PnGrhhpIODlPPkfAY=,IsK1CfQsZVLNq/ulf4Vgac1qPTY=
251,101,Y9CVYHoqp7PnGrhhpIODlPPkfAY=,IsK1CfQsZVLNq/ulf4Vgac1qPTY=
250,101,Y9CVYHoqp7PnGrhhpIODlPPkfAY=,IsK1CfQsZVLNq/ulf4Vgac1qPTY=
249,101,Y9CVYHoqp7PnGrhhpIODlPPkfAY=,IsK1CfQsZVLNq/ulf4Vgac1qPTY=
254,100,Y9CVYHoqp7PnGrhhpIODlPPkfAY=,IsK1CfQsZVLNq/ulf4Vgac1qPTY=
253,100,Y9CVYHoqp7PnGrhhpIODlPPkfAY=,IsK1CfQsZVLNq/ulf4Vgac1qPTY=
248,102,Y9CVYHoqp7PnGrhhpIODlPPkfAY=,IsK1CfQsZVLNq/ulf4Vgac1qPTY=
244,101,Y9CVYHoqp7PnGrhhpIODlPPkfAY=,SDxuZNepDoC4iub4VjUUwOgt/AU=
245,101,Y9CVYHoqp7PnGrhhpIODlPPkfAY=,SDxuZNepDoC4iub4VjUUwOgt/AU=
242,100,Y9CVYHoqp7PnGrhhpIODlPPkfAY=,SDxuZNepDoC4iub4VjUUwOgt/AU=
244,102,Y9CVYHoqp7PnGrhhpIODlPPkfAY=,SDxuZNepDoC4iub4VjUUwOgt/AU=
241,98,Y9CVYHoqp7PnGrhhpIODlPPkfAY=,SDxuZNepDoC4iub4VjUUwOgt/AU=
243,100,Y9CVYHoqp7PnGrhhpIODlPPkfAY=,SDxuZNepDoC4iub4VjUUwOgt/AU=
242,98,Y9CVYHoqp7PnGrhhpIODlPPkfAY=,SDxuZNepDoC4iub4VjUUwOgt/AU=
241,99,Y9CVYHoqp7PnGrhhpIODlPPkfAY=,SDxuZNepDoC4iub4VjUUwOgt/AU=
243,98,Y9CVYHoqp7PnGrhhpIODlPPkfAY=,SDxuZNepDoC4iub4VjUUwOgt/AU=
242,99,Y9CVYHoqp7PnGrhhpIODlPPkfAY=,SDxuZNepDoC4iub4VjUUwOgt/AU=
243,99,Y9CVYHoqp7PnGrhhpIODlPPkfAY=,SDxuZNepDoC4iub4VjUUwOgt/AU=
244,99,Y9CVYHoqp7PnGrhhpIODlPPkfAY=,SDxuZNepDoC4iub4VjUUwOgt/AU=
245,102,Y9CVYHoqp7PnGrhhpIODlPPkfAY=,SDxuZNepDoC4iub4VjUUwOgt/AU=
246,102,Y9CVYHoqp7PnGrhhpIODlPPkfAY=,SDxuZNepDoC4iub4VjUUwOgt/AU=
247,102,Y9CVYHoqp7PnGrhhpIODlPPkfAY=,SDxuZNepDoC4iub4VjUUwOgt/AU=
245,99,Y9CVYHoqp7PnGrhhpIODlPPkfAY=,SDxuZNepDoC4iub4VjUUwOgt/AU=
241,97,Y9CVYHoqp7PnGrhhpIODlPPkfAY=,SDxuZNepDoC4iub4VjUUwOgt/AU=
248,97,Y9CVYHoqp7PnGrhhpIODlPPkfAY=,IsK1CfQsZVLNq/ulf4Vgac1qPTY=
242,97,Y9CVYHoqp7PnGrhhpIODlPPkfAY=,SDxuZNepDoC4iub4VjUUwOgt/AU=
244,98,Y9CVYHoqp7PnGrhhpIODlPPkfAY=,SDxuZNepDoC4iub4VjUUwOgt/AU=
248,98,Y9CVYHoqp7PnGrhhpIODlPPkfAY=,IsK1CfQsZVLNq/ulf4Vgac1qPTY=
246,98,Y9CVYHoqp7PnGrhhpIODlPPkfAY=,SDxuZNepDoC4iub4VjUUwOgt/AU=
245,98,Y9CVYHoqp7PnGrhhpIODlPPkfAY=,SDxuZNepDoC4iub4VjUUwOgt/AU=
248,99,Y9CVYHoqp7PnGrhhpIODlPPkfAY=,IsK1CfQsZVLNq/ulf4Vgac1qPTY=
247,98,Y9CVYHoqp7PnGrhhpIODlPPkfAY=,SDxuZNepDoC4iub4VjUUwOgt/AU=
246,99,Y9CVYHoqp7PnGrhhpIODlPPkfAY=,SDxuZNepDoC4iub4VjUUwOgt/AU=
244,100,Y9CVYHoqp7PnGrhhpIODlPPkfAY=,SDxuZNepDoC4iub4VjUUwOgt/AU=
245,100,Y9CVYHoqp7PnGrhhpIODlPPkfAY=,SDxuZNepDoC4iub4VjUUwOgt/AU=
246,100,Y9CVYHoqp7PnGrhhpIODlPPkfAY=,SDxuZNepDoC4iub4VjUUwOgt/AU=
247,100,Y9CVYHoqp7PnGrhhpIODlPPkfAY=,SDxuZNepDoC4iub4VjUUwOgt/AU=
243,97,Y9CVYHoqp7PnGrhhpIODlPPkfAY=,SDxuZNepDoC4iub4VjUUwOgt/AU=
241,101,Y9CVYHoqp7PnGrhhpIODlPPkfAY=,SDxuZNepDoC4iub4VjUUwOgt/AU=
242,101,Y9CVYHoqp7PnGrhhpIODlPPkfAY=,SDxuZNepDoC4iub4VjUUwOgt/AU=
244,97,Y9CVYHoqp7PnGrhhpIODlPPkfAY=,SDxuZNepDoC4iub4VjUUwOgt/AU=
246,101,Y9CVYHoqp7PnGrhhpIODlPPkfAY=,SDxuZNepDoC4iub4VjUUwOgt/AU=
245,97,Y9CVYHoqp7PnGrhhpIODlPPkfAY=,SDxuZNepDoC4iub4VjUUwOgt/AU=
248,100,Y9CVYHoqp7PnGrhhpIODlPPkfAY=,IsK1CfQsZVLNq/ulf4Vgac1qPTY=
247,101,Y9CVYHoqp7PnGrhhpIODlPPkfAY=,SDxuZNepDoC4iub4VjUUwOgt/AU=
247,99,Y9CVYHoqp7PnGrhhpIODlPPkfAY=,SDxuZNepDoC4iub4VjUUwOgt/AU=
241,102,Y9CVYHoqp7PnGrhhpIODlPPkfAY=,SDxuZNepDoC4iub4VjUUwOgt/AU=
241,100,Y9CVYHoqp7PnGrhhpIODlPPkfAY=,SDxuZNepDoC4iub4VjUUwOgt/AU=
246,97,Y9CVYHoqp7PnGrhhpIODlPPkfAY=,SDxuZNepDoC4iub4VjUUwOgt/AU=
242,102,Y9CVYHoqp7PnGrhhpIODlPPkfAY=,SDxuZNepDoC4iub4VjUUwOgt/AU=
248,101,Y9CVYHoqp7PnGrhhpIODlPPkfAY=,IsK1CfQsZVLNq/ulf4Vgac1qPTY=
243,102,Y9CVYHoqp7PnGrhhpIODlPPkfAY=,SDxuZNepDoC4iub4VjUUwOgt/AU=
247,97,Y9CVYHoqp7PnGrhhpIODlPPkfAY=,SDxuZNepDoC4iub4VjUUwOgt/AU=
249,103,Y9CVYHoqp7PnGrhhpIODlPPkfAY=,IsK1CfQsZVLNq/ulf4Vgac1qPTY=
250,103,Y9CVYHoqp7PnGrhhpIODlPPkfAY=,IsK1CfQsZVLNq/ulf4Vgac1qPTY=
243,101,Y9CVYHoqp7PnGrhhpIODlPPkfAY=,SDxuZNepDoC4iub4VjUUwOgt/AU=
252,103,Y9CVYHoqp7PnGrhhpIODlPPkfAY=,IsK1CfQsZVLNq/ulf4Vgac1qPTY=
251,103,Y9CVYHoqp7PnGrhhpIODlPPkfAY=,IsK1CfQsZVLNq/ulf4Vgac1qPTY=
254,103,Y9CVYHoqp7PnGrhhpIODlPPkfAY=,IsK1CfQsZVLNq/ulf4Vgac1qPTY=
253,103,Y9CVYHoqp7PnGrhhpIODlPPkfAY=,IsK1CfQsZVLNq/ulf4Vgac1qPTY=
255,102,Y9CVYHoqp7PnGrhhpIODlPPkfAY=,IsK1CfQsZVLNq/ulf4Vgac1qPTY=
255,103,Y9CVYHoqp7PnGrhhpIODlPPkfAY=,IsK1CfQsZVLNq/ulf4Vgac1qPTY=
255,98,Y9CVYHoqp7PnGrhhpIODlPPkfAY=,IsK1CfQsZVLNq/ulf4Vgac1qPTY=
255,99,Y9CVYHoqp7PnGrhhpIODlPPkfAY=,IsK1CfQsZVLNq/ulf4Vgac1qPTY=
255,100,Y9CVYHoqp7PnGrhhpIODlPPkfAY=,IsK1CfQsZVLNq/ulf4Vgac1qPTY=
255,101,Y9CVYHoqp7PnGrhhpIODlPPkfAY=,IsK1CfQsZVLNq/ulf4Vgac1qPTY=
255,97,Y9CVYHoqp7PnGrhhpIODlPPkfAY=,IsK1CfQsZVLNq/ulf4Vgac1qPTY=
250,96,Y9CVYHoqp7PnGrhhpIODlPPkfAY=,IsK1CfQsZVLNq/ulf4Vgac1qPTY=
249,96,Y9CVYHoqp7PnGrhhpIODlPPkfAY=,IsK1CfQsZVLNq/ulf4Vgac1qPTY=
251,96,Y9CVYHoqp7PnGrhhpIODlPPkfAY=,IsK1CfQsZVLNq/ulf4Vgac1qPTY=
252,96,Y9CVYHoqp7PnGrhhpIODlPPkfAY=,IsK1CfQsZVLNq/ulf4Vgac1qPTY=
244,103,Y9CVYHoqp7PnGrhhpIODlPPkfAY=,SDxuZNepDoC4iub4VjUUwOgt/AU=
254,96,Y9CVYHoqp7PnGrhhpIODlPPkfAY=,IsK1CfQsZVLNq/ulf4Vgac1qPTY=
253,96,Y9CVYHoqp7PnGrhhpIODlPPkfAY=,IsK1CfQsZVLNq/ulf4Vgac1qPTY=
245,103,Y9CVYHoqp7PnGrhhpIODlPPkfAY=,SDxuZNepDoC4iub4VjUUwOgt/AU=
247,103,Y9CVYHoqp7PnGrhhpIODlPPkfAY=,SDxuZNepDoC4iub4VjUUwOgt/AU=
246,103,Y9CVYHoqp7PnGrhhpIODlPPkfAY=,SDxuZNepDoC4iub4VjUUwOgt/AU=
248,103,Y9CVYHoqp7PnGrhhpIODlPPkfAY=,IsK1CfQsZVLNq/ulf4Vgac1qPTY=
242,103,Y9CVYHoqp7PnGrhhpIODlPPkfAY=,SDxuZNepDoC4iub4VjUUwOgt/AU=
241,103,Y9CVYHoqp7PnGrhhpIODlPPkfAY=,SDxuZNepDoC4iub4VjUUwOgt/AU=
243,103,Y9CVYHoqp7PnGrhhpIODlPPkfAY=,SDxuZNepDoC4iub4VjUUwOgt/AU=
252,100,Y9CVYHoqp7PnGrhhpIODlPPkfAY=,IsK1CfQsZVLNq/ulf4Vgac1qPTY=
251,100,Y9CVYHoqp7PnGrhhpIODlPPkfAY=,IsK1CfQsZVLNq/ulf4Vgac1qPTY=
250,100,Y9CVYHoqp7PnGrhhpIODlPPkfAY=,IsK1CfQsZVLNq/ulf4Vgac1qPTY=
254,99,Y9CVYHoqp7PnGrhhpIODlPPkfAY=,IsK1CfQsZVLNq/ulf4Vgac1qPTY=
249,100,Y9CVYHoqp7PnGrhhpIODlPPkfAY=,IsK1CfQsZVLNq/ulf4Vgac1qPTY=
253,99,Y9CVYHoqp7PnGrhhpIODlPPkfAY=,IsK1CfQsZVLNq/ulf4Vgac1qPTY=
252,99,Y9CVYHoqp7PnGrhhpIODlPPkfAY=,IsK1CfQsZVLNq/ulf4Vgac1qPTY=
251,99,Y9CVYHoqp7PnGrhhpIODlPPkfAY=,IsK1CfQsZVLNq/ulf4Vgac1qPTY=
250,99,Y9CVYHoqp7PnGrhhpIODlPPkfAY=,IsK1CfQsZVLNq/ulf4Vgac1qPTY=
249,99,Y9CVYHoqp7PnGrhhpIODlPPkfAY=,IsK1CfQsZVLNq/ulf4Vgac1qPTY=
254,98,Y9CVYHoqp7PnGrhhpIODlPPkfAY=,IsK1CfQsZVLNq/ulf4Vgac1qPTY=
253,98,Y9CVYHoqp7PnGrhhpIODlPPkfAY=,IsK1CfQsZVLNq/ulf4Vgac1qPTY=
252,98,Y9CVYHoqp7PnGrhhpIODlPPkfAY=,IsK1CfQsZVLNq/ulf4Vgac1qPTY=
250,98,Y9CVYHoqp7PnGrhhpIODlPPkfAY=,IsK1CfQsZVLNq/ulf4Vgac1qPTY=
249,98,Y9CVYHoqp7PnGrhhpIODlPPkfAY=,IsK1CfQsZVLNq/ulf4Vgac1qPTY=
251,98,Y9CVYHoqp7PnGrhhpIODlPPkfAY=,IsK1CfQsZVLNq/ulf4Vgac1qPTY=
253,97,Y9CVYHoqp7PnGrhhpIODlPPkfAY=,IsK1CfQsZVLNq/ulf4Vgac1qPTY=
254,97,Y9CVYHoqp7PnGrhhpIODlPPkfAY=,IsK1CfQsZVLNq/ulf4Vgac1qPTY=
252,97,Y9CVYHoqp7PnGrhhpIODlPPkfAY=,IsK1CfQsZVLNq/ulf4Vgac1qPTY=
250,97,Y9CVYHoqp7PnGrhhpIODlPPkfAY=,IsK1CfQsZVLNq/ulf4Vgac1qPTY=
249,97,Y9CVYHoqp7PnGrhhpIODlPPkfAY=,IsK1CfQsZVLNq/ulf4Vgac1qPTY=
254,102,Y9CVYHoqp7PnGrhhpIODlPPkfAY=,IsK1CfQsZVLNq/ulf4Vgac1qPTY=
251,97,Y9CVYHoqp7PnGrhhpIODlPPkfAY=,IsK1CfQsZVLNq/ulf4Vgac1qPTY=
253,102,Y9CVYHoqp7PnGrhhpIODlPPkfAY=,IsK1CfQsZVLNq/ulf4Vgac1qPTY=
252,102,Y9CVYHoqp7PnGrhhpIODlPPkfAY=,IsK1CfQsZVLNq/ulf4Vgac1qPTY=
251,102,Y9CVYHoqp7PnGrhhpIODlPPkfAY=,IsK1CfQsZVLNq/ulf4Vgac1qPTY=
255,96,Y9CVYHoqp7PnGrhhpIODlPPkfAY=,IsK1CfQsZVLNq/ulf4Vgac1qPTY=
240,102,Y9CVYHoqp7PnGrhhpIODlPPkfAY=,SDxuZNepDoC4iub4VjUUwOgt/AU=
250,102,Y9CVYHoqp7PnGrhhpIODlPPkfAY=,IsK1CfQsZVLNq/ulf4Vgac1qPTY=
240,99,Y9CVYHoqp7PnGrhhpIODlPPkfAY=,SDxuZNepDoC4iub4VjUUwOgt/AU=
240,98,Y9CVYHoqp7PnGrhhpIODlPPkfAY=,SDxuZNepDoC4iub4VjUUwOgt/AU=
240,103,Y9CVYHoqp7PnGrhhpIODlPPkfAY=,SDxuZNepDoC4iub4VjUUwOgt/AU=
240,101,Y9CVYHoqp7PnGrhhpIODlPPkfAY=,SDxuZNepDoC4iub4VjUUwOgt/AU=
240,100,Y9CVYHoqp7PnGrhhpIODlPPkfAY=,SDxuZNepDoC4iub4VjUUwOgt/AU=
248,96,Y9CVYHoqp7PnGrhhpIODlPPkfAY=,IsK1CfQsZVLNq/ulf4Vgac1qPTY=
244,96,Y9CVYHoqp7PnGrhhpIODlPPkfAY=,SDxuZNepDoC4iub4VjUUwOgt/AU=
246,96,Y9CVYHoqp7PnGrhhpIODlPPkfAY=,SDxuZNepDoC4iub4VjUUwOgt/AU=
247,96,Y9CVYHoqp7PnGrhhpIODlPPkfAY=,SDxuZNepDoC4iub4VjUUwOgt/AU=
243,96,Y9CVYHoqp7PnGrhhpIODlPPkfAY=,SDxuZNepDoC4iub4VjUUwOgt/AU=
245,96,Y9CVYHoqp7PnGrhhpIODlPPkfAY=,SDxuZNepDoC4iub4VjUUwOgt/AU=
240,97,Y9CVYHoqp7PnGrhhpIODlPPkfAY=,SDxuZNepDoC4iub4VjUUwOgt/AU=
240,96,Y9CVYHoqp7PnGrhhpIODlPPkfAY=,SDxuZNepDoC4iub4VjUUwOgt/AU=
241,96,Y9CVYHoqp7PnGrhhpIODlPPkfAY=,SDxuZNepDoC4iub4VjUUwOgt/AU=
242,96,Y9CVYHoqp7PnGrhhpIODlPPkfAY=,SDxuZNepDoC4iub4VjUUwOgt/AU=
